"","Name","Location","Tags","Type","Source Zone","Source Address","Source User","Source Device","Destination Zone","Destination Address","Destination Device","Application","Service","Action","Profile","Options","Target"
"1","STD_MGMT_TO_INSIDE_1033","Shared","none","universal","mgmt","APP-SRV-02","any","any","inside","MGMT-JUMPBOX-01","any","voip-generic","application-default","Allow","strict","","any"
"2","STD_AD_TO_OUTSIDE_3512","Shared","standard","universal","ad","IOT-GATEWAY-01","any","any","outside","9.9.9.9/32","any","ssl","application-default","Allow","strict","","any"
"3","STD_IOT_TO_DMZ_3967","Shared","app-team","universal","iot","VOIP-PBX-01","any","any","dmz","FILE-SRV-01","any","smtp","application-default","Allow","strict","","any"
"4","STD_INSIDE_TO_IOT_1820","Shared","app-team","universal","inside","DC-01","any","any","iot","WEB-SRV-01","any","sip","application-default","Allow","strict","","any"
"5","OPEN_OUTSIDE_TO_APP-SERVERS-G_63","Shared","none","universal","outside","any","any","any","server","APP-SERVERS-G","any","ms-ds-smb","application-default","Allow","none","","any"
"6","STD_OUTSIDE_TO_SERVER_598","Shared","app-team","universal","outside","any","any","any","server","DC-01","any","sip","application-default","Allow","strict","","any"
"7","STD_SERVER_TO_OUTSIDE_3235","Shared","none","universal","server","WORKSTATIONS-FLOOR1","any","any","outside","1.1.1.1/32","any","web-browsing","application-default","Allow","strict","","any"
"8","STD_OUTSIDE_TO_IOT_2456","Shared","none","universal","outside","any","any","any","iot","APP-SRV-01","any","ping","application-default","Allow","strict","","any"
"9","SCOPED_INTERNAL_MGMT_TO_VOIP_0","Shared","standard","universal","mgmt","WORKSTATIONS-FLOOR1","any","any","voip","DB-SRV-01","any","mqtt","application-default","Allow","strict","","any"
"10","STD_AD_TO_MGMT_3427","Shared","none","universal","ad","WORKSTATIONS-FLOOR2","any","any","mgmt","MGMT-JUMPBOX-01","any","sip","application-default","Allow","strict","","any"
"11","OPEN_OUTSIDE_TO_APP-SERVERS-G_146","Shared","none","universal","outside","any","any","any","server","APP-SERVERS-G","any","ssh","application-default","Allow","none","","any"
"12","STD_OUTSIDE_TO_IOT_1454","Shared","none","universal","outside","any","any","any","iot","WORKSTATIONS-FLOOR1","any","ping","application-default","Allow","strict","","any"
"13","STD_POS_TO_OUTSIDE_499","Shared","none","universal","pos","VOIP-PBX-01","any","any","outside","1.1.1.1/32","any","smtp","application-default","Allow","none","","any"
"14","SCOPED_INTERNAL_INSIDE_TO_IOT_93","Shared","standard","universal","inside","WORKSTATIONS-FLOOR1","any","any","iot","FILE-SRV-01","any","smtp","application-default","Allow","strict","","any"
"15","STD_MGMT_TO_INSIDE_429","Shared","standard","universal","mgmt","WEB-SRV-01","any","any","inside","APP-SRV-01","any","smtp","application-default","Allow","strict","","any"
"16","STD_VOIP_TO_IOT_1206","Shared","app-team","universal","voip","DC-01","any","any","iot","APP-SRV-01","any","web-browsing","application-default","Allow","strict","","any"
"17","STD_VOIP_TO_SERVER_712","Shared","standard","universal","voip","IOT-GATEWAY-01","any","any","server","IOT-GATEWAY-01","any","mqtt","application-default","Allow","strict","","any"
"18","STD_IOT_TO_MGMT_1963","Shared","app-team","universal","iot","API-GATEWAY-01","any","any","mgmt","DC-01","any","ntp","application-default","Allow","strict","","any"
"19","STD_DMZ_TO_IOT_3534","Shared","standard","universal","dmz","DB-SRV-01","any","any","iot","APP-SRV-01","any","ping","application-default","Allow","none","","any"
"20","STD_INSIDE_TO_IOT_402","Shared","app-team","universal","inside","APP-SRV-02","any","any","iot","API-GATEWAY-01","any","web-browsing","application-default","Allow","strict","","any"
"21","STD_POS_TO_DMZ_3912","Shared","app-team","universal","pos","MGMT-JUMPBOX-01","any","any","dmz","FILE-SRV-01","any","sip","application-default","Allow","strict","","any"
"22","STD_POS_TO_DMZ_2972","Shared","standard","universal","pos","WORKSTATIONS-FLOOR1","any","any","dmz","WEB-SRV-02","any","voip-generic","application-default","Allow","strict","","any"
"23","STD_VOIP_TO_SERVER_703","Shared","none","universal","voip","WORKSTATIONS-FLOOR2","any","any","server","DC-01","any","web-browsing","application-default","Allow","none","","any"
"24","STD_IOT_TO_MGMT_3800","Shared","none","universal","iot","VOIP-PBX-01","any","any","mgmt","IOT-GATEWAY-01","any","snmp-base","application-default","Allow","none","","any"
"25","STD_IOT_TO_AD_172","Shared","app-team","universal","iot","WEB-SRV-01","any","any","ad","IOT-GATEWAY-01","any","web-browsing","application-default","Allow","strict","","any"
"26","STD_VOIP_TO_OUTSIDE_2741","Shared","standard","universal","voip","API-GATEWAY-01","any","any","outside","8.8.8.8/32","any","ntp","application-default","Allow","strict","","any"
"27","STD_INSIDE_TO_VOIP_586","Shared","app-team","universal","inside","IOT-GATEWAY-01","any","any","voip","FILE-SRV-01","any","ssl","application-default","Allow","none","","any"
"28","DNS_OUTBOUND_28","Shared","none","universal","mgmt","APP-SRV-01","any","any","outside","8.8.8.8/32","any","dns","application-default","Allow","strict","","any"
"29","STD_VOIP_TO_INSIDE_2375","Shared","none","universal","voip","WORKSTATIONS-FLOOR2","any","any","inside","WORKSTATIONS-FLOOR1","any","ntp","application-default","Allow","strict","","any"
"30","OPEN_OUTSIDE_TO_MGMT-HOSTS-G_130","Shared","none","universal","outside","any","any","any","server","MGMT-HOSTS-G","any","ms-rdp","any","Allow","none","","any"
"31","SCOPED_PARTNER_TO_WEB-SRV-01_33","Shared","partner-integration","universal","outside","PARTNER-VENDOR-B","any","any","dmz","WEB-SRV-01","any","ssl","application-default","Allow","strict","","any"
"32","RISKY_OUTSIDE_TO_APP-SRV-01_38","Shared","remote-access","universal","outside","any","any","any","server","APP-SRV-01","any","splashtop","application-default","Allow","none","","any"
"33","STD_SERVER_TO_MGMT_1925","Shared","app-team","universal","server","IOT-GATEWAY-01","any","any","mgmt","DC-01","any","snmp-base","application-default","Allow","strict","","any"
"34","STD_SERVER_TO_AD_155","Shared","standard","universal","server","WORKSTATIONS-FLOOR1","any","any","ad","FILE-SRV-01","any","mqtt","application-default","Allow","none","","any"
"35","STD_MGMT_TO_INSIDE_2466","Shared","app-team","universal","mgmt","WORKSTATIONS-FLOOR2","any","any","inside","DB-SRV-01","any","dns","application-default","Allow","none","","any"
"36","STD_VOIP_TO_DMZ_2915","Shared","none","universal","voip","DC-01","any","any","dmz","APP-SRV-01","any","dns","application-default","Allow","none","","any"
"37","STD_SERVER_TO_VOIP_811","Shared","standard","universal","server","WEB-SRV-01","any","any","voip","DB-SRV-01","any","ssl","application-default","Allow","strict","","any"
"38","DUPLICATE_NAME_TEST","Shared","none","universal","outside","any","any","any","dmz","WEB-SRV-01","any","ssl","application-default","Allow","strict","","any"
"39","BROAD_INTERNAL_POS_TO_INSIDE_36","Shared","internal","universal","pos","any","any","any","inside","any","any","any","any","Allow","none","","any"
"40","STD_DMZ_TO_POS_53","Shared","app-team","universal","dmz","DB-SRV-01","any","any","pos","APP-SRV-01","any","sip","application-default","Allow","none","","any"
"41","STD_VOIP_TO_POS_3805","Shared","none","universal","voip","WEB-SRV-01","any","any","pos","VOIP-PBX-01","any","snmp-base","application-default","Allow","strict","","any"
"42","VOIP_TO_DC_25","Shared","ad-auth","universal","voip","any","any","any","ad","DOMAIN-CONTROLLERS-G","any","ms-ds-smb","application-default","Allow","none","","any"
"43","STD_SERVER_TO_OUTSIDE_328","Shared","app-team","universal","server","WEB-SRV-01","any","any","outside","8.8.8.8/32","any","ping","application-default","Allow","none","","any"
"44","STD_IOT_TO_VOIP_3140","Shared","standard","universal","iot","WEB-SRV-02","any","any","voip","FILE-SRV-01","any","sip","application-default","Allow","strict","","any"
"45","BROAD_INTERNAL_VOIP_TO_AD_17","Shared","internal","universal","voip","any","any","any","ad","any","any","any","any","Allow","none","","any"
"46","OUTBOUND_SCOPED_9","Shared","outbound-standard","universal","inside","WORKSTATIONS-FLOOR1","any","any","outside","VPN-CLIENT-RANGE","any","smtp","application-default","Allow","strict","","any"
"47","STD_POS_TO_MGMT_3292","Shared","none","universal","pos","APP-SRV-02","any","any","mgmt","FILE-SRV-01","any","voip-generic","application-default","Allow","strict","","any"
"48","STD_DMZ_TO_POS_547","Shared","standard","universal","dmz","WEB-SRV-02","any","any","pos","FILE-SRV-01","any","ping","application-default","Allow","strict","","any"
"49","SCOPED_NO_PROFILE_3","Shared","partner-integration","universal","outside","PARTNER-VENDOR-A","any","any","dmz","API-GATEWAY-01","any","ssl","application-default","Allow","none","","any"
"50","STD_POS_TO_OUTSIDE_670","Shared","app-team","universal","pos","API-GATEWAY-01","any","any","outside","8.8.8.8/32","any","dns","application-default","Allow","none","","any"
"51","OPEN_OUTSIDE_TO_WEB-SERVERS-G_12","Shared","none","universal","outside","any","any","any","dmz","WEB-SERVERS-G","any","any","application-default","Allow","none","","any"
"52","STD_INSIDE_TO_IOT_2517","Shared","none","universal","inside","APP-SRV-01","any","any","iot","VOIP-PBX-01","any","dns","application-default","Allow","none","","any"
"53","STD_INSIDE_TO_POS_2523","Shared","standard","universal","inside","VOIP-PBX-01","any","any","pos","APP-SRV-01","any","sip","application-default","Allow","strict","","any"
"54","STD_IOT_TO_VOIP_2057","Shared","none","universal","iot","APP-SRV-02","any","any","voip","FILE-SRV-01","any","mqtt","application-default","Allow","strict","","any"
"55","STD_OUTSIDE_TO_DMZ_2666","Shared","standard","universal","outside","any","any","any","dmz","VOIP-PBX-01","any","smtp","application-default","Allow","none","","any"
"56","STD_IOT_TO_OUTSIDE_2071","Shared","none","universal","iot","APP-SRV-02","any","any","outside","1.1.1.1/32","any","ntp","application-default","Allow","none","","any"
"57","BROAD_INTERNAL_POS_TO_INSIDE_77","Shared","internal","universal","pos","any","any","any","inside","any","any","any","any","Allow","none","","any"
"58","STD_MGMT_TO_VOIP_47","Shared","none","universal","mgmt","VOIP-PBX-01","any","any","voip","MGMT-JUMPBOX-01","any","ping","application-default","Allow","strict","","any"
"59","STD_SERVER_TO_POS_833","Shared","app-team","universal","server","WEB-SRV-01","any","any","pos","API-GATEWAY-01","any","smtp","application-default","Allow","strict","","any"
"60","BROAD_INTERNAL_VOIP_TO_INSIDE_54","Shared","internal","universal","voip","any","any","any","inside","any","any","any","any","Allow","none","","any"
"61","STD_SERVER_TO_MGMT_619","Shared","none","universal","server","WORKSTATIONS-FLOOR2","any","any","mgmt","APP-SRV-01","any","ssl","application-default","Allow","none","","any"
"62","DNS_OUTBOUND_8","Shared","none","universal","inside","MGMT-JUMPBOX-01","any","any","outside","1.1.1.1/32","any","any","application-default","Allow","strict","","any"
"63","STD_VOIP_TO_OUTSIDE_921","Shared","standard","universal","voip","MGMT-JUMPBOX-01","any","any","outside","8.8.8.8/32","any","ping","application-default","Allow","strict","","any"
"64","STD_SERVER_TO_AD_865","Shared","app-team","universal","server","IOT-GATEWAY-01","any","any","ad","IOT-GATEWAY-01","any","smtp","application-default","Allow","none","","any"
"65","STD_MGMT_TO_OUTSIDE_1825","Shared","standard","universal","mgmt","DC-01","any","any","outside","8.8.8.8/32","any","ssl","application-default","Allow","none","","any"
"66","STD_VOIP_TO_MGMT_3823","Shared","standard","universal","voip","IOT-GATEWAY-01","any","any","mgmt","DB-SRV-01","any","mqtt","application-default","Allow","strict","","any"
"67","STD_DMZ_TO_POS_849","Shared","standard","universal","dmz","VOIP-PBX-01","any","any","pos","MGMT-JUMPBOX-01","any","ntp","application-default","Allow","none","","any"
"68","STD_DMZ_TO_IOT_1492","Shared","standard","universal","dmz","APP-SRV-01","any","any","iot","DB-SRV-01","any","voip-generic","application-default","Allow","none","","any"
"69","STD_VOIP_TO_OUTSIDE_1932","Shared","none","universal","voip","APP-SRV-01","any","any","outside","9.9.9.9/32","any","mqtt","application-default","Allow","strict","","any"
"70","STD_MGMT_TO_POS_3495","Shared","none","universal","mgmt","IOT-GATEWAY-01","any","any","pos","DC-01","any","snmp-base","application-default","Allow","none","","any"
"71","STD_POS_TO_MGMT_143","Shared","app-team","universal","pos","APP-SRV-02","any","any","mgmt","DB-SRV-01","any","ntp","application-default","Allow","none","","any"
"72","SCOPED_PARTNER_TO_WEB-SRV-02_25","Shared","partner-integration","universal","outside","THIRD-PARTY-PAYMENT-GW","any","any","dmz","WEB-SRV-02","any","ssl","application-default","Allow","strict","","any"
"73","STD_OUTSIDE_TO_VOIP_616","Shared","none","universal","outside","any","any","any","voip","DB-SRV-01","any","sip","application-default","Allow","none","","any"
"74","STD_MGMT_TO_AD_1990","Shared","standard","universal","mgmt","WORKSTATIONS-FLOOR1","any","any","ad","WEB-SRV-01","any","ssl","application-default","Allow","strict","","any"
"75","STD_MGMT_TO_OUTSIDE_1905","Shared","standard","universal","mgmt","WORKSTATIONS-FLOOR1","any","any","outside","8.8.8.8/32","any","web-browsing","application-default","Allow","none","","any"
"76","STD_VOIP_TO_SERVER_1084","Shared","app-team","universal","voip","DB-SRV-01","any","any","server","DB-SRV-01","any","ping","application-default","Allow","strict","","any"
"77","STD_MGMT_TO_INSIDE_2024","Shared","standard","universal","mgmt","APP-SRV-01","any","any","inside","API-GATEWAY-01","any","dns","application-default","Allow","strict","","any"
"78","STD_POS_TO_DMZ_1094","Shared","app-team","universal","pos","APP-SRV-02","any","any","dmz","API-GATEWAY-01","any","ntp","application-default","Allow","none","","any"
"79","STD_DMZ_TO_OUTSIDE_229","Shared","app-team","universal","dmz","WEB-SRV-02","any","any","outside","1.1.1.1/32","any","mqtt","application-default","Allow","strict","","any"
"80","STD_OUTSIDE_TO_AD_1645","Shared","standard","universal","outside","any","any","any","ad","VOIP-PBX-01","any","voip-generic","application-default","Allow","strict","","any"
"81","STD_POS_TO_SERVER_3356","Shared","none","universal","pos","DB-SRV-01","any","any","server","API-GATEWAY-01","any","snmp-base","application-default","Allow","strict","","any"
"82","STD_VOIP_TO_OUTSIDE_2746","Shared","standard","universal","voip","FILE-SRV-01","any","any","outside","1.1.1.1/32","any","ssl","application-default","Allow","strict","","any"
"83","STD_MGMT_TO_VOIP_3700","Shared","none","universal","mgmt","MGMT-JUMPBOX-01","any","any","voip","WORKSTATIONS-FLOOR2","any","smtp","application-default","Allow","strict","","any"
"84","STD_SERVER_TO_MGMT_115","Shared","app-team","universal","server","WEB-SRV-01","any","any","mgmt","VOIP-PBX-01","any","snmp-base","application-default","Allow","strict","","any"
"85","STD_DMZ_TO_OUTSIDE_2381","Shared","standard","universal","dmz","WORKSTATIONS-FLOOR2","any","any","outside","8.8.8.8/32","any","smtp","application-default","Allow","strict","","any"
"86","STD_OUTSIDE_TO_SERVER_2163","Shared","standard","universal","outside","any","any","any","server","WORKSTATIONS-FLOOR1","any","mqtt","application-default","Allow","strict","","any"
"87","STD_INSIDE_TO_OUTSIDE_1407","Shared","none","universal","inside","APP-SRV-01","any","any","outside","9.9.9.9/32","any","mqtt","application-default","Allow","none","","any"
"88","STD_VOIP_TO_POS_1823","Shared","standard","universal","voip","VOIP-PBX-01","any","any","pos","APP-SRV-01","any","ssl","application-default","Allow","none","","any"
"89","STD_MGMT_TO_OUTSIDE_3413","Shared","app-team","universal","mgmt","APP-SRV-01","any","any","outside","9.9.9.9/32","any","smtp","application-default","Allow","strict","","any"
"90","STD_VOIP_TO_AD_2327","Shared","standard","universal","voip","WEB-SRV-01","any","any","ad","IOT-GATEWAY-01","any","ssl","application-default","Allow","strict","","any"
"91","STD_SERVER_TO_POS_3852","Shared","app-team","universal","server","WEB-SRV-01","any","any","pos","APP-SRV-02","any","smtp","application-default","Allow","none","","any"
"92","STD_INSIDE_TO_MGMT_3261","Shared","app-team","universal","inside","WEB-SRV-01","any","any","mgmt","MGMT-JUMPBOX-01","any","web-browsing","application-default","Allow","none","","any"
"93","STD_INSIDE_TO_OUTSIDE_1713","Shared","none","universal","inside","IOT-GATEWAY-01","any","any","outside","8.8.8.8/32","any","ping","application-default","Allow","none","","any"
"94","STD_INSIDE_TO_AD_709","Shared","app-team","universal","inside","API-GATEWAY-01","any","any","ad","VOIP-PBX-01","any","sip","application-default","Allow","strict","","any"
"95","STD_VOIP_TO_IOT_448","Shared","standard","universal","voip","WORKSTATIONS-FLOOR2","any","any","iot","APP-SRV-02","any","mqtt","application-default","Allow","strict","","any"
"96","STD_VOIP_TO_INSIDE_2980","Shared","standard","universal","voip","IOT-GATEWAY-01","any","any","inside","VOIP-PBX-01","any","ssl","application-default","Allow","strict","","any"
"97","RISKY_OUTSIDE_TO_APP-SRV-01_42","Shared","remote-access","universal","outside","any","any","any","inside","APP-SRV-01","any","ldap","application-default","Allow","none","","any"
"98","OUTBOUND_OPEN_35","Shared","legacy-open","universal","iot","any","any","any","outside","any","any","any","any","Allow","none","","any"
"99","STD_AD_TO_OUTSIDE_1062","Shared","app-team","universal","ad","APP-SRV-01","any","any","outside","9.9.9.9/32","any","web-browsing","application-default","Allow","none","","any"
"100","STD_VOIP_TO_IOT_1427","Shared","none","universal","voip","DC-01","any","any","iot","WORKSTATIONS-FLOOR1","any","smtp","application-default","Allow","strict","","any"
"101","STD_IOT_TO_MGMT_1358","Shared","standard","universal","iot","WORKSTATIONS-FLOOR1","any","any","mgmt","DC-01","any","sip","application-default","Allow","strict","","any"
"102","STD_IOT_TO_OUTSIDE_2940","Shared","standard","universal","iot","APP-SRV-01","any","any","outside","9.9.9.9/32","any","dns","application-default","Allow","none","","any"
"103","STD_MGMT_TO_IOT_100","Shared","standard","universal","mgmt","WORKSTATIONS-FLOOR2","any","any","iot","APP-SRV-01","any","sip","application-default","Allow","strict","","any"
"104","RISKY_OUTSIDE_TO_FILE-SRV-01_84","Shared","remote-access","universal","outside","any","any","any","mgmt","FILE-SRV-01","any","ms-ds-smb","application-default","Allow","none","","any"
"105","STD_OUTSIDE_TO_DMZ_1554","Shared","none","universal","outside","any","any","any","dmz","WORKSTATIONS-FLOOR2","any","mqtt","application-default","Allow","none","","any"
"106","STD_VOIP_TO_POS_2153","Shared","none","universal","voip","DC-01","any","any","pos","DC-01","any","dns","application-default","Allow","none","","any"
"107","LEGACY_PORT_68","Shared","legacy-port","universal","outside","any","any","any","pos","BACKUP-SRV-01","any","any","tcp-445","Allow","none","","any"
"108","STD_VOIP_TO_IOT_501","Shared","app-team","universal","voip","WORKSTATIONS-FLOOR1","any","any","iot","FILE-SRV-01","any","ntp","application-default","Allow","none","","any"
"109","STD_IOT_TO_VOIP_3273","Shared","standard","universal","iot","APP-SRV-02","any","any","voip","WEB-SRV-02","any","sip","application-default","Allow","strict","","any"
"110","STD_VOIP_TO_OUTSIDE_788","Shared","app-team","universal","voip","DC-01","any","any","outside","8.8.8.8/32","any","sip","application-default","Allow","strict","","any"
"111","OPEN_OUTSIDE_TO_CRITICAL-INFRA-G_121","Shared","none","universal","outside","any","any","any","mgmt","CRITICAL-INFRA-G","any","ms-ds-smb","application-default","Allow","none","","any"
"112","OUTBOUND_OPEN_47","Shared","legacy-open","universal","server","any","any","any","outside","any","any","any","any","Allow","none","","any"
"113","STD_DMZ_TO_AD_3964","Shared","standard","universal","dmz","API-GATEWAY-01","any","any","ad","IOT-GATEWAY-01","any","ssl","application-default","Allow","strict","","any"
"114","STD_VOIP_TO_SERVER_40","Shared","none","universal","voip","WORKSTATIONS-FLOOR2","any","any","server","IOT-GATEWAY-01","any","voip-generic","application-default","Allow","strict","","any"
"115","STD_OUTSIDE_TO_MGMT_2101","Shared","standard","universal","outside","any","any","any","mgmt","WEB-SRV-02","any","sip","application-default","Allow","none","","any"
"116","STD_SERVER_TO_VOIP_1712","Shared","standard","universal","server","MGMT-JUMPBOX-01","any","any","voip","FILE-SRV-01","any","voip-generic","application-default","Allow","strict","","any"
"117","CORP_TO_AD_13","Shared","admin-access","universal","server","any","any","any","ad","any","any","any","application-default","Allow","none","","any"
"118","STD_VOIP_TO_OUTSIDE_127","Shared","standard","universal","voip","FILE-SRV-01","any","any","outside","8.8.8.8/32","any","smtp","application-default","Allow","strict","","any"
"119","DNS_OUTBOUND_38","Shared","none","universal","inside","MGMT-JUMPBOX-01","any","any","outside","8.8.8.8/32","any","any","tcp-853","Allow","none","","any"
"120","STD_POS_TO_MGMT_497","Shared","standard","universal","pos","VOIP-PBX-01","any","any","mgmt","DB-SRV-01","any","ping","application-default","Allow","strict","","any"
"121","STD_MGMT_TO_AD_545","Shared","standard","universal","mgmt","WORKSTATIONS-FLOOR2","any","any","ad","VOIP-PBX-01","any","dns","application-default","Allow","strict","","any"
"122","BROAD_INTERNAL_VOIP_TO_IOT_10","Shared","internal","universal","voip","any","any","any","iot","any","any","any","any","Allow","none","","any"
"123","STD_INSIDE_TO_VOIP_1345","Shared","standard","universal","inside","DC-01","any","any","voip","IOT-GATEWAY-01","any","ping","application-default","Allow","none","","any"
"124","STD_AD_TO_IOT_3758","Shared","standard","universal","ad","WORKSTATIONS-FLOOR2","any","any","iot","APP-SRV-02","any","dns","application-default","Allow","strict","","any"
"125","STD_VOIP_TO_AD_2336","Shared","app-team","universal","voip","WORKSTATIONS-FLOOR1","any","any","ad","APP-SRV-01","any","web-browsing","application-default","Allow","none","","any"
"126","RISKY_OUTSIDE_TO_APP-SRV-01_20","Shared","remote-access","universal","outside","any","any","any","voip","APP-SRV-01","any","splashtop","application-default","Allow","none","","any"
"127","STD_AD_TO_MGMT_942","Shared","standard","universal","ad","WEB-SRV-02","any","any","mgmt","IOT-GATEWAY-01","any","ping","application-default","Allow","strict","","any"
"128","STD_VOIP_TO_POS_3761","Shared","standard","universal","voip","APP-SRV-02","any","any","pos","VOIP-PBX-01","any","ssl","application-default","Allow","none","","any"
"129","STD_OUTSIDE_TO_DMZ_3302","Shared","standard","universal","outside","any","any","any","dmz","API-GATEWAY-01","any","dns","application-default","Allow","strict","","any"
"130","STD_IOT_TO_POS_2114","Shared","none","universal","iot","FILE-SRV-01","any","any","pos","WORKSTATIONS-FLOOR2","any","ping","application-default","Allow","none","","any"
"131","STD_DMZ_TO_AD_2731","Shared","none","universal","dmz","IOT-GATEWAY-01","any","any","ad","API-GATEWAY-01","any","ping","application-default","Allow","strict","","any"
"132","STD_VOIP_TO_MGMT_2379","Shared","none","universal","voip","API-GATEWAY-01","any","any","mgmt","API-GATEWAY-01","any","sip","application-default","Allow","none","","any"
"133","OUTBOUND_OPEN_41","Shared","legacy-open","universal","iot","any","any","any","outside","any","any","any","any","Allow","none","","any"
"134","STD_AD_TO_INSIDE_3697","Shared","standard","universal","ad","WEB-SRV-02","any","any","inside","WORKSTATIONS-FLOOR1","any","mqtt","application-default","Allow","strict","","any"
"135","LEGACY_PORT_63","Shared","legacy-port","universal","outside","any","any","any","mgmt","APP-SRV-01","any","any","tcp-23","Allow","none","","any"
"136","STD_DMZ_TO_POS_3877","Shared","standard","universal","dmz","APP-SRV-01","any","any","pos","WEB-SRV-01","any","dns","application-default","Allow","strict","","any"
"137","STD_SERVER_TO_AD_2581","Shared","standard","universal","server","VOIP-PBX-01","any","any","ad","WEB-SRV-02","any","ssl","application-default","Allow","strict","","any"
"138","STD_SERVER_TO_DMZ_2077","Shared","app-team","universal","server","DB-SRV-01","any","any","dmz","DC-01","any","sip","application-default","Allow","none","","any"
"139","STD_VOIP_TO_IOT_3036","Shared","app-team","universal","voip","WEB-SRV-01","any","any","iot","VOIP-PBX-01","any","sip","application-default","Allow","none","","any"
"140","STD_OUTSIDE_TO_POS_3486","Shared","app-team","universal","outside","any","any","any","pos","FILE-SRV-01","any","ntp","application-default","Allow","none","","any"
"141","STD_IOT_TO_OUTSIDE_2329","Shared","standard","universal","iot","APP-SRV-02","any","any","outside","1.1.1.1/32","any","sip","application-default","Allow","strict","","any"
"142","STD_DMZ_TO_VOIP_3793","Shared","standard","universal","dmz","DB-SRV-01","any","any","voip","MGMT-JUMPBOX-01","any","web-browsing","application-default","Allow","strict","","any"
"143","STD_INSIDE_TO_AD_2669","Shared","standard","universal","inside","DC-01","any","any","ad","DB-SRV-01","any","dns","application-default","Allow","strict","","any"
"144","OPEN_OUTSIDE_TO_WEB-SERVERS-G_43","Shared","none","universal","outside","any","any","any","dmz","WEB-SERVERS-G","any","any","application-default","Allow","none","","any"
"145","OPEN_OUTSIDE_TO_APP-SERVERS-G_47","Shared","legacy-open","universal","outside","any","any","any","dmz","APP-SERVERS-G","any","splashtop","application-default","Allow","none","","any"
"146","NEGATED_RFC1918_12","Shared","none","universal","server","[Negate]  10.0.0.0-10.255.255.255;[Negate]  172.16.0.0-172.31.255.255;[Negate]  192.168.0.0-192.168.255.255","any","any","outside","any","any","web-browsing","application-default","Allow","strict","","any"
"147","STD_SERVER_TO_OUTSIDE_1466","Shared","standard","universal","server","WORKSTATIONS-FLOOR2","any","any","outside","1.1.1.1/32","any","voip-generic","application-default","Allow","strict","","any"
"148","STD_SERVER_TO_POS_3385","Shared","standard","universal","server","VOIP-PBX-01","any","any","pos","MGMT-JUMPBOX-01","any","smtp","application-default","Allow","strict","","any"
"149","STD_OUTSIDE_TO_SERVER_1119","Shared","standard","universal","outside","any","any","any","server","WEB-SRV-02","any","dns","application-default","Allow","none","","any"
"150","STD_OUTSIDE_TO_VOIP_351","Shared","standard","universal","outside","any","any","any","voip","WEB-SRV-02","any","smtp","application-default","Allow","none","","any"
"151","STD_DMZ_TO_IOT_3518","Shared","app-team","universal","dmz","WORKSTATIONS-FLOOR2","any","any","iot","APP-SRV-02","any","sip","application-default","Allow","none","","any"
"152","RISKY_OUTSIDE_TO_APP-SRV-01_51","Shared","remote-access","universal","outside","any","any","any","mgmt","APP-SRV-01","any","anydesk","application-default","Allow","none","","any"
"153","STD_OUTSIDE_TO_AD_5","Shared","none","universal","outside","any","any","any","ad","VOIP-PBX-01","any","ping","application-default","Allow","none","","any"
"154","STD_OUTSIDE_TO_AD_1367","Shared","standard","universal","outside","any","any","any","ad","WORKSTATIONS-FLOOR2","any","web-browsing","application-default","Allow","strict","","any"
"155","STD_POS_TO_DMZ_652","Shared","none","universal","pos","FILE-SRV-01","any","any","dmz","IOT-GATEWAY-01","any","web-browsing","application-default","Allow","strict","","any"
"156","STD_POS_TO_AD_3743","Shared","app-team","universal","pos","WORKSTATIONS-FLOOR1","any","any","ad","WEB-SRV-01","any","ping","application-default","Allow","strict","","any"
"157","STD_VOIP_TO_IOT_3903","Shared","app-team","universal","voip","VOIP-PBX-01","any","any","iot","WORKSTATIONS-FLOOR1","any","mqtt","application-default","Allow","none","","any"
"158","SCOPED_PARTNER_TO_API-GATEWAY-01_48","Shared","partner-integration","universal","outside","THIRD-PARTY-PAYMENT-GW","any","any","dmz","API-GATEWAY-01","any","ssl","application-default","Allow","strict","","any"
"159","STD_SERVER_TO_AD_1805","Shared","none","universal","server","API-GATEWAY-01","any","any","ad","DC-01","any","voip-generic","application-default","Allow","strict","","any"
"160","[Disabled] OLD_DISABLED_2","Shared","none","universal","outside","any","any","any","dmz","APP-SRV-01","any","any","any","Allow","none","","any"
"161","STD_SERVER_TO_IOT_1742","Shared","app-team","universal","server","VOIP-PBX-01","any","any","iot","APP-SRV-02","any","ssl","application-default","Allow","none","","any"
"162","STD_MGMT_TO_DMZ_2530","Shared","none","universal","mgmt","APP-SRV-02","any","any","dmz","WEB-SRV-01","any","snmp-base","application-default","Allow","strict","","any"
"163","STD_IOT_TO_DMZ_2572","Shared","app-team","universal","iot","APP-SRV-01","any","any","dmz","FILE-SRV-01","any","sip","application-default","Allow","strict","","any"
"164","STD_INSIDE_TO_SERVER_2648","Shared","standard","universal","inside","IOT-GATEWAY-01","any","any","server","DC-01","any","web-browsing","application-default","Allow","strict","","any"
"165","LEGACY_PORT_14","Shared","legacy-port","universal","inside","any","any","any","inside","APP-SRV-01","any","any","tcp-443","Allow","none","","any"
"166","STD_DMZ_TO_AD_2903","Shared","app-team","universal","dmz","APP-SRV-01","any","any","ad","DC-01","any","snmp-base","application-default","Allow","none","","any"
"167","STD_MGMT_TO_IOT_680","Shared","app-team","universal","mgmt","MGMT-JUMPBOX-01","any","any","iot","APP-SRV-02","any","mqtt","application-default","Allow","none","","any"
"168","STD_SERVER_TO_IOT_357","Shared","standard","universal","server","DC-01","any","any","iot","WORKSTATIONS-FLOOR2","any","web-browsing","application-default","Allow","strict","","any"
"169","STD_SERVER_TO_POS_3064","Shared","standard","universal","server","WORKSTATIONS-FLOOR2","any","any","pos","WORKSTATIONS-FLOOR2","any","ssl","application-default","Allow","strict","","any"
"170","LEGACY_PORT_38","Shared","legacy-port","universal","inside","any","any","any","voip","DC-02","any","any","tcp-1433","Allow","none","","any"
"171","STD_DMZ_TO_OUTSIDE_3586","Shared","none","universal","dmz","DB-SRV-01","any","any","outside","8.8.8.8/32","any","ssl","application-default","Allow","strict","","any"
"172","SCOPED_PARTNER_TO_WEB-SRV-02_30","Shared","partner-integration","universal","outside","PARTNER-VENDOR-B","any","any","dmz","WEB-SRV-02","any","ssl","application-default","Allow","strict","","any"
"173","STD_POS_TO_AD_914","Shared","standard","universal","pos","DC-01","any","any","ad","WEB-SRV-02","any","ping","application-default","Allow","strict","","any"
"174","SCOPED_PARTNER_TO_WEB-SRV-01_60","Shared","partner-integration","universal","outside","PARTNER-VENDOR-A","any","any","dmz","WEB-SRV-01","any","ssl","application-default","Allow","strict","","any"
"175","STD_IOT_TO_VOIP_1418","Shared","standard","universal","iot","API-GATEWAY-01","any","any","voip","WORKSTATIONS-FLOOR1","any","ssl","application-default","Allow","strict","","any"
"176","STD_VOIP_TO_POS_1087","Shared","app-team","universal","voip","APP-SRV-02","any","any","pos","DB-SRV-01","any","voip-generic","application-default","Allow","none","","any"
"177","OPEN_OUTSIDE_TO_APP-SERVERS-G_94","Shared","legacy-open","universal","outside","any","any","any","mgmt","APP-SERVERS-G","any","postgres","application-default","Allow","none","","any"
"178","STD_INSIDE_TO_IOT_3633","Shared","standard","universal","inside","FILE-SRV-01","any","any","iot","MGMT-JUMPBOX-01","any","sip","application-default","Allow","strict","","any"
"179","STD_MGMT_TO_AD_756","Shared","standard","universal","mgmt","WORKSTATIONS-FLOOR1","any","any","ad","APP-SRV-02","any","mqtt","application-default","Allow","strict","","any"
"180","STD_OUTSIDE_TO_SERVER_3710","Shared","none","universal","outside","any","any","any","server","WORKSTATIONS-FLOOR2","any","web-browsing","application-default","Allow","none","","any"
"181","RISKY_OUTSIDE_TO_APP-SRV-02_54","Shared","remote-access","universal","outside","any","any","any","inside","APP-SRV-02","any","postgres","application-default","Allow","none","","any"
"182","STD_IOT_TO_DMZ_888","Shared","standard","universal","iot","APP-SRV-02","any","any","dmz","APP-SRV-02","any","web-browsing","application-default","Allow","none","","any"
"183","REMOTE_ACCESS_17","Shared","remote-support","universal","outside","any","any","any","server","MGMT-JUMPBOX-01","any","anydesk","application-default","Allow","none","","any"
"184","STD_AD_TO_IOT_614","Shared","app-team","universal","ad","WORKSTATIONS-FLOOR2","any","any","iot","APP-SRV-01","any","mqtt","application-default","Allow","none","","any"
"185","SCOPED_NO_PROFILE_23","Shared","partner-integration","universal","outside","PARTNER-VENDOR-A","any","any","dmz","API-GATEWAY-01","any","ssl","application-default","Allow","none","","any"
"186","STD_SERVER_TO_MGMT_2213","Shared","standard","universal","server","API-GATEWAY-01","any","any","mgmt","WORKSTATIONS-FLOOR2","any","dns","application-default","Allow","strict","","any"
"187","SCOPED_INTERNAL_INSIDE_TO_DMZ_82","Shared","standard","universal","inside","APP-SRV-01","any","any","dmz","FILE-SRV-01","any","mqtt","application-default","Allow","strict","","any"
"188","SCOPED_INTERNAL_SERVER_TO_AD_92","Shared","standard","universal","server","APP-SRV-01","any","any","ad","APP-SRV-01","any","voip-generic","application-default","Allow","strict","","any"
"189","STD_DMZ_TO_OUTSIDE_3477","Shared","app-team","universal","dmz","FILE-SRV-01","any","any","outside","1.1.1.1/32","any","ssl","application-default","Allow","strict","","any"
"190","STD_MGMT_TO_SERVER_2391","Shared","none","universal","mgmt","WEB-SRV-02","any","any","server","APP-SRV-01","any","snmp-base","application-default","Allow","strict","","any"
"191","STD_OUTSIDE_TO_DMZ_70","Shared","none","universal","outside","any","any","any","dmz","WORKSTATIONS-FLOOR2","any","snmp-base","application-default","Allow","none","","any"
"192","STD_MGMT_TO_DMZ_2489","Shared","none","universal","mgmt","WEB-SRV-01","any","any","dmz","WORKSTATIONS-FLOOR2","any","dns","application-default","Allow","strict","","any"
"193","STD_POS_TO_VOIP_1907","Shared","standard","universal","pos","APP-SRV-01","any","any","voip","IOT-GATEWAY-01","any","dns","application-default","Allow","none","","any"
"194","REMOTE_ACCESS_19","Shared","remote-support","universal","outside","any","any","any","server","MGMT-JUMPBOX-01","any","splashtop","application-default","Allow","none","","any"
"195","STD_OUTSIDE_TO_POS_1523","Shared","none","universal","outside","any","any","any","pos","VOIP-PBX-01","any","smtp","application-default","Allow","strict","","any"
"196","STD_IOT_TO_VOIP_3198","Shared","none","universal","iot","DB-SRV-01","any","any","voip","DB-SRV-01","any","ping","application-default","Allow","none","","any"
"197","STD_VOIP_TO_SERVER_1013","Shared","app-team","universal","voip","DB-SRV-01","any","any","server","FILE-SRV-01","any","dns","application-default","Allow","none","","any"
"198","STD_SERVER_TO_INSIDE_444","Shared","standard","universal","server","APP-SRV-02","any","any","inside","API-GATEWAY-01","any","ntp","application-default","Allow","strict","","any"
"199","OPEN_OUTSIDE_TO_APP-SERVERS-G_20","Shared","none","universal","outside","any","any","any","pos","APP-SERVERS-G","any","splashtop","any","Allow","none","","any"
"200","STD_POS_TO_IOT_773","Shared","standard","universal","pos","API-GATEWAY-01","any","any","iot","DC-01","any","ping","application-default","Allow","strict","","any"
"201","STD_DMZ_TO_AD_945","Shared","standard","universal","dmz","VOIP-PBX-01","any","any","ad","API-GATEWAY-01","any","mqtt","application-default","Allow","none","","any"
"202","STD_OUTSIDE_TO_AD_971","Shared","none","universal","outside","any","any","any","ad","DB-SRV-01","any","smtp","application-default","Allow","none","","any"
"203","STD_SERVER_TO_DMZ_2128","Shared","app-team","universal","server","DB-SRV-01","any","any","dmz","WEB-SRV-02","any","mqtt","application-default","Allow","strict","","any"
"204","STD_INSIDE_TO_AD_2784","Shared","app-team","universal","inside","DB-SRV-01","any","any","ad","API-GATEWAY-01","any","sip","application-default","Allow","none","","any"
"205","OUTBOUND_SCOPED_45","Shared","outbound-standard","universal","mgmt","MGMT-JUMPBOX-01","any","any","outside","91.61.212.204/32","any","snmp-base","application-default","Allow","strict","","any"
"206","SCOPED_NO_PROFILE_22","Shared","partner-integration","universal","outside","PARTNER-VENDOR-A","any","any","dmz","WEB-SRV-01","any","ssl","application-default","Allow","none","","any"
"207","OPEN_OUTSIDE_TO_WEB-SERVERS-G_27","Shared","none","universal","outside","any","any","any","dmz","WEB-SERVERS-G","any","postgres","any","Allow","none","","any"
"208","STD_AD_TO_OUTSIDE_3122","Shared","none","universal","ad","APP-SRV-01","any","any","outside","1.1.1.1/32","any","dns","application-default","Allow","strict","","any"
"209","STD_MGMT_TO_DMZ_714","Shared","none","universal","mgmt","APP-SRV-02","any","any","dmz","MGMT-JUMPBOX-01","any","smtp","application-default","Allow","strict","","any"
"210","STD_DMZ_TO_INSIDE_562","Shared","app-team","universal","dmz","DB-SRV-01","any","any","inside","DC-01","any","ssl","application-default","Allow","strict","","any"
"211","STD_DMZ_TO_SERVER_1134","Shared","none","universal","dmz","WEB-SRV-01","any","any","server","APP-SRV-01","any","sip","application-default","Allow","strict","","any"
"212","STD_POS_TO_DMZ_2847","Shared","none","universal","pos","APP-SRV-02","any","any","dmz","MGMT-JUMPBOX-01","any","sip","application-default","Allow","strict","","any"
"213","RISKY_OUTSIDE_TO_FILE-SRV-01_67","Shared","remote-access","universal","outside","any","any","any","dmz","FILE-SRV-01","any","logmein","application-default","Allow","none","","any"
"214","LEGACY_PORT_27","Shared","legacy-port","universal","inside","any","any","any","voip","DC-02","any","any","tcp-5900","Allow","none","","any"
"215","STD_AD_TO_OUTSIDE_1038","Shared","none","universal","ad","WORKSTATIONS-FLOOR2","any","any","outside","8.8.8.8/32","any","ssl","application-default","Allow","strict","","any"
"216","SCOPED_INTERNAL_POS_TO_AD_97","Shared","standard","universal","pos","MGMT-JUMPBOX-01","any","any","ad","FILE-SRV-01","any","snmp-base","application-default","Allow","strict","","any"
"217","STD_DMZ_TO_OUTSIDE_1718","Shared","none","universal","dmz","APP-SRV-01","any","any","outside","1.1.1.1/32","any","ssl","application-default","Allow","strict","","any"
"218","RISKY_OUTSIDE_TO_MGMT-JUMPBOX-01_102","Shared","remote-access","universal","outside","any","any","any","iot","MGMT-JUMPBOX-01","any","mysql","application-default","Allow","none","","any"
"219","STD_POS_TO_IOT_1121","Shared","none","universal","pos","DB-SRV-01","any","any","iot","APP-SRV-02","any","web-browsing","application-default","Allow","strict","","any"
"220","STD_OUTSIDE_TO_VOIP_2772","Shared","standard","universal","outside","any","any","any","voip","DB-SRV-01","any","dns","application-default","Allow","strict","","any"
"221","SERVER_TO_DC_72","Shared","ad-auth","universal","server","WORKSTATIONS-FLOOR2","any","any","ad","DOMAIN-CONTROLLERS-G","any","kerberos","application-default","Allow","none","","any"
"222","OPEN_OUTSIDE_TO_CRITICAL-INFRA-G_65","Shared","none","universal","outside","any","any","any","server","CRITICAL-INFRA-G","any","any","application-default","Allow","none","","any"
"223","STD_AD_TO_IOT_1529","Shared","none","universal","ad","API-GATEWAY-01","any","any","iot","MGMT-JUMPBOX-01","any","voip-generic","application-default","Allow","none","","any"
"224","STD_AD_TO_OUTSIDE_2604","Shared","app-team","universal","ad","WORKSTATIONS-FLOOR2","any","any","outside","9.9.9.9/32","any","smtp","application-default","Allow","strict","","any"
"225","OUTBOUND_SCOPED_42","Shared","outbound-standard","universal","server","WORKSTATIONS-FLOOR1","any","any","outside","77.49.178.184/32","any","dns","application-default","Allow","strict","","any"
"226","OPEN_OUTSIDE_TO_CRITICAL-INFRA-G_137","Shared","none","universal","outside","any","any","any","dmz","CRITICAL-INFRA-G","any","anydesk","any","Allow","none","","any"
"227","STD_POS_TO_SERVER_2575","Shared","standard","universal","pos","APP-SRV-02","any","any","server","WEB-SRV-02","any","sip","application-default","Allow","none","","any"
"228","STD_MGMT_TO_INSIDE_3094","Shared","standard","universal","mgmt","DC-01","any","any","inside","API-GATEWAY-01","any","dns","application-default","Allow","strict","","any"
"229","STD_OUTSIDE_TO_VOIP_3770","Shared","none","universal","outside","any","any","any","voip","IOT-GATEWAY-01","any","ping","application-default","Allow","strict","","any"
"230","STD_IOT_TO_SERVER_1279","Shared","none","universal","iot","MGMT-JUMPBOX-01","any","any","server","DB-SRV-01","any","voip-generic","application-default","Allow","strict","","any"
"231","STD_INSIDE_TO_VOIP_2216","Shared","none","universal","inside","API-GATEWAY-01","any","any","voip","API-GATEWAY-01","any","smtp","application-default","Allow","strict","","any"
"232","STD_VOIP_TO_AD_3207","Shared","none","universal","voip","WEB-SRV-01","any","any","ad","WORKSTATIONS-FLOOR2","any","ssl","application-default","Allow","strict","","any"
"233","STD_SERVER_TO_INSIDE_3090","Shared","none","universal","server","IOT-GATEWAY-01","any","any","inside","WORKSTATIONS-FLOOR1","any","mqtt","application-default","Allow","none","","any"
"234","RISKY_OUTSIDE_TO_APP-SRV-02_25","Shared","remote-access","universal","outside","any","any","any","voip","APP-SRV-02","any","kerberos","application-default","Allow","none","","any"
"235","VOIP_TO_DC_19","Shared","ad-auth","universal","voip","WORKSTATIONS-FLOOR2","any","any","ad","DOMAIN-CONTROLLERS-G","any","kerberos","application-default","Allow","none","","any"
"236","STD_IOT_TO_AD_1079","Shared","standard","universal","iot","MGMT-JUMPBOX-01","any","any","ad","FILE-SRV-01","any","smtp","application-default","Allow","strict","","any"
"237","OPEN_OUTSIDE_TO_CRITICAL-INFRA-G_122","Shared","none","universal","outside","any","any","any","mgmt","CRITICAL-INFRA-G","any","vnc","application-default","Allow","none","","any"
"238","STD_IOT_TO_OUTSIDE_489","Shared","standard","universal","iot","WEB-SRV-02","any","any","outside","8.8.8.8/32","any","web-browsing","application-default","Allow","strict","","any"
"239","STD_VOIP_TO_POS_3422","Shared","standard","universal","voip","WORKSTATIONS-FLOOR2","any","any","pos","WEB-SRV-02","any","sip","application-default","Allow","strict","","any"
"240","STD_VOIP_TO_SERVER_2771","Shared","standard","universal","voip","APP-SRV-01","any","any","server","VOIP-PBX-01","any","mqtt","application-default","Allow","strict","","any"
"241","STD_INSIDE_TO_IOT_1070","Shared","none","universal","inside","WEB-SRV-01","any","any","iot","FILE-SRV-01","any","sip","application-default","Allow","strict","","any"
"242","STD_INSIDE_TO_IOT_3851","Shared","standard","universal","inside","DC-01","any","any","iot","WEB-SRV-01","any","mqtt","application-default","Allow","strict","","any"
"243","STD_VOIP_TO_POS_3923","Shared","none","universal","voip","WEB-SRV-01","any","any","pos","WEB-SRV-02","any","mqtt","application-default","Allow","none","","any"
"244","STD_SERVER_TO_POS_3519","Shared","none","universal","server","IOT-GATEWAY-01","any","any","pos","APP-SRV-01","any","snmp-base","application-default","Allow","none","","any"
"245","STD_DMZ_TO_OUTSIDE_1154","Shared","standard","universal","dmz","VOIP-PBX-01","any","any","outside","9.9.9.9/32","any","dns","application-default","Allow","strict","","any"
"246","STD_INSIDE_TO_SERVER_405","Shared","standard","universal","inside","FILE-SRV-01","any","any","server","APP-SRV-01","any","voip-generic","application-default","Allow","strict","","any"
"247","OUTBOUND_SCOPED_18","Shared","outbound-standard","universal","server","WORKSTATIONS-FLOOR1","any","any","outside","91.107.185.193/32","any","snmp-base","application-default","Allow","strict","","any"
"248","STD_MGMT_TO_POS_769","Shared","app-team","universal","mgmt","WORKSTATIONS-FLOOR2","any","any","pos","WORKSTATIONS-FLOOR1","any","sip","application-default","Allow","strict","","any"
"249","STD_SERVER_TO_IOT_2619","Shared","none","universal","server","IOT-GATEWAY-01","any","any","iot","WEB-SRV-01","any","ntp","application-default","Allow","none","","any"
"250","STD_INSIDE_TO_VOIP_1710","Shared","none","universal","inside","VOIP-PBX-01","any","any","voip","DC-01","any","mqtt","application-default","Allow","none","","any"
"251","STD_IOT_TO_VOIP_3939","Shared","app-team","universal","iot","WORKSTATIONS-FLOOR1","any","any","voip","VOIP-PBX-01","any","smtp","application-default","Allow","none","","any"
"252","STD_VOIP_TO_INSIDE_372","Shared","none","universal","voip","DB-SRV-01","any","any","inside","WEB-SRV-02","any","mqtt","application-default","Allow","strict","","any"
"253","INSIDE_TO_DC_31","Shared","ad-auth","universal","inside","any","any","any","ad","DOMAIN-CONTROLLERS-G","any","ldap","application-default","Allow","none","","any"
"254","STD_POS_TO_IOT_1644","Shared","app-team","universal","pos","WORKSTATIONS-FLOOR2","any","any","iot","WEB-SRV-01","any","snmp-base","application-default","Allow","strict","","any"
"255","STD_MGMT_TO_AD_1259","Shared","app-team","universal","mgmt","WEB-SRV-01","any","any","ad","WEB-SRV-02","any","smtp","application-default","Allow","strict","","any"
"256","STD_AD_TO_SERVER_1158","Shared","app-team","universal","ad","APP-SRV-02","any","any","server","WEB-SRV-02","any","smtp","application-default","Allow","strict","","any"
"257","STD_INSIDE_TO_POS_736","Shared","app-team","universal","inside","WORKSTATIONS-FLOOR1","any","any","pos","API-GATEWAY-01","any","voip-generic","application-default","Allow","strict","","any"
"258","STD_SERVER_TO_VOIP_3078","Shared","none","universal","server","IOT-GATEWAY-01","any","any","voip","WORKSTATIONS-FLOOR1","any","mqtt","application-default","Allow","strict","","any"
"259","STD_MGMT_TO_AD_321","Shared","standard","universal","mgmt","IOT-GATEWAY-01","any","any","ad","WORKSTATIONS-FLOOR2","any","voip-generic","application-default","Allow","strict","","any"
"260","STD_VOIP_TO_INSIDE_1354","Shared","standard","universal","voip","API-GATEWAY-01","any","any","inside","DB-SRV-01","any","dns","application-default","Allow","strict","","any"
"261","OPEN_OUTSIDE_TO_POS-TERMINALS-G_136","Shared","legacy-open","universal","outside","any","any","any","dmz","POS-TERMINALS-G","any","ftp","any","Allow","none","","any"
"262","STD_INSIDE_TO_IOT_2682","Shared","none","universal","inside","FILE-SRV-01","any","any","iot","MGMT-JUMPBOX-01","any","snmp-base","application-default","Allow","strict","","any"
"263","RISKY_OUTSIDE_TO_FILE-SRV-01_7","Shared","remote-access","universal","outside","any","any","any","ad","FILE-SRV-01","any","teamviewer","application-default","Allow","none","","any"
"264","STD_AD_TO_DMZ_1460","Shared","standard","universal","ad","API-GATEWAY-01","any","any","dmz","APP-SRV-02","any","mqtt","application-default","Allow","strict","","any"
"265","STD_VOIP_TO_MGMT_1960","Shared","standard","universal","voip","DB-SRV-01","any","any","mgmt","FILE-SRV-01","any","snmp-base","application-default","Allow","strict","","any"
"266","STD_MGMT_TO_INSIDE_3742","Shared","standard","universal","mgmt","WEB-SRV-01","any","any","inside","APP-SRV-02","any","ping","application-default","Allow","strict","","any"
"267","STD_AD_TO_OUTSIDE_3768","Shared","standard","universal","ad","IOT-GATEWAY-01","any","any","outside","9.9.9.9/32","any","dns","application-default","Allow","strict","","any"
"268","STD_MGMT_TO_SERVER_1956","Shared","none","universal","mgmt","WEB-SRV-02","any","any","server","APP-SRV-02","any","ping","application-default","Allow","strict","","any"
"269","INSIDE_TO_DC_36","Shared","ad-auth","universal","inside","WORKSTATIONS-FLOOR1","any","any","ad","DOMAIN-CONTROLLERS-G","any","kerberos","application-default","Allow","none","","any"
"270","STD_POS_TO_INSIDE_228","Shared","app-team","universal","pos","WEB-SRV-01","any","any","inside","WEB-SRV-01","any","dns","application-default","Allow","strict","","any"
"271","STD_SERVER_TO_OUTSIDE_1569","Shared","standard","universal","server","DC-01","any","any","outside","9.9.9.9/32","any","sip","application-default","Allow","strict","","any"
"272","BROAD_INTERNAL_POS_TO_VOIP_67","Shared","internal","universal","pos","any","any","any","voip","any","any","any","any","Allow","none","","any"
"273","STD_OUTSIDE_TO_MGMT_2617","Shared","app-team","universal","outside","any","any","any","mgmt","FILE-SRV-01","any","ssl","application-default","Allow","strict","","any"
"274","STD_OUTSIDE_TO_IOT_3203","Shared","app-team","universal","outside","any","any","any","iot","FILE-SRV-01","any","smtp","application-default","Allow","strict","","any"
"275","SCOPED_INTERNAL_INSIDE_TO_VOIP_17","Shared","standard","universal","inside","APP-SRV-01","any","any","voip","APP-SRV-01","any","web-browsing","application-default","Allow","strict","","any"
"276","STD_OUTSIDE_TO_VOIP_1292","Shared","standard","universal","outside","any","any","any","voip","IOT-GATEWAY-01","any","smtp","application-default","Allow","strict","","any"
"277","RISKY_OUTSIDE_TO_APP-SRV-01_108","Shared","remote-access","universal","outside","any","any","any","voip","APP-SRV-01","any","vnc","application-default","Allow","none","","any"
"278","STD_IOT_TO_MGMT_3229","Shared","app-team","universal","iot","API-GATEWAY-01","any","any","mgmt","APP-SRV-01","any","ssl","application-default","Allow","strict","","any"
"279","OUTBOUND_OPEN_33","Shared","legacy-open","universal","ad","any","any","any","outside","any","any","any","any","Allow","none","","any"
"280","STD_OUTSIDE_TO_IOT_1305","Shared","app-team","universal","outside","any","any","any","iot","FILE-SRV-01","any","sip","application-default","Allow","strict","","any"
"281","SERVER_TO_DC_56","Shared","ad-auth","universal","server","any","any","any","ad","DOMAIN-CONTROLLERS-G","any","ms-ds-smb","application-default","Allow","none","","any"
"282","STD_MGMT_TO_DMZ_956","Shared","standard","universal","mgmt","APP-SRV-01","any","any","dmz","API-GATEWAY-01","any","snmp-base","application-default","Allow","none","","any"
"283","STD_AD_TO_POS_325","Shared","standard","universal","ad","WORKSTATIONS-FLOOR1","any","any","pos","WORKSTATIONS-FLOOR2","any","voip-generic","application-default","Allow","strict","","any"
"284","STD_POS_TO_OUTSIDE_2643","Shared","app-team","universal","pos","DC-01","any","any","outside","9.9.9.9/32","any","ssl","application-default","Allow","strict","","any"
"285","STD_AD_TO_IOT_3073","Shared","none","universal","ad","API-GATEWAY-01","any","any","iot","APP-SRV-01","any","dns","application-default","Allow","strict","","any"
"286","STD_OUTSIDE_TO_VOIP_2150","Shared","app-team","universal","outside","any","any","any","voip","APP-SRV-01","any","smtp","application-default","Allow","strict","","any"
"287","STD_VOIP_TO_AD_2407","Shared","app-team","universal","voip","FILE-SRV-01","any","any","ad","APP-SRV-01","any","ping","application-default","Allow","strict","","any"
"288","STD_MGMT_TO_DMZ_2653","Shared","standard","universal","mgmt","API-GATEWAY-01","any","any","dmz","WORKSTATIONS-FLOOR2","any","sip","application-default","Allow","none","","any"
"289","STD_INSIDE_TO_POS_2646","Shared","standard","universal","inside","VOIP-PBX-01","any","any","pos","MGMT-JUMPBOX-01","any","smtp","application-default","Allow","none","","any"
"290","STD_DMZ_TO_AD_24","Shared","app-team","universal","dmz","WORKSTATIONS-FLOOR2","any","any","ad","API-GATEWAY-01","any","ping","application-default","Allow","strict","","any"
"291","STD_POS_TO_SERVER_1997","Shared","app-team","universal","pos","API-GATEWAY-01","any","any","server","API-GATEWAY-01","any","sip","application-default","Allow","strict","","any"
"292","OPEN_OUTSIDE_TO_CRITICAL-INFRA-G_22","Shared","legacy-open","universal","outside","any","any","any","mgmt","CRITICAL-INFRA-G","any","logmein","application-default","Allow","none","","any"
"293","STD_INSIDE_TO_DMZ_2078","Shared","app-team","universal","inside","WORKSTATIONS-FLOOR2","any","any","dmz","API-GATEWAY-01","any","mqtt","application-default","Allow","strict","","any"
"294","STD_IOT_TO_SERVER_2095","Shared","app-team","universal","iot","WEB-SRV-02","any","any","server","WORKSTATIONS-FLOOR2","any","ntp","application-default","Allow","strict","","any"
"295","STD_OUTSIDE_TO_IOT_3410","Shared","app-team","universal","outside","any","any","any","iot","API-GATEWAY-01","any","mqtt","application-default","Allow","strict","","any"
"296","STD_IOT_TO_POS_353","Shared","none","universal","iot","WEB-SRV-02","any","any","pos","API-GATEWAY-01","any","web-browsing","application-default","Allow","none","","any"
"297","STD_SERVER_TO_DMZ_2797","Shared","app-team","universal","server","IOT-GATEWAY-01","any","any","dmz","APP-SRV-02","any","voip-generic","application-default","Allow","none","","any"
"298","STD_SERVER_TO_AD_1772","Shared","standard","universal","server","IOT-GATEWAY-01","any","any","ad","DC-01","any","ping","application-default","Allow","none","","any"
"299","BROAD_INTERNAL_IOT_TO_POS_85","Shared","internal","universal","iot","any","any","any","pos","any","any","any","any","Allow","none","","any"
"300","STD_SERVER_TO_DMZ_2490","Shared","none","universal","server","WORKSTATIONS-FLOOR1","any","any","dmz","APP-SRV-01","any","dns","application-default","Allow","strict","","any"
"301","STD_INSIDE_TO_IOT_948","Shared","standard","universal","inside","WEB-SRV-02","any","any","iot","DB-SRV-01","any","ping","application-default","Allow","strict","","any"
"302","STD_VOIP_TO_OUTSIDE_2790","Shared","none","universal","voip","APP-SRV-01","any","any","outside","9.9.9.9/32","any","mqtt","application-default","Allow","strict","","any"
"303","STD_DMZ_TO_POS_1531","Shared","app-team","universal","dmz","APP-SRV-01","any","any","pos","WORKSTATIONS-FLOOR2","any","mqtt","application-default","Allow","strict","","any"
"304","STD_SERVER_TO_INSIDE_1074","Shared","standard","universal","server","VOIP-PBX-01","any","any","inside","WEB-SRV-01","any","ssl","application-default","Allow","none","","any"
"305","STD_AD_TO_SERVER_1975","Shared","none","universal","ad","VOIP-PBX-01","any","any","server","WORKSTATIONS-FLOOR2","any","voip-generic","application-default","Allow","strict","","any"
"306","STD_INSIDE_TO_MGMT_487","Shared","app-team","universal","inside","MGMT-JUMPBOX-01","any","any","mgmt","WORKSTATIONS-FLOOR1","any","sip","application-default","Allow","strict","","any"
"307","STD_POS_TO_DMZ_3570","Shared","app-team","universal","pos","DC-01","any","any","dmz","DB-SRV-01","any","ssl","application-default","Allow","strict","","any"
"308","STD_IOT_TO_DMZ_3791","Shared","standard","universal","iot","WEB-SRV-01","any","any","dmz","IOT-GATEWAY-01","any","dns","application-default","Allow","strict","","any"
"309","STD_MGMT_TO_DMZ_2925","Shared","none","universal","mgmt","WORKSTATIONS-FLOOR2","any","any","dmz","WEB-SRV-01","any","sip","application-default","Allow","strict","","any"
"310","OPEN_OUTSIDE_TO_WEB-SERVERS-G_143","Shared","none","universal","outside","any","any","any","mgmt","WEB-SERVERS-G","any","postgres","application-default","Allow","none","","any"
"311","STD_DMZ_TO_IOT_2366","Shared","standard","universal","dmz","APP-SRV-02","any","any","iot","MGMT-JUMPBOX-01","any","web-browsing","application-default","Allow","strict","","any"
"312","STD_SERVER_TO_POS_3270","Shared","standard","universal","server","VOIP-PBX-01","any","any","pos","WEB-SRV-02","any","ssl","application-default","Allow","strict","","any"
"313","STD_VOIP_TO_OUTSIDE_2371","Shared","app-team","universal","voip","IOT-GATEWAY-01","any","any","outside","8.8.8.8/32","any","voip-generic","application-default","Allow","strict","","any"
"314","RISKY_OUTSIDE_TO_DC-01_27","Shared","remote-access","universal","outside","any","any","any","pos","DC-01","any","logmein","application-default","Allow","none","","any"
"315","STD_OUTSIDE_TO_SERVER_1469","Shared","standard","universal","outside","any","any","any","server","APP-SRV-02","any","ntp","application-default","Allow","none","","any"
"316","STD_AD_TO_POS_1501","Shared","app-team","universal","ad","VOIP-PBX-01","any","any","pos","VOIP-PBX-01","any","ntp","application-default","Allow","strict","","any"
"317","STD_IOT_TO_VOIP_1891","Shared","app-team","universal","iot","FILE-SRV-01","any","any","voip","WEB-SRV-01","any","web-browsing","application-default","Allow","none","","any"
"318","STD_AD_TO_SERVER_943","Shared","standard","universal","ad","WORKSTATIONS-FLOOR1","any","any","server","MGMT-JUMPBOX-01","any","snmp-base","application-default","Allow","strict","","any"
"319","STD_MGMT_TO_DMZ_475","Shared","standard","universal","mgmt","VOIP-PBX-01","any","any","dmz","DC-01","any","ssl","application-default","Allow","strict","","any"
"320","STD_SERVER_TO_POS_1550","Shared","app-team","universal","server","MGMT-JUMPBOX-01","any","any","pos","WEB-SRV-02","any","sip","application-default","Allow","none","","any"
"321","STD_IOT_TO_DMZ_1334","Shared","standard","universal","iot","WORKSTATIONS-FLOOR2","any","any","dmz","API-GATEWAY-01","any","ping","application-default","Allow","none","","any"
"322","STD_POS_TO_VOIP_1319","Shared","app-team","universal","pos","WORKSTATIONS-FLOOR2","any","any","voip","MGMT-JUMPBOX-01","any","smtp","application-default","Allow","none","","any"
"323","STD_POS_TO_SERVER_2018","Shared","none","universal","pos","API-GATEWAY-01","any","any","server","WEB-SRV-02","any","sip","application-default","Allow","strict","","any"
"324","OPEN_OUTSIDE_TO_POS-TERMINALS-G_144","Shared","legacy-open","universal","outside","any","any","any","server","POS-TERMINALS-G","any","teamviewer","application-default","Allow","none","","any"
"325","OPEN_OUTSIDE_TO_MGMT-HOSTS-G_83","Shared","none","universal","outside","any","any","any","pos","MGMT-HOSTS-G","any","ftp","application-default","Allow","none","","any"
"326","STD_OUTSIDE_TO_AD_900","Shared","app-team","universal","outside","any","any","any","ad","FILE-SRV-01","any","web-browsing","application-default","Allow","strict","","any"
"327","LEGACY_PORT_40","Shared","legacy-port","universal","inside","any","any","any","voip","APP-SRV-01","any","any","tcp-1433","Allow","none","","any"
"328","STD_POS_TO_SERVER_1249","Shared","standard","universal","pos","API-GATEWAY-01","any","any","server","DC-01","any","smtp","application-default","Allow","strict","","any"
"329","OPEN_OUTSIDE_TO_APP-SERVERS-G_127","Shared","legacy-open","universal","outside","any","any","any","dmz","APP-SERVERS-G","any","vnc","any","Allow","none","","any"
"330","STD_IOT_TO_OUTSIDE_1855","Shared","standard","universal","iot","MGMT-JUMPBOX-01","any","any","outside","8.8.8.8/32","any","mqtt","application-default","Allow","none","","any"
"331","[Disabled] OLD_DISABLED_3","Shared","none","universal","outside","any","any","any","ad","FILE-SRV-01","any","any","any","Allow","none","","any"
"332","STD_SERVER_TO_INSIDE_3076","Shared","standard","universal","server","DB-SRV-01","any","any","inside","IOT-GATEWAY-01","any","web-browsing","application-default","Allow","strict","","any"
"333","STD_DMZ_TO_VOIP_401","Shared","none","universal","dmz","MGMT-JUMPBOX-01","any","any","voip","FILE-SRV-01","any","ntp","application-default","Allow","strict","","any"
"334","STD_VOIP_TO_INSIDE_3328","Shared","none","universal","voip","WORKSTATIONS-FLOOR2","any","any","inside","VOIP-PBX-01","any","sip","application-default","Allow","none","","any"
"335","STD_VOIP_TO_MGMT_853","Shared","none","universal","voip","VOIP-PBX-01","any","any","mgmt","WEB-SRV-02","any","dns","application-default","Allow","none","","any"
"336","STD_INSIDE_TO_IOT_3366","Shared","standard","universal","inside","VOIP-PBX-01","any","any","iot","API-GATEWAY-01","any","web-browsing","application-default","Allow","none","","any"
"337","STD_IOT_TO_OUTSIDE_3587","Shared","none","universal","iot","FILE-SRV-01","any","any","outside","8.8.8.8/32","any","sip","application-default","Allow","strict","","any"
"338","OPEN_OUTSIDE_TO_APP-SERVERS-G_21","Shared","none","universal","outside","any","any","any","server","APP-SERVERS-G","any","any","any","Allow","none","","any"
"339","STD_SERVER_TO_DMZ_2195","Shared","app-team","universal","server","APP-SRV-02","any","any","dmz","WORKSTATIONS-FLOOR2","any","ping","application-default","Allow","strict","","any"
"340","STD_AD_TO_INSIDE_236","Shared","app-team","universal","ad","DB-SRV-01","any","any","inside","WORKSTATIONS-FLOOR1","any","ntp","application-default","Allow","none","","any"
"341","OPEN_OUTSIDE_TO_CRITICAL-INFRA-G_116","Shared","none","universal","outside","any","any","any","server","CRITICAL-INFRA-G","any","logmein","any","Allow","none","","any"
"342","STD_IOT_TO_OUTSIDE_1557","Shared","none","universal","iot","APP-SRV-01","any","any","outside","8.8.8.8/32","any","smtp","application-default","Allow","strict","","any"
"343","LEGACY_PORT_37","Shared","legacy-port","universal","outside","any","any","any","dmz","APP-SRV-01","any","any","tcp-1433","Allow","none","","any"
"344","OPEN_OUTSIDE_TO_POS-TERMINALS-G_97","Shared","none","universal","outside","any","any","any","mgmt","POS-TERMINALS-G","any","anydesk","any","Allow","none","","any"
"345","STD_SERVER_TO_DMZ_3889","Shared","app-team","universal","server","APP-SRV-01","any","any","dmz","VOIP-PBX-01","any","voip-generic","application-default","Allow","none","","any"
"346","STD_MGMT_TO_VOIP_2284","Shared","none","universal","mgmt","WORKSTATIONS-FLOOR2","any","any","voip","WORKSTATIONS-FLOOR2","any","dns","application-default","Allow","none","","any"
"347","STD_IOT_TO_AD_274","Shared","none","universal","iot","APP-SRV-02","any","any","ad","APP-SRV-01","any","ssl","application-default","Allow","strict","","any"
"348","STD_SERVER_TO_DMZ_1160","Shared","standard","universal","server","WEB-SRV-02","any","any","dmz","MGMT-JUMPBOX-01","any","web-browsing","application-default","Allow","strict","","any"
"349","[Disabled] OLD_DISABLED_17","Shared","none","universal","outside","any","any","any","voip","APP-SRV-01","any","any","any","Allow","none","","any"
"350","BROAD_INTERNAL_VOIP_TO_POS_69","Shared","internal","universal","voip","any","any","any","pos","any","any","any","any","Allow","none","","any"
"351","STD_INSIDE_TO_OUTSIDE_1827","Shared","none","universal","inside","WORKSTATIONS-FLOOR1","any","any","outside","1.1.1.1/32","any","snmp-base","application-default","Allow","strict","","any"
"352","OPEN_OUTSIDE_TO_APP-SERVERS-G_79","Shared","none","universal","outside","any","any","any","mgmt","APP-SERVERS-G","any","ftp","application-default","Allow","none","","any"
"353","STD_VOIP_TO_POS_2821","Shared","standard","universal","voip","WORKSTATIONS-FLOOR1","any","any","pos","VOIP-PBX-01","any","smtp","application-default","Allow","strict","","any"
"354","STD_VOIP_TO_AD_2634","Shared","standard","universal","voip","WORKSTATIONS-FLOOR2","any","any","ad","APP-SRV-01","any","voip-generic","application-default","Allow","strict","","any"
"355","STD_INSIDE_TO_POS_3942","Shared","standard","universal","inside","DC-01","any","any","pos","WORKSTATIONS-FLOOR1","any","ping","application-default","Allow","strict","","any"
"356","STD_SERVER_TO_POS_3548","Shared","standard","universal","server","FILE-SRV-01","any","any","pos","MGMT-JUMPBOX-01","any","web-browsing","application-default","Allow","strict","","any"
"357","STD_SERVER_TO_DMZ_1553","Shared","standard","universal","server","WORKSTATIONS-FLOOR1","any","any","dmz","IOT-GATEWAY-01","any","voip-generic","application-default","Allow","strict","","any"
"358","STD_SERVER_TO_INSIDE_3675","Shared","app-team","universal","server","FILE-SRV-01","any","any","inside","APP-SRV-02","any","dns","application-default","Allow","strict","","any"
"359","STD_INSIDE_TO_SERVER_3473","Shared","app-team","universal","inside","API-GATEWAY-01","any","any","server","VOIP-PBX-01","any","dns","application-default","Allow","none","","any"
"360","STD_AD_TO_OUTSIDE_265","Shared","app-team","universal","ad","MGMT-JUMPBOX-01","any","any","outside","1.1.1.1/32","any","dns","application-default","Allow","none","","any"
"361","STD_IOT_TO_SERVER_2836","Shared","none","universal","iot","API-GATEWAY-01","any","any","server","IOT-GATEWAY-01","any","ntp","application-default","Allow","strict","","any"
"362","STD_SERVER_TO_OUTSIDE_1694","Shared","standard","universal","server","APP-SRV-02","any","any","outside","8.8.8.8/32","any","dns","application-default","Allow","none","","any"
"363","STD_DMZ_TO_MGMT_922","Shared","app-team","universal","dmz","API-GATEWAY-01","any","any","mgmt","APP-SRV-01","any","ntp","application-default","Allow","strict","","any"
"364","STD_VOIP_TO_IOT_378","Shared","standard","universal","voip","API-GATEWAY-01","any","any","iot","WEB-SRV-02","any","ping","application-default","Allow","none","","any"
"365","STD_SERVER_TO_OUTSIDE_2640","Shared","none","universal","server","API-GATEWAY-01","any","any","outside","1.1.1.1/32","any","web-browsing","application-default","Allow","none","","any"
"366","STD_OUTSIDE_TO_SERVER_1961","Shared","none","universal","outside","any","any","any","server","FILE-SRV-01","any","voip-generic","application-default","Allow","strict","","any"
"367","OUTBOUND_OPEN_4","Shared","legacy-open","universal","iot","any","any","any","outside","any","any","any","any","Allow","none","","any"
"368","BROAD_INTERNAL_IOT_TO_POS_87","Shared","internal","universal","iot","any","any","any","pos","any","any","any","any","Allow","none","","any"
"369","OUTBOUND_OPEN_29","Shared","legacy-open","universal","iot","any","any","any","outside","any","any","any","any","Allow","none","","any"
"370","TEMP_ACCESS_2","Shared","trial-vendor","universal","outside","any","any","any","mgmt","any","any","any","any","Allow","none","","any"
"371","STD_POS_TO_OUTSIDE_816","Shared","app-team","universal","pos","WEB-SRV-01","any","any","outside","9.9.9.9/32","any","sip","application-default","Allow","strict","","any"
"372","REMOTE_ACCESS_34","Shared","remote-support","universal","outside","any","any","any","iot","MGMT-JUMPBOX-01","any","teamviewer","application-default","Allow","none","","any"
"373","STD_IOT_TO_INSIDE_2086","Shared","none","universal","iot","APP-SRV-01","any","any","inside","WEB-SRV-02","any","snmp-base","application-default","Allow","none","","any"
"374","STD_INSIDE_TO_IOT_3100","Shared","standard","universal","inside","WEB-SRV-01","any","any","iot","MGMT-JUMPBOX-01","any","smtp","application-default","Allow","strict","","any"
"375","STD_SERVER_TO_OUTSIDE_2668","Shared","app-team","universal","server","APP-SRV-02","any","any","outside","1.1.1.1/32","any","web-browsing","application-default","Allow","none","","any"
"376","STD_DMZ_TO_VOIP_1601","Shared","none","universal","dmz","WORKSTATIONS-FLOOR2","any","any","voip","WEB-SRV-01","any","mqtt","application-default","Allow","none","","any"
"377","SCOPED_PARTNER_TO_API-GATEWAY-01_64","Shared","partner-integration","universal","outside","THIRD-PARTY-PAYMENT-GW","any","any","dmz","API-GATEWAY-01","any","ssl","application-default","Allow","strict","","any"
"378","STD_INSIDE_TO_OUTSIDE_541","Shared","none","universal","inside","WORKSTATIONS-FLOOR1","any","any","outside","9.9.9.9/32","any","dns","application-default","Allow","strict","","any"
"379","DNS_OUTBOUND_19","Shared","none","universal","inside","WORKSTATIONS-FLOOR1","any","any","outside","9.9.9.9/32","any","dns-over-https","tcp-853","Allow","strict","","any"
"380","RISKY_OUTSIDE_TO_DC-01_91","Shared","remote-access","universal","outside","any","any","any","dmz","DC-01","any","logmein","application-default","Allow","none","","any"
"381","STD_OUTSIDE_TO_IOT_250","Shared","app-team","universal","outside","any","any","any","iot","APP-SRV-01","any","snmp-base","application-default","Allow","strict","","any"
"382","STD_POS_TO_OUTSIDE_1143","Shared","none","universal","pos","WEB-SRV-01","any","any","outside","1.1.1.1/32","any","dns","application-default","Allow","none","","any"
"383","STD_AD_TO_DMZ_1222","Shared","standard","universal","ad","DC-01","any","any","dmz","VOIP-PBX-01","any","voip-generic","application-default","Allow","strict","","any"
"384","STD_IOT_TO_AD_3365","Shared","none","universal","iot","API-GATEWAY-01","any","any","ad","APP-SRV-02","any","ssl","application-default","Allow","none","","any"
"385","STD_MGMT_TO_VOIP_2200","Shared","app-team","universal","mgmt","WEB-SRV-01","any","any","voip","VOIP-PBX-01","any","web-browsing","application-default","Allow","strict","","any"
"386","LEGACY_PORT_21","Shared","legacy-port","universal","inside","any","any","any","dmz","BACKUP-SRV-01","any","any","tcp-443","Allow","none","","any"
"387","STD_INSIDE_TO_DMZ_1298","Shared","app-team","universal","inside","MGMT-JUMPBOX-01","any","any","dmz","FILE-SRV-01","any","ssl","application-default","Allow","strict","","any"
"388","STD_INSIDE_TO_SERVER_2908","Shared","standard","universal","inside","WORKSTATIONS-FLOOR1","any","any","server","WEB-SRV-02","any","smtp","application-default","Allow","strict","","any"
"389","STD_VOIP_TO_SERVER_578","Shared","standard","universal","voip","DC-01","any","any","server","WEB-SRV-01","any","ssl","application-default","Allow","strict","","any"
"390","STD_DMZ_TO_SERVER_3388","Shared","none","universal","dmz","WEB-SRV-01","any","any","server","IOT-GATEWAY-01","any","smtp","application-default","Allow","strict","","any"
"391","SCOPED_NO_PROFILE_0","Shared","partner-integration","universal","outside","PARTNER-VENDOR-A","any","any","dmz","WEB-SRV-01","any","ssl","application-default","Allow","none","","any"
"392","STD_VOIP_TO_SERVER_1289","Shared","standard","universal","voip","MGMT-JUMPBOX-01","any","any","server","APP-SRV-02","any","ping","application-default","Allow","strict","","any"
"393","STD_OUTSIDE_TO_IOT_2701","Shared","app-team","universal","outside","any","any","any","iot","FILE-SRV-01","any","voip-generic","application-default","Allow","strict","","any"
"394","STD_MGMT_TO_INSIDE_649","Shared","app-team","universal","mgmt","WORKSTATIONS-FLOOR1","any","any","inside","FILE-SRV-01","any","snmp-base","application-default","Allow","strict","","any"
"395","STD_POS_TO_SERVER_2449","Shared","standard","universal","pos","MGMT-JUMPBOX-01","any","any","server","WORKSTATIONS-FLOOR1","any","voip-generic","application-default","Allow","strict","","any"
"396","STD_VOIP_TO_POS_750","Shared","none","universal","voip","API-GATEWAY-01","any","any","pos","WEB-SRV-01","any","ntp","application-default","Allow","strict","","any"
"397","STD_SERVER_TO_INSIDE_65","Shared","standard","universal","server","APP-SRV-02","any","any","inside","VOIP-PBX-01","any","ntp","application-default","Allow","none","","any"
"398","STD_SERVER_TO_AD_3442","Shared","app-team","universal","server","APP-SRV-02","any","any","ad","API-GATEWAY-01","any","web-browsing","application-default","Allow","strict","","any"
"399","LEGACY_PORT_42","Shared","legacy-port","universal","inside","any","any","any","mgmt","BACKUP-SRV-01","any","any","tcp-1433","Allow","none","","any"
"400","DUPLICATE_NAME_TEST","Shared","none","universal","outside","any","any","any","dmz","WEB-SRV-01","any","ssl","application-default","Allow","strict","","any"
"401","STD_VOIP_TO_SERVER_1952","Shared","none","universal","voip","WEB-SRV-02","any","any","server","WEB-SRV-02","any","ssl","application-default","Allow","strict","","any"
"402","STD_VOIP_TO_OUTSIDE_2895","Shared","app-team","universal","voip","API-GATEWAY-01","any","any","outside","9.9.9.9/32","any","ntp","application-default","Allow","strict","","any"
"403","STD_INSIDE_TO_AD_3145","Shared","standard","universal","inside","DB-SRV-01","any","any","ad","API-GATEWAY-01","any","ping","application-default","Allow","none","","any"
"404","STD_AD_TO_SERVER_681","Shared","standard","universal","ad","WORKSTATIONS-FLOOR1","any","any","server","FILE-SRV-01","any","web-browsing","application-default","Allow","strict","","any"
"405","STD_MGMT_TO_POS_3282","Shared","none","universal","mgmt","API-GATEWAY-01","any","any","pos","VOIP-PBX-01","any","smtp","application-default","Allow","none","","any"
"406","STD_SERVER_TO_AD_1053","Shared","app-team","universal","server","WEB-SRV-02","any","any","ad","APP-SRV-01","any","web-browsing","application-default","Allow","none","","any"
"407","STD_DMZ_TO_INSIDE_1299","Shared","none","universal","dmz","FILE-SRV-01","any","any","inside","IOT-GATEWAY-01","any","ssl","application-default","Allow","strict","","any"
"408","STD_MGMT_TO_SERVER_2664","Shared","standard","universal","mgmt","WEB-SRV-01","any","any","server","DB-SRV-01","any","voip-generic","application-default","Allow","strict","","any"
"409","SCOPED_INTERNAL_VOIP_TO_AD_77","Shared","standard","universal","voip","WORKSTATIONS-FLOOR1","any","any","ad","FILE-SRV-01","any","ssl","application-default","Allow","strict","","any"
"410","RISKY_OUTSIDE_TO_MGMT-JUMPBOX-01_105","Shared","remote-access","universal","outside","any","any","any","pos","MGMT-JUMPBOX-01","any","telnet","application-default","Allow","none","","any"
"411","STD_IOT_TO_INSIDE_1892","Shared","standard","universal","iot","DC-01","any","any","inside","DC-01","any","snmp-base","application-default","Allow","strict","","any"
"412","REMOTE_ACCESS_0","Shared","remote-support","universal","outside","any","any","any","voip","FILE-SRV-01","any","anydesk","application-default","Allow","none","","any"
"413","STD_IOT_TO_MGMT_2851","Shared","app-team","universal","iot","WEB-SRV-01","any","any","mgmt","VOIP-PBX-01","any","web-browsing","application-default","Allow","strict","","any"
"414","STD_MGMT_TO_VOIP_1641","Shared","none","universal","mgmt","WEB-SRV-01","any","any","voip","DB-SRV-01","any","web-browsing","application-default","Allow","strict","","any"
"415","STD_POS_TO_IOT_1847","Shared","app-team","universal","pos","WORKSTATIONS-FLOOR2","any","any","iot","WORKSTATIONS-FLOOR2","any","ssl","application-default","Allow","strict","","any"
"416","STD_POS_TO_DMZ_3669","Shared","app-team","universal","pos","APP-SRV-01","any","any","dmz","VOIP-PBX-01","any","voip-generic","application-default","Allow","strict","","any"
"417","STD_MGMT_TO_AD_2470","Shared","standard","universal","mgmt","WORKSTATIONS-FLOOR1","any","any","ad","DC-01","any","ntp","application-default","Allow","strict","","any"
"418","STD_SERVER_TO_MGMT_3808","Shared","app-team","universal","server","WORKSTATIONS-FLOOR2","any","any","mgmt","FILE-SRV-01","any","snmp-base","application-default","Allow","none","","any"
"419","STD_INSIDE_TO_OUTSIDE_1256","Shared","none","universal","inside","WEB-SRV-01","any","any","outside","9.9.9.9/32","any","smtp","application-default","Allow","none","","any"
"420","STD_VOIP_TO_MGMT_620","Shared","app-team","universal","voip","WORKSTATIONS-FLOOR2","any","any","mgmt","WEB-SRV-02","any","web-browsing","application-default","Allow","none","","any"
"421","STD_INSIDE_TO_DMZ_2846","Shared","standard","universal","inside","DB-SRV-01","any","any","dmz","WEB-SRV-02","any","dns","application-default","Allow","strict","","any"
"422","STD_OUTSIDE_TO_MGMT_1023","Shared","none","universal","outside","any","any","any","mgmt","VOIP-PBX-01","any","ntp","application-default","Allow","strict","","any"
"423","OUTBOUND_SCOPED_7","Shared","outbound-standard","universal","inside","MGMT-JUMPBOX-01","any","any","outside","185.129.20.251/32","any","ping","application-default","Allow","strict","","any"
"424","STD_INSIDE_TO_OUTSIDE_2765","Shared","none","universal","inside","WORKSTATIONS-FLOOR1","any","any","outside","8.8.8.8/32","any","ntp","application-default","Allow","none","","any"
"425","STD_OUTSIDE_TO_POS_340","Shared","none","universal","outside","any","any","any","pos","API-GATEWAY-01","any","dns","application-default","Allow","strict","","any"
"426","DNS_OUTBOUND_34","Shared","none","universal","mgmt","MGMT-JUMPBOX-01","any","any","outside","9.9.9.9/32","any","dns","application-default","Allow","none","","any"
"427","STD_DMZ_TO_SERVER_3651","Shared","app-team","universal","dmz","WEB-SRV-02","any","any","server","API-GATEWAY-01","any","voip-generic","application-default","Allow","strict","","any"
"428","STD_AD_TO_OUTSIDE_2252","Shared","none","universal","ad","MGMT-JUMPBOX-01","any","any","outside","1.1.1.1/32","any","voip-generic","application-default","Allow","strict","","any"
"429","STD_OUTSIDE_TO_VOIP_3056","Shared","standard","universal","outside","any","any","any","voip","FILE-SRV-01","any","sip","application-default","Allow","strict","","any"
"430","STD_AD_TO_SERVER_2710","Shared","standard","universal","ad","WEB-SRV-01","any","any","server","DC-01","any","ntp","application-default","Allow","none","","any"
"431","TEMP_ACCESS_23","Shared","test-access","universal","outside","any","any","any","dmz","any","any","any","any","Allow","none","","any"
"432","STD_IOT_TO_DMZ_3865","Shared","app-team","universal","iot","FILE-SRV-01","any","any","dmz","APP-SRV-02","any","smtp","application-default","Allow","strict","","any"
"433","STD_POS_TO_OUTSIDE_1284","Shared","app-team","universal","pos","WORKSTATIONS-FLOOR2","any","any","outside","8.8.8.8/32","any","sip","application-default","Allow","strict","","any"
"434","STD_VOIP_TO_POS_2678","Shared","app-team","universal","voip","WEB-SRV-01","any","any","pos","WORKSTATIONS-FLOOR2","any","voip-generic","application-default","Allow","none","","any"
"435","STD_IOT_TO_POS_683","Shared","app-team","universal","iot","FILE-SRV-01","any","any","pos","WORKSTATIONS-FLOOR2","any","smtp","application-default","Allow","none","","any"
"436","SCOPED_PARTNER_TO_WEB-SRV-02_50","Shared","partner-integration","universal","outside","PARTNER-VENDOR-B","any","any","dmz","WEB-SRV-02","any","ssl","application-default","Allow","strict","","any"
"437","STD_DMZ_TO_IOT_1416","Shared","standard","universal","dmz","FILE-SRV-01","any","any","iot","DB-SRV-01","any","snmp-base","application-default","Allow","strict","","any"
"438","INSIDE_TO_DC_76","Shared","ad-auth","universal","inside","any","any","any","ad","DOMAIN-CONTROLLERS-G","any","kerberos","application-default","Allow","none","","any"
"439","STD_INSIDE_TO_MGMT_3968","Shared","app-team","universal","inside","IOT-GATEWAY-01","any","any","mgmt","API-GATEWAY-01","any","ntp","application-default","Allow","strict","","any"
"440","STD_VOIP_TO_SERVER_1201","Shared","none","universal","voip","WORKSTATIONS-FLOOR1","any","any","server","DC-01","any","snmp-base","application-default","Allow","none","","any"
"441","BROAD_INTERNAL_POS_TO_INSIDE_32","Shared","internal","universal","pos","any","any","any","inside","any","any","any","any","Allow","none","","any"
"442","STD_AD_TO_VOIP_2603","Shared","standard","universal","ad","WEB-SRV-01","any","any","voip","MGMT-JUMPBOX-01","any","dns","application-default","Allow","strict","","any"
"443","STD_DMZ_TO_POS_2377","Shared","standard","universal","dmz","FILE-SRV-01","any","any","pos","VOIP-PBX-01","any","voip-generic","application-default","Allow","none","","any"
"444","STD_INSIDE_TO_DMZ_1613","Shared","standard","universal","inside","WORKSTATIONS-FLOOR1","any","any","dmz","APP-SRV-01","any","ntp","application-default","Allow","strict","","any"
"445","STD_AD_TO_SERVER_573","Shared","standard","universal","ad","DB-SRV-01","any","any","server","VOIP-PBX-01","any","web-browsing","application-default","Allow","strict","","any"
"446","STD_VOIP_TO_AD_2833","Shared","standard","universal","voip","FILE-SRV-01","any","any","ad","API-GATEWAY-01","any","ssl","application-default","Allow","strict","","any"
"447","STD_INSIDE_TO_DMZ_694","Shared","app-team","universal","inside","WEB-SRV-02","any","any","dmz","WORKSTATIONS-FLOOR1","any","ssl","application-default","Allow","none","","any"
"448","STD_MGMT_TO_DMZ_2680","Shared","standard","universal","mgmt","APP-SRV-01","any","any","dmz","APP-SRV-01","any","ssl","application-default","Allow","strict","","any"
"449","[Disabled] OLD_DISABLED_26","Shared","none","universal","outside","any","any","any","inside","APP-SRV-01","any","any","any","Allow","none","","any"
"450","STD_POS_TO_OUTSIDE_2879","Shared","app-team","universal","pos","API-GATEWAY-01","any","any","outside","9.9.9.9/32","any","ssl","application-default","Allow","none","","any"
"451","STD_IOT_TO_OUTSIDE_2234","Shared","standard","universal","iot","APP-SRV-02","any","any","outside","8.8.8.8/32","any","ssl","application-default","Allow","strict","","any"
"452","STD_IOT_TO_AD_593","Shared","none","universal","iot","WORKSTATIONS-FLOOR1","any","any","ad","APP-SRV-01","any","smtp","application-default","Allow","strict","","any"
"453","STD_OUTSIDE_TO_IOT_2574","Shared","standard","universal","outside","any","any","any","iot","WEB-SRV-02","any","smtp","application-default","Allow","strict","","any"
"454","RISKY_OUTSIDE_TO_FILE-SRV-01_87","Shared","remote-access","universal","outside","any","any","any","iot","FILE-SRV-01","any","mysql","application-default","Allow","none","","any"
"455","STD_VOIP_TO_DMZ_385","Shared","standard","universal","voip","APP-SRV-02","any","any","dmz","DB-SRV-01","any","mqtt","application-default","Allow","strict","","any"
"456","LEGACY_PORT_44","Shared","legacy-port","universal","outside","any","any","any","pos","FILE-SRV-01","any","any","tcp-443","Allow","none","","any"
"457","CORP_TO_POS_15","Shared","admin-access","universal","dmz","any","any","any","pos","any","any","any","application-default","Allow","none","","any"
"458","STD_AD_TO_POS_2645","Shared","standard","universal","ad","DB-SRV-01","any","any","pos","IOT-GATEWAY-01","any","ssl","application-default","Allow","none","","any"
"459","STD_OUTSIDE_TO_VOIP_1522","Shared","app-team","universal","outside","any","any","any","voip","WORKSTATIONS-FLOOR2","any","web-browsing","application-default","Allow","strict","","any"
"460","TEMP_ACCESS_1","Shared","test-access","universal","outside","any","any","any","iot","any","any","any","any","Allow","none","","any"
"461","STD_POS_TO_DMZ_123","Shared","none","universal","pos","WORKSTATIONS-FLOOR2","any","any","dmz","DC-01","any","mqtt","application-default","Allow","none","","any"
"462","STD_IOT_TO_VOIP_1632","Shared","standard","universal","iot","IOT-GATEWAY-01","any","any","voip","FILE-SRV-01","any","smtp","application-default","Allow","strict","","any"
"463","STD_INSIDE_TO_AD_1656","Shared","standard","universal","inside","APP-SRV-01","any","any","ad","MGMT-JUMPBOX-01","any","dns","application-default","Allow","strict","","any"
"464","SERVER_TO_DC_13","Shared","ad-auth","universal","server","WORKSTATIONS-FLOOR1","any","any","ad","DOMAIN-CONTROLLERS-G","any","ldap","application-default","Allow","none","","any"
"465","STD_MGMT_TO_OUTSIDE_3390","Shared","app-team","universal","mgmt","DC-01","any","any","outside","8.8.8.8/32","any","voip-generic","application-default","Allow","strict","","any"
"466","STD_MGMT_TO_SERVER_1402","Shared","none","universal","mgmt","MGMT-JUMPBOX-01","any","any","server","FILE-SRV-01","any","sip","application-default","Allow","strict","","any"
"467","STD_INSIDE_TO_OUTSIDE_213","Shared","standard","universal","inside","WORKSTATIONS-FLOOR1","any","any","outside","8.8.8.8/32","any","web-browsing","application-default","Allow","strict","","any"
"468","STD_POS_TO_IOT_2538","Shared","standard","universal","pos","DC-01","any","any","iot","IOT-GATEWAY-01","any","web-browsing","application-default","Allow","none","","any"
"469","STD_AD_TO_VOIP_1007","Shared","app-team","universal","ad","APP-SRV-02","any","any","voip","WORKSTATIONS-FLOOR2","any","ping","application-default","Allow","strict","","any"
"470","STD_IOT_TO_DMZ_2571","Shared","standard","universal","iot","API-GATEWAY-01","any","any","dmz","WEB-SRV-01","any","ssl","application-default","Allow","strict","","any"
"471","STD_AD_TO_VOIP_3044","Shared","standard","universal","ad","VOIP-PBX-01","any","any","voip","IOT-GATEWAY-01","any","voip-generic","application-default","Allow","none","","any"
"472","RISKY_OUTSIDE_TO_APP-SRV-01_93","Shared","remote-access","universal","outside","any","any","any","iot","APP-SRV-01","any","postgres","application-default","Allow","none","","any"
"473","BROAD_INTERNAL_VOIP_TO_SERVER_79","Shared","internal","universal","voip","any","any","any","server","any","any","any","any","Allow","none","","any"
"474","STD_IOT_TO_DMZ_262","Shared","standard","universal","iot","DC-01","any","any","dmz","DB-SRV-01","any","voip-generic","application-default","Allow","none","","any"
"475","STD_POS_TO_IOT_1388","Shared","app-team","universal","pos","API-GATEWAY-01","any","any","iot","API-GATEWAY-01","any","sip","application-default","Allow","strict","","any"
"476","STD_IOT_TO_MGMT_1971","Shared","standard","universal","iot","API-GATEWAY-01","any","any","mgmt","DC-01","any","snmp-base","application-default","Allow","strict","","any"
"477","STD_POS_TO_OUTSIDE_710","Shared","none","universal","pos","WEB-SRV-02","any","any","outside","9.9.9.9/32","any","snmp-base","application-default","Allow","none","","any"
"478","STD_OUTSIDE_TO_POS_2480","Shared","standard","universal","outside","any","any","any","pos","FILE-SRV-01","any","dns","application-default","Allow","strict","","any"
"479","STD_IOT_TO_AD_782","Shared","none","universal","iot","WORKSTATIONS-FLOOR1","any","any","ad","MGMT-JUMPBOX-01","any","ntp","application-default","Allow","strict","","any"
"480","STD_VOIP_TO_SERVER_1542","Shared","none","universal","voip","APP-SRV-02","any","any","server","WORKSTATIONS-FLOOR1","any","ping","application-default","Allow","strict","","any"
"481","STD_IOT_TO_OUTSIDE_725","Shared","app-team","universal","iot","WEB-SRV-02","any","any","outside","9.9.9.9/32","any","snmp-base","application-default","Allow","strict","","any"
"482","STD_INSIDE_TO_OUTSIDE_384","Shared","none","universal","inside","API-GATEWAY-01","any","any","outside","9.9.9.9/32","any","mqtt","application-default","Allow","strict","","any"
"483","STD_MGMT_TO_IOT_2265","Shared","app-team","universal","mgmt","WORKSTATIONS-FLOOR1","any","any","iot","WORKSTATIONS-FLOOR1","any","ssl","application-default","Allow","none","","any"
"484","[Disabled] OLD_DISABLED_15","Shared","none","universal","outside","any","any","any","mgmt","FILE-SRV-01","any","any","any","Allow","none","","any"
"485","SCOPED_PARTNER_TO_WEB-SRV-02_2","Shared","partner-integration","universal","outside","THIRD-PARTY-PAYMENT-GW","any","any","dmz","WEB-SRV-02","any","ssl","application-default","Allow","strict","","any"
"486","STD_INSIDE_TO_AD_2600","Shared","app-team","universal","inside","MGMT-JUMPBOX-01","any","any","ad","WORKSTATIONS-FLOOR2","any","dns","application-default","Allow","none","","any"
"487","STD_OUTSIDE_TO_AD_3725","Shared","none","universal","outside","any","any","any","ad","IOT-GATEWAY-01","any","ping","application-default","Allow","strict","","any"
"488","VOIP_TO_DC_32","Shared","ad-auth","universal","voip","any","any","any","ad","DOMAIN-CONTROLLERS-G","any","ldap","application-default","Allow","none","","any"
"489","STD_OUTSIDE_TO_SERVER_701","Shared","app-team","universal","outside","any","any","any","server","MGMT-JUMPBOX-01","any","sip","application-default","Allow","strict","","any"
"490","STD_OUTSIDE_TO_POS_1089","Shared","app-team","universal","outside","any","any","any","pos","MGMT-JUMPBOX-01","any","snmp-base","application-default","Allow","strict","","any"
"491","STD_DMZ_TO_AD_34","Shared","standard","universal","dmz","APP-SRV-01","any","any","ad","IOT-GATEWAY-01","any","smtp","application-default","Allow","strict","","any"
"492","STD_OUTSIDE_TO_AD_1476","Shared","standard","universal","outside","any","any","any","ad","FILE-SRV-01","any","ping","application-default","Allow","strict","","any"
"493","STD_INSIDE_TO_SERVER_58","Shared","app-team","universal","inside","IOT-GATEWAY-01","any","any","server","APP-SRV-01","any","mqtt","application-default","Allow","strict","","any"
"494","SCOPED_PARTNER_TO_WEB-SRV-01_7","Shared","partner-integration","universal","outside","PARTNER-VENDOR-A","any","any","dmz","WEB-SRV-01","any","ssl","application-default","Allow","strict","","any"
"495","STD_AD_TO_SERVER_3028","Shared","none","universal","ad","API-GATEWAY-01","any","any","server","WORKSTATIONS-FLOOR2","any","ping","application-default","Allow","strict","","any"
"496","STD_OUTSIDE_TO_VOIP_482","Shared","none","universal","outside","any","any","any","voip","DB-SRV-01","any","dns","application-default","Allow","none","","any"
"497","STD_MGMT_TO_AD_458","Shared","none","universal","mgmt","WORKSTATIONS-FLOOR2","any","any","ad","FILE-SRV-01","any","dns","application-default","Allow","none","","any"
"498","STD_VOIP_TO_POS_196","Shared","standard","universal","voip","WEB-SRV-02","any","any","pos","IOT-GATEWAY-01","any","voip-generic","application-default","Allow","strict","","any"
"499","SCOPED_INTERNAL_MGMT_TO_VOIP_21","Shared","standard","universal","mgmt","MGMT-JUMPBOX-01","any","any","voip","FILE-SRV-01","any","ping","application-default","Allow","strict","","any"
"500","STD_VOIP_TO_DMZ_1716","Shared","none","universal","voip","APP-SRV-01","any","any","dmz","FILE-SRV-01","any","ping","application-default","Allow","none","","any"
"501","STD_AD_TO_OUTSIDE_2505","Shared","app-team","universal","ad","DB-SRV-01","any","any","outside","8.8.8.8/32","any","dns","application-default","Allow","strict","","any"
"502","STD_OUTSIDE_TO_AD_1467","Shared","none","universal","outside","any","any","any","ad","WORKSTATIONS-FLOOR2","any","snmp-base","application-default","Allow","strict","","any"
"503","NEGATED_RFC1918_8","Shared","none","universal","server","[Negate]  10.0.0.0-10.255.255.255;[Negate]  172.16.0.0-172.31.255.255;[Negate]  192.168.0.0-192.168.255.255","any","any","outside","any","any","web-browsing","application-default","Allow","strict","","any"
"504","OPEN_OUTSIDE_TO_POS-TERMINALS-G_51","Shared","none","universal","outside","any","any","any","pos","POS-TERMINALS-G","any","mysql","any","Allow","none","","any"
"505","OUTBOUND_SCOPED_37","Shared","outbound-standard","universal","server","MGMT-JUMPBOX-01","any","any","outside","CLOUD-BACKUP-PROVIDER","any","ntp","application-default","Allow","strict","","any"
"506","STD_OUTSIDE_TO_IOT_1043","Shared","app-team","universal","outside","any","any","any","iot","APP-SRV-01","any","ssl","application-default","Allow","none","","any"
"507","LEGACY_PORT_46","Shared","legacy-port","universal","inside","any","any","any","pos","FILE-SRV-01","any","any","tcp-5900","Allow","none","","any"
"508","STD_VOIP_TO_AD_2429","Shared","none","universal","voip","WORKSTATIONS-FLOOR2","any","any","ad","WORKSTATIONS-FLOOR1","any","ssl","application-default","Allow","none","","any"
"509","STD_MGMT_TO_SERVER_2983","Shared","none","universal","mgmt","API-GATEWAY-01","any","any","server","MGMT-JUMPBOX-01","any","ping","application-default","Allow","strict","","any"
"510","STD_MGMT_TO_IOT_1850","Shared","standard","universal","mgmt","APP-SRV-01","any","any","iot","APP-SRV-01","any","dns","application-default","Allow","strict","","any"
"511","STD_MGMT_TO_IOT_92","Shared","standard","universal","mgmt","MGMT-JUMPBOX-01","any","any","iot","DC-01","any","smtp","application-default","Allow","strict","","any"
"512","STD_SERVER_TO_VOIP_133","Shared","none","universal","server","MGMT-JUMPBOX-01","any","any","voip","MGMT-JUMPBOX-01","any","web-browsing","application-default","Allow","strict","","any"
"513","OPEN_OUTSIDE_TO_MGMT-HOSTS-G_106","Shared","legacy-open","universal","outside","any","any","any","dmz","MGMT-HOSTS-G","any","ldap","application-default","Allow","none","","any"
"514","STD_DMZ_TO_MGMT_2876","Shared","app-team","universal","dmz","WEB-SRV-01","any","any","mgmt","APP-SRV-02","any","voip-generic","application-default","Allow","strict","","any"
"515","IOT_TO_DC_44","Shared","ad-auth","universal","iot","WORKSTATIONS-FLOOR2","any","any","ad","DOMAIN-CONTROLLERS-G","any","ldap","application-default","Allow","none","","any"
"516","STD_OUTSIDE_TO_INSIDE_1623","Shared","none","universal","outside","any","any","any","inside","WEB-SRV-01","any","ping","application-default","Allow","none","","any"
"517","STD_OUTSIDE_TO_DMZ_2724","Shared","standard","universal","outside","any","any","any","dmz","API-GATEWAY-01","any","snmp-base","application-default","Allow","none","","any"
"518","STD_POS_TO_VOIP_3049","Shared","app-team","universal","pos","APP-SRV-01","any","any","voip","MGMT-JUMPBOX-01","any","sip","application-default","Allow","strict","","any"
"519","STD_OUTSIDE_TO_INSIDE_2694","Shared","app-team","universal","outside","any","any","any","inside","WORKSTATIONS-FLOOR2","any","ssl","application-default","Allow","none","","any"
"520","STD_OUTSIDE_TO_DMZ_1327","Shared","standard","universal","outside","any","any","any","dmz","DB-SRV-01","any","ssl","application-default","Allow","none","","any"
"521","STD_IOT_TO_INSIDE_1347","Shared","app-team","universal","iot","IOT-GATEWAY-01","any","any","inside","VOIP-PBX-01","any","mqtt","application-default","Allow","none","","any"
"522","STD_DMZ_TO_OUTSIDE_569","Shared","none","universal","dmz","WORKSTATIONS-FLOOR1","any","any","outside","9.9.9.9/32","any","dns","application-default","Allow","strict","","any"
"523","STD_SERVER_TO_IOT_3500","Shared","none","universal","server","MGMT-JUMPBOX-01","any","any","iot","WEB-SRV-01","any","ntp","application-default","Allow","strict","","any"
"524","STD_SERVER_TO_MGMT_3208","Shared","app-team","universal","server","FILE-SRV-01","any","any","mgmt","DB-SRV-01","any","snmp-base","application-default","Allow","none","","any"
"525","STD_IOT_TO_INSIDE_896","Shared","standard","universal","iot","API-GATEWAY-01","any","any","inside","VOIP-PBX-01","any","mqtt","application-default","Allow","strict","","any"
"526","STD_MGMT_TO_IOT_59","Shared","none","universal","mgmt","WEB-SRV-02","any","any","iot","APP-SRV-02","any","ssl","application-default","Allow","strict","","any"
"527","STD_SERVER_TO_INSIDE_1574","Shared","standard","universal","server","WEB-SRV-01","any","any","inside","VOIP-PBX-01","any","ssl","application-default","Allow","strict","","any"
"528","LEGACY_PORT_31","Shared","legacy-port","universal","outside","any","any","any","mgmt","FILE-SRV-01","any","any","tcp-5900","Allow","none","","any"
"529","STD_VOIP_TO_DMZ_175","Shared","none","universal","voip","APP-SRV-02","any","any","dmz","WORKSTATIONS-FLOOR2","any","ntp","application-default","Allow","strict","","any"
"530","STD_MGMT_TO_AD_3866","Shared","app-team","universal","mgmt","API-GATEWAY-01","any","any","ad","DC-01","any","smtp","application-default","Allow","none","","any"
"531","STD_VOIP_TO_DMZ_1321","Shared","app-team","universal","voip","VOIP-PBX-01","any","any","dmz","DC-01","any","ntp","application-default","Allow","strict","","any"
"532","STD_POS_TO_DMZ_830","Shared","app-team","universal","pos","WORKSTATIONS-FLOOR2","any","any","dmz","DB-SRV-01","any","dns","application-default","Allow","none","","any"
"533","TEMP_ACCESS_16","Shared","trial-vendor","universal","outside","any","any","any","server","any","any","any","any","Allow","none","","any"
"534","BROAD_INTERNAL_IOT_TO_SERVER_88","Shared","internal","universal","iot","any","any","any","server","any","any","any","any","Allow","none","","any"
"535","STD_MGMT_TO_POS_1028","Shared","standard","universal","mgmt","FILE-SRV-01","any","any","pos","IOT-GATEWAY-01","any","voip-generic","application-default","Allow","none","","any"
"536","STD_OUTSIDE_TO_IOT_2494","Shared","standard","universal","outside","any","any","any","iot","WEB-SRV-02","any","ntp","application-default","Allow","strict","","any"
"537","STD_IOT_TO_OUTSIDE_3614","Shared","app-team","universal","iot","WORKSTATIONS-FLOOR1","any","any","outside","1.1.1.1/32","any","smtp","application-default","Allow","none","","any"
"538","STD_OUTSIDE_TO_VOIP_1942","Shared","standard","universal","outside","any","any","any","voip","IOT-GATEWAY-01","any","dns","application-default","Allow","strict","","any"
"539","STD_VOIP_TO_POS_2626","Shared","app-team","universal","voip","WEB-SRV-02","any","any","pos","API-GATEWAY-01","any","voip-generic","application-default","Allow","none","","any"
"540","STD_POS_TO_VOIP_282","Shared","standard","universal","pos","DC-01","any","any","voip","DC-01","any","ntp","application-default","Allow","strict","","any"
"541","STD_OUTSIDE_TO_AD_2551","Shared","standard","universal","outside","any","any","any","ad","WORKSTATIONS-FLOOR2","any","smtp","application-default","Allow","none","","any"
"542","STD_INSIDE_TO_SERVER_514","Shared","none","universal","inside","DB-SRV-01","any","any","server","WEB-SRV-02","any","ntp","application-default","Allow","strict","","any"
"543","LEGACY_PORT_5","Shared","legacy-port","universal","inside","any","any","any","voip","BACKUP-SRV-01","any","any","tcp-27017","Allow","none","","any"
"544","STD_SERVER_TO_MGMT_3809","Shared","none","universal","server","WORKSTATIONS-FLOOR2","any","any","mgmt","API-GATEWAY-01","any","ping","application-default","Allow","strict","","any"
"545","SCOPED_PARTNER_TO_API-GATEWAY-01_57","Shared","partner-integration","universal","outside","PARTNER-VENDOR-A","any","any","dmz","API-GATEWAY-01","any","ssl","application-default","Allow","strict","","any"
"546","STD_MGMT_TO_SERVER_2171","Shared","none","universal","mgmt","APP-SRV-01","any","any","server","VOIP-PBX-01","any","voip-generic","application-default","Allow","none","","any"
"547","STD_VOIP_TO_OUTSIDE_3426","Shared","standard","universal","voip","IOT-GATEWAY-01","any","any","outside","9.9.9.9/32","any","sip","application-default","Allow","none","","any"
"548","STD_VOIP_TO_AD_1926","Shared","app-team","universal","voip","FILE-SRV-01","any","any","ad","VOIP-PBX-01","any","voip-generic","application-default","Allow","strict","","any"
"549","STD_OUTSIDE_TO_IOT_2005","Shared","app-team","universal","outside","any","any","any","iot","MGMT-JUMPBOX-01","any","smtp","application-default","Allow","none","","any"
"550","SCOPED_INTERNAL_SERVER_TO_IOT_43","Shared","standard","universal","server","APP-SRV-01","any","any","iot","DB-SRV-01","any","ping","application-default","Allow","strict","","any"
"551","LEGACY_PORT_36","Shared","legacy-port","universal","outside","any","any","any","server","BACKUP-SRV-01","any","any","tcp-23","Allow","none","","any"
"552","STD_DMZ_TO_POS_2141","Shared","none","universal","dmz","DB-SRV-01","any","any","pos","APP-SRV-02","any","sip","application-default","Allow","strict","","any"
"553","INSIDE_TO_DC_34","Shared","ad-auth","universal","inside","WORKSTATIONS-FLOOR2","any","any","ad","DOMAIN-CONTROLLERS-G","any","ms-ds-smb","application-default","Allow","none","","any"
"554","STD_OUTSIDE_TO_DMZ_3716","Shared","app-team","universal","outside","any","any","any","dmz","FILE-SRV-01","any","mqtt","application-default","Allow","strict","","any"
"555","STD_AD_TO_DMZ_3169","Shared","app-team","universal","ad","MGMT-JUMPBOX-01","any","any","dmz","WEB-SRV-01","any","ssl","application-default","Allow","strict","","any"
"556","OPEN_OUTSIDE_TO_WEB-SERVERS-G_142","Shared","legacy-open","universal","outside","any","any","any","dmz","WEB-SERVERS-G","any","any","application-default","Allow","none","","any"
"557","STD_POS_TO_SERVER_2260","Shared","app-team","universal","pos","DB-SRV-01","any","any","server","WEB-SRV-02","any","ping","application-default","Allow","none","","any"
"558","STD_POS_TO_VOIP_1964","Shared","none","universal","pos","VOIP-PBX-01","any","any","voip","DC-01","any","ssl","application-default","Allow","strict","","any"
"559","STD_POS_TO_INSIDE_2864","Shared","standard","universal","pos","WORKSTATIONS-FLOOR2","any","any","inside","FILE-SRV-01","any","smtp","application-default","Allow","strict","","any"
"560","STD_DMZ_TO_POS_2425","Shared","none","universal","dmz","IOT-GATEWAY-01","any","any","pos","DC-01","any","ntp","application-default","Allow","strict","","any"
"561","STD_VOIP_TO_POS_3721","Shared","none","universal","voip","API-GATEWAY-01","any","any","pos","API-GATEWAY-01","any","sip","application-default","Allow","strict","","any"
"562","STD_POS_TO_DMZ_973","Shared","none","universal","pos","IOT-GATEWAY-01","any","any","dmz","MGMT-JUMPBOX-01","any","mqtt","application-default","Allow","strict","","any"
"563","STD_MGMT_TO_AD_3729","Shared","app-team","universal","mgmt","APP-SRV-02","any","any","ad","WORKSTATIONS-FLOOR2","any","ping","application-default","Allow","strict","","any"
"564","STD_POS_TO_IOT_3498","Shared","standard","universal","pos","WORKSTATIONS-FLOOR1","any","any","iot","WEB-SRV-01","any","web-browsing","application-default","Allow","strict","","any"
"565","STD_DMZ_TO_MGMT_3037","Shared","standard","universal","dmz","API-GATEWAY-01","any","any","mgmt","DC-01","any","dns","application-default","Allow","none","","any"
"566","STD_VOIP_TO_DMZ_2698","Shared","standard","universal","voip","WORKSTATIONS-FLOOR2","any","any","dmz","APP-SRV-02","any","mqtt","application-default","Allow","strict","","any"
"567","STD_INSIDE_TO_MGMT_83","Shared","none","universal","inside","APP-SRV-02","any","any","mgmt","FILE-SRV-01","any","dns","application-default","Allow","strict","","any"
"568","STD_POS_TO_VOIP_1920","Shared","standard","universal","pos","DC-01","any","any","voip","WORKSTATIONS-FLOOR2","any","ssl","application-default","Allow","strict","","any"
"569","TEMP_ACCESS_10","Shared","test-access","universal","outside","any","any","any","voip","any","any","any","any","Allow","none","","any"
"570","STD_OUTSIDE_TO_MGMT_1597","Shared","none","universal","outside","any","any","any","mgmt","DC-01","any","ntp","application-default","Allow","none","","any"
"571","STD_DMZ_TO_AD_2359","Shared","app-team","universal","dmz","WORKSTATIONS-FLOOR1","any","any","ad","IOT-GATEWAY-01","any","ping","application-default","Allow","none","","any"
"572","STD_AD_TO_VOIP_3114","Shared","app-team","universal","ad","FILE-SRV-01","any","any","voip","APP-SRV-02","any","ntp","application-default","Allow","none","","any"
"573","STD_SERVER_TO_VOIP_1506","Shared","none","universal","server","DC-01","any","any","voip","MGMT-JUMPBOX-01","any","smtp","application-default","Allow","none","","any"
"574","OPEN_OUTSIDE_TO_MGMT-HOSTS-G_73","Shared","none","universal","outside","any","any","any","mgmt","MGMT-HOSTS-G","any","anydesk","application-default","Allow","none","","any"
"575","STD_DMZ_TO_OUTSIDE_780","Shared","none","universal","dmz","DB-SRV-01","any","any","outside","1.1.1.1/32","any","sip","application-default","Allow","strict","","any"
"576","STD_VOIP_TO_INSIDE_1689","Shared","app-team","universal","voip","IOT-GATEWAY-01","any","any","inside","DB-SRV-01","any","sip","application-default","Allow","strict","","any"
"577","DNS_OUTBOUND_31","Shared","none","universal","mgmt","MGMT-JUMPBOX-01","any","any","outside","9.9.9.9/32","any","dns","application-default","Allow","strict","","any"
"578","STD_VOIP_TO_INSIDE_2357","Shared","none","universal","voip","WORKSTATIONS-FLOOR1","any","any","inside","WORKSTATIONS-FLOOR2","any","dns","application-default","Allow","strict","","any"
"579","STD_OUTSIDE_TO_VOIP_2554","Shared","standard","universal","outside","any","any","any","voip","DC-01","any","ntp","application-default","Allow","none","","any"
"580","STD_DMZ_TO_IOT_1157","Shared","none","universal","dmz","WEB-SRV-02","any","any","iot","FILE-SRV-01","any","ping","application-default","Allow","none","","any"
"581","STD_POS_TO_DMZ_157","Shared","none","universal","pos","WEB-SRV-02","any","any","dmz","MGMT-JUMPBOX-01","any","smtp","application-default","Allow","strict","","any"
"582","STD_INSIDE_TO_DMZ_2256","Shared","app-team","universal","inside","WEB-SRV-01","any","any","dmz","WEB-SRV-02","any","ntp","application-default","Allow","none","","any"
"583","STD_INSIDE_TO_DMZ_2690","Shared","standard","universal","inside","VOIP-PBX-01","any","any","dmz","API-GATEWAY-01","any","voip-generic","application-default","Allow","strict","","any"
"584","STD_MGMT_TO_OUTSIDE_2094","Shared","app-team","universal","mgmt","APP-SRV-01","any","any","outside","1.1.1.1/32","any","smtp","application-default","Allow","strict","","any"
"585","STD_OUTSIDE_TO_POS_1768","Shared","app-team","universal","outside","any","any","any","pos","API-GATEWAY-01","any","ping","application-default","Allow","strict","","any"
"586","STD_AD_TO_VOIP_1881","Shared","standard","universal","ad","WEB-SRV-02","any","any","voip","API-GATEWAY-01","any","voip-generic","application-default","Allow","strict","","any"
"587","NEGATED_RFC1918_2","Shared","none","universal","dmz","[Negate]  10.0.0.0-10.255.255.255;[Negate]  172.16.0.0-172.31.255.255;[Negate]  192.168.0.0-192.168.255.255","any","any","outside","any","any","web-browsing","application-default","Allow","strict","","any"
"588","STD_AD_TO_IOT_3837","Shared","standard","universal","ad","DB-SRV-01","any","any","iot","DC-01","any","snmp-base","application-default","Allow","strict","","any"
"589","STD_MGMT_TO_AD_200","Shared","standard","universal","mgmt","IOT-GATEWAY-01","any","any","ad","MGMT-JUMPBOX-01","any","snmp-base","application-default","Allow","none","","any"
"590","STD_OUTSIDE_TO_POS_312","Shared","none","universal","outside","any","any","any","pos","DC-01","any","ping","application-default","Allow","none","","any"
"591","STD_POS_TO_AD_383","Shared","app-team","universal","pos","WORKSTATIONS-FLOOR2","any","any","ad","APP-SRV-02","any","sip","application-default","Allow","none","","any"
"592","STD_DMZ_TO_SERVER_3368","Shared","standard","universal","dmz","VOIP-PBX-01","any","any","server","APP-SRV-01","any","mqtt","application-default","Allow","none","","any"
"593","STD_DMZ_TO_SERVER_411","Shared","standard","universal","dmz","APP-SRV-02","any","any","server","API-GATEWAY-01","any","snmp-base","application-default","Allow","strict","","any"
"594","STD_SERVER_TO_POS_2866","Shared","app-team","universal","server","APP-SRV-02","any","any","pos","IOT-GATEWAY-01","any","voip-generic","application-default","Allow","strict","","any"
"595","STD_IOT_TO_DMZ_2469","Shared","none","universal","iot","MGMT-JUMPBOX-01","any","any","dmz","DB-SRV-01","any","web-browsing","application-default","Allow","strict","","any"
"596","STD_POS_TO_DMZ_67","Shared","none","universal","pos","APP-SRV-01","any","any","dmz","IOT-GATEWAY-01","any","smtp","application-default","Allow","strict","","any"
"597","STD_POS_TO_SERVER_3894","Shared","standard","universal","pos","IOT-GATEWAY-01","any","any","server","WORKSTATIONS-FLOOR2","any","mqtt","application-default","Allow","none","","any"
"598","RISKY_OUTSIDE_TO_DC-01_99","Shared","remote-access","universal","outside","any","any","any","voip","DC-01","any","postgres","application-default","Allow","none","","any"
"599","STD_MGMT_TO_VOIP_324","Shared","standard","universal","mgmt","DC-01","any","any","voip","DB-SRV-01","any","dns","application-default","Allow","strict","","any"
"600","STD_OUTSIDE_TO_MGMT_1692","Shared","standard","universal","outside","any","any","any","mgmt","FILE-SRV-01","any","ssl","application-default","Allow","strict","","any"
"601","STD_MGMT_TO_IOT_1322","Shared","app-team","universal","mgmt","WEB-SRV-01","any","any","iot","VOIP-PBX-01","any","voip-generic","application-default","Allow","none","","any"
"602","STD_DMZ_TO_MGMT_3124","Shared","standard","universal","dmz","DB-SRV-01","any","any","mgmt","API-GATEWAY-01","any","sip","application-default","Allow","none","","any"
"603","RISKY_OUTSIDE_TO_APP-SRV-02_14","Shared","remote-access","universal","outside","any","any","any","server","APP-SRV-02","any","anydesk","application-default","Allow","none","","any"
"604","STD_POS_TO_SERVER_2411","Shared","none","universal","pos","IOT-GATEWAY-01","any","any","server","APP-SRV-01","any","ping","application-default","Allow","strict","","any"
"605","STD_MGMT_TO_POS_2221","Shared","standard","universal","mgmt","DB-SRV-01","any","any","pos","IOT-GATEWAY-01","any","smtp","application-default","Allow","strict","","any"
"606","BROAD_INTERNAL_VOIP_TO_SERVER_82","Shared","internal","universal","voip","any","any","any","server","any","any","any","any","Allow","none","","any"
"607","STD_MGMT_TO_DMZ_2334","Shared","standard","universal","mgmt","APP-SRV-02","any","any","dmz","WEB-SRV-01","any","sip","application-default","Allow","none","","any"
"608","STD_DMZ_TO_OUTSIDE_468","Shared","none","universal","dmz","API-GATEWAY-01","any","any","outside","8.8.8.8/32","any","snmp-base","application-default","Allow","strict","","any"
"609","STD_AD_TO_OUTSIDE_2215","Shared","app-team","universal","ad","APP-SRV-01","any","any","outside","9.9.9.9/32","any","sip","application-default","Allow","none","","any"
"610","STD_IOT_TO_DMZ_790","Shared","standard","universal","iot","MGMT-JUMPBOX-01","any","any","dmz","VOIP-PBX-01","any","smtp","application-default","Allow","strict","","any"
"611","STD_AD_TO_VOIP_2630","Shared","none","universal","ad","APP-SRV-01","any","any","voip","VOIP-PBX-01","any","ntp","application-default","Allow","strict","","any"
"612","STD_AD_TO_POS_3482","Shared","none","universal","ad","DC-01","any","any","pos","WORKSTATIONS-FLOOR1","any","ping","application-default","Allow","none","","any"
"613","STD_INSIDE_TO_MGMT_841","Shared","app-team","universal","inside","VOIP-PBX-01","any","any","mgmt","DC-01","any","ntp","application-default","Allow","strict","","any"
"614","STD_MGMT_TO_OUTSIDE_3695","Shared","app-team","universal","mgmt","MGMT-JUMPBOX-01","any","any","outside","1.1.1.1/32","any","sip","application-default","Allow","strict","","any"
"615","STD_SERVER_TO_IOT_2276","Shared","standard","universal","server","MGMT-JUMPBOX-01","any","any","iot","DC-01","any","voip-generic","application-default","Allow","strict","","any"
"616","STD_IOT_TO_MGMT_2588","Shared","standard","universal","iot","WEB-SRV-02","any","any","mgmt","MGMT-JUMPBOX-01","any","voip-generic","application-default","Allow","strict","","any"
"617","STD_AD_TO_MGMT_2946","Shared","app-team","universal","ad","APP-SRV-01","any","any","mgmt","APP-SRV-02","any","snmp-base","application-default","Allow","strict","","any"
"618","SCOPED_INTERNAL_AD_TO_SERVER_90","Shared","standard","universal","ad","APP-SRV-01","any","any","server","FILE-SRV-01","any","smtp","application-default","Allow","strict","","any"
"619","STD_SERVER_TO_VOIP_553","Shared","app-team","universal","server","API-GATEWAY-01","any","any","voip","WEB-SRV-02","any","ping","application-default","Allow","strict","","any"
"620","STD_OUTSIDE_TO_POS_3522","Shared","standard","universal","outside","any","any","any","pos","WEB-SRV-01","any","web-browsing","application-default","Allow","strict","","any"
"621","STD_VOIP_TO_AD_3466","Shared","standard","universal","voip","MGMT-JUMPBOX-01","any","any","ad","VOIP-PBX-01","any","web-browsing","application-default","Allow","none","","any"
"622","TEMP_ACCESS_6","Shared","temp-poc","universal","outside","any","any","any","iot","any","any","any","any","Allow","none","","any"
"623","STD_IOT_TO_VOIP_741","Shared","none","universal","iot","FILE-SRV-01","any","any","voip","APP-SRV-01","any","snmp-base","application-default","Allow","strict","","any"
"624","STD_VOIP_TO_IOT_1412","Shared","standard","universal","voip","FILE-SRV-01","any","any","iot","WORKSTATIONS-FLOOR1","any","voip-generic","application-default","Allow","strict","","any"
"625","SCOPED_PARTNER_TO_API-GATEWAY-01_26","Shared","partner-integration","universal","outside","THIRD-PARTY-PAYMENT-GW","any","any","dmz","API-GATEWAY-01","any","ssl","application-default","Allow","strict","","any"
"626","STD_INSIDE_TO_IOT_2231","Shared","app-team","universal","inside","FILE-SRV-01","any","any","iot","FILE-SRV-01","any","ssl","application-default","Allow","none","","any"
"627","STD_SERVER_TO_OUTSIDE_326","Shared","none","universal","server","VOIP-PBX-01","any","any","outside","9.9.9.9/32","any","mqtt","application-default","Allow","strict","","any"
"628","STD_OUTSIDE_TO_POS_512","Shared","none","universal","outside","any","any","any","pos","FILE-SRV-01","any","ping","application-default","Allow","none","","any"
"629","STD_VOIP_TO_IOT_3308","Shared","app-team","universal","voip","WEB-SRV-02","any","any","iot","APP-SRV-01","any","web-browsing","application-default","Allow","none","","any"
"630","STD_MGMT_TO_INSIDE_1260","Shared","standard","universal","mgmt","WEB-SRV-01","any","any","inside","VOIP-PBX-01","any","dns","application-default","Allow","strict","","any"
"631","STD_MGMT_TO_DMZ_3638","Shared","standard","universal","mgmt","VOIP-PBX-01","any","any","dmz","DB-SRV-01","any","ntp","application-default","Allow","strict","","any"
"632","STD_POS_TO_MGMT_2717","Shared","none","universal","pos","VOIP-PBX-01","any","any","mgmt","VOIP-PBX-01","any","dns","application-default","Allow","none","","any"
"633","SCOPED_NO_PROFILE_14","Shared","partner-integration","universal","outside","PARTNER-VENDOR-A","any","any","dmz","WEB-SRV-01","any","ssl","application-default","Allow","none","","any"
"634","STD_IOT_TO_DMZ_3532","Shared","none","universal","iot","DB-SRV-01","any","any","dmz","WEB-SRV-02","any","ntp","application-default","Allow","strict","","any"
"635","TEMP_ACCESS_24","Shared","trial-vendor","universal","outside","any","any","any","pos","any","any","any","any","Allow","none","","any"
"636","STD_INSIDE_TO_VOIP_728","Shared","none","universal","inside","MGMT-JUMPBOX-01","any","any","voip","WORKSTATIONS-FLOOR2","any","ping","application-default","Allow","strict","","any"
"637","REMOTE_ACCESS_3","Shared","remote-support","universal","outside","any","any","any","inside","FILE-SRV-01","any","teamviewer","application-default","Allow","none","","any"
"638","STD_VOIP_TO_INSIDE_2066","Shared","app-team","universal","voip","API-GATEWAY-01","any","any","inside","FILE-SRV-01","any","mqtt","application-default","Allow","strict","","any"
"639","STD_IOT_TO_AD_1060","Shared","none","universal","iot","WEB-SRV-01","any","any","ad","VOIP-PBX-01","any","sip","application-default","Allow","none","","any"
"640","STD_SERVER_TO_OUTSIDE_2038","Shared","app-team","universal","server","DB-SRV-01","any","any","outside","8.8.8.8/32","any","smtp","application-default","Allow","strict","","any"
"641","STD_SERVER_TO_INSIDE_1883","Shared","none","universal","server","DC-01","any","any","inside","DB-SRV-01","any","dns","application-default","Allow","none","","any"
"642","STD_DMZ_TO_AD_439","Shared","app-team","universal","dmz","API-GATEWAY-01","any","any","ad","DC-01","any","ping","application-default","Allow","strict","","any"
"643","STD_SERVER_TO_IOT_403","Shared","none","universal","server","IOT-GATEWAY-01","any","any","iot","IOT-GATEWAY-01","any","snmp-base","application-default","Allow","strict","","any"
"644","BROAD_INTERNAL_SERVER_TO_VOIP_53","Shared","internal","universal","server","any","any","any","voip","any","any","any","any","Allow","none","","any"
"645","INSIDE_TO_DC_68","Shared","ad-auth","universal","inside","any","any","any","ad","DOMAIN-CONTROLLERS-G","any","kerberos","application-default","Allow","none","","any"
"646","STD_MGMT_TO_OUTSIDE_1015","Shared","app-team","universal","mgmt","MGMT-JUMPBOX-01","any","any","outside","1.1.1.1/32","any","web-browsing","application-default","Allow","strict","","any"
"647","STD_AD_TO_OUTSIDE_2468","Shared","none","universal","ad","WEB-SRV-02","any","any","outside","8.8.8.8/32","any","ntp","application-default","Allow","strict","","any"
"648","STD_SERVER_TO_POS_329","Shared","none","universal","server","IOT-GATEWAY-01","any","any","pos","FILE-SRV-01","any","ssl","application-default","Allow","none","","any"
"649","OUTBOUND_SCOPED_1","Shared","outbound-standard","universal","inside","WORKSTATIONS-FLOOR1","any","any","outside","141.167.41.34/32","any","dns","application-default","Allow","strict","","any"
"650","STD_AD_TO_IOT_15","Shared","app-team","universal","ad","WEB-SRV-02","any","any","iot","FILE-SRV-01","any","mqtt","application-default","Allow","strict","","any"
"651","RISKY_OUTSIDE_TO_DC-01_101","Shared","remote-access","universal","outside","any","any","any","inside","DC-01","any","vnc","application-default","Allow","none","","any"
"652","STD_DMZ_TO_MGMT_54","Shared","app-team","universal","dmz","APP-SRV-01","any","any","mgmt","WEB-SRV-02","any","sip","application-default","Allow","strict","","any"
"653","STD_MGMT_TO_AD_1142","Shared","app-team","universal","mgmt","VOIP-PBX-01","any","any","ad","APP-SRV-01","any","voip-generic","application-default","Allow","strict","","any"
"654","STD_VOIP_TO_SERVER_1546","Shared","app-team","universal","voip","WEB-SRV-01","any","any","server","DC-01","any","ssl","application-default","Allow","strict","","any"
"655","STD_POS_TO_SERVER_3160","Shared","standard","universal","pos","WEB-SRV-02","any","any","server","DB-SRV-01","any","dns","application-default","Allow","none","","any"
"656","STD_MGMT_TO_SERVER_3237","Shared","none","universal","mgmt","APP-SRV-02","any","any","server","API-GATEWAY-01","any","sip","application-default","Allow","none","","any"
"657","STD_AD_TO_INSIDE_2859","Shared","standard","universal","ad","WEB-SRV-01","any","any","inside","DB-SRV-01","any","ntp","application-default","Allow","strict","","any"
"658","STD_INSIDE_TO_DMZ_1203","Shared","standard","universal","inside","IOT-GATEWAY-01","any","any","dmz","DC-01","any","ssl","application-default","Allow","none","","any"
"659","STD_POS_TO_SERVER_835","Shared","app-team","universal","pos","API-GATEWAY-01","any","any","server","API-GATEWAY-01","any","smtp","application-default","Allow","strict","","any"
"660","STD_AD_TO_DMZ_2567","Shared","standard","universal","ad","WEB-SRV-01","any","any","dmz","FILE-SRV-01","any","ssl","application-default","Allow","strict","","any"
"661","IOT_TO_DC_16","Shared","ad-auth","universal","iot","WORKSTATIONS-FLOOR2","any","any","ad","DOMAIN-CONTROLLERS-G","any","kerberos","application-default","Allow","none","","any"
"662","BROAD_INTERNAL_VOIP_TO_IOT_61","Shared","internal","universal","voip","any","any","any","iot","any","any","any","any","Allow","none","","any"
"663","STD_VOIP_TO_IOT_1365","Shared","none","universal","voip","VOIP-PBX-01","any","any","iot","MGMT-JUMPBOX-01","any","ssl","application-default","Allow","strict","","any"
"664","STD_DMZ_TO_SERVER_2393","Shared","none","universal","dmz","APP-SRV-01","any","any","server","MGMT-JUMPBOX-01","any","mqtt","application-default","Allow","strict","","any"
"665","STD_MGMT_TO_DMZ_485","Shared","standard","universal","mgmt","IOT-GATEWAY-01","any","any","dmz","DB-SRV-01","any","smtp","application-default","Allow","strict","","any"
"666","STD_IOT_TO_DMZ_224","Shared","app-team","universal","iot","WEB-SRV-02","any","any","dmz","DB-SRV-01","any","sip","application-default","Allow","strict","","any"
"667","CORP_TO_AD_5","Shared","admin-access","universal","server","any","any","any","ad","any","any","any","application-default","Allow","none","","any"
"668","STD_VOIP_TO_AD_2144","Shared","standard","universal","voip","API-GATEWAY-01","any","any","ad","WEB-SRV-01","any","ntp","application-default","Allow","none","","any"
"669","STD_AD_TO_DMZ_134","Shared","none","universal","ad","VOIP-PBX-01","any","any","dmz","WORKSTATIONS-FLOOR2","any","mqtt","application-default","Allow","none","","any"
"670","STD_MGMT_TO_IOT_814","Shared","none","universal","mgmt","DC-01","any","any","iot","WORKSTATIONS-FLOOR2","any","ssl","application-default","Allow","strict","","any"
"671","STD_INSIDE_TO_MGMT_1919","Shared","standard","universal","inside","MGMT-JUMPBOX-01","any","any","mgmt","IOT-GATEWAY-01","any","sip","application-default","Allow","none","","any"
"672","STD_AD_TO_SERVER_1093","Shared","none","universal","ad","WEB-SRV-02","any","any","server","MGMT-JUMPBOX-01","any","web-browsing","application-default","Allow","none","","any"
"673","STD_DMZ_TO_AD_2422","Shared","app-team","universal","dmz","WORKSTATIONS-FLOOR1","any","any","ad","API-GATEWAY-01","any","dns","application-default","Allow","strict","","any"
"674","STD_OUTSIDE_TO_POS_3652","Shared","standard","universal","outside","any","any","any","pos","API-GATEWAY-01","any","web-browsing","application-default","Allow","none","","any"
"675","STD_MGMT_TO_POS_2822","Shared","standard","universal","mgmt","VOIP-PBX-01","any","any","pos","WORKSTATIONS-FLOOR2","any","smtp","application-default","Allow","strict","","any"
"676","RISKY_OUTSIDE_TO_DC-01_16","Shared","remote-access","universal","outside","any","any","any","dmz","DC-01","any","vnc","application-default","Allow","none","","any"
"677","NEGATED_RFC1918_6","Shared","none","universal","server","[Negate]  10.0.0.0-10.255.255.255;[Negate]  172.16.0.0-172.31.255.255;[Negate]  192.168.0.0-192.168.255.255","any","any","outside","any","any","web-browsing","application-default","Allow","strict","","any"
"678","STD_MGMT_TO_IOT_715","Shared","app-team","universal","mgmt","WEB-SRV-01","any","any","iot","WEB-SRV-02","any","snmp-base","application-default","Allow","strict","","any"
"679","STD_AD_TO_SERVER_3572","Shared","app-team","universal","ad","API-GATEWAY-01","any","any","server","WEB-SRV-01","any","web-browsing","application-default","Allow","strict","","any"
"680","STD_VOIP_TO_IOT_1434","Shared","app-team","universal","voip","FILE-SRV-01","any","any","iot","APP-SRV-01","any","snmp-base","application-default","Allow","strict","","any"
"681","STD_OUTSIDE_TO_VOIP_1308","Shared","standard","universal","outside","any","any","any","voip","APP-SRV-01","any","ping","application-default","Allow","strict","","any"
"682","STD_MGMT_TO_INSIDE_1092","Shared","standard","universal","mgmt","FILE-SRV-01","any","any","inside","WEB-SRV-01","any","snmp-base","application-default","Allow","strict","","any"
"683","STD_MGMT_TO_VOIP_612","Shared","app-team","universal","mgmt","MGMT-JUMPBOX-01","any","any","voip","MGMT-JUMPBOX-01","any","sip","application-default","Allow","strict","","any"
"684","STD_AD_TO_OUTSIDE_1599","Shared","app-team","universal","ad","MGMT-JUMPBOX-01","any","any","outside","8.8.8.8/32","any","web-browsing","application-default","Allow","none","","any"
"685","STD_MGMT_TO_IOT_19","Shared","none","universal","mgmt","APP-SRV-02","any","any","iot","WEB-SRV-01","any","ping","application-default","Allow","strict","","any"
"686","DNS_OUTBOUND_25","Shared","none","universal","server","MGMT-JUMPBOX-01","any","any","outside","8.8.8.8/32","any","dns","application-default","Allow","none","","any"
"687","IOT_TO_DC_15","Shared","ad-auth","universal","iot","any","any","any","ad","DOMAIN-CONTROLLERS-G","any","ms-ds-smb","application-default","Allow","none","","any"
"688","STD_OUTSIDE_TO_VOIP_3095","Shared","none","universal","outside","any","any","any","voip","API-GATEWAY-01","any","web-browsing","application-default","Allow","strict","","any"
"689","STD_SERVER_TO_MGMT_73","Shared","none","universal","server","FILE-SRV-01","any","any","mgmt","WEB-SRV-01","any","ntp","application-default","Allow","strict","","any"
"690","STD_POS_TO_IOT_2949","Shared","none","universal","pos","WEB-SRV-01","any","any","iot","IOT-GATEWAY-01","any","sip","application-default","Allow","none","","any"
"691","STD_MGMT_TO_SERVER_1482","Shared","standard","universal","mgmt","WEB-SRV-01","any","any","server","APP-SRV-02","any","sip","application-default","Allow","strict","","any"
"692","STD_SERVER_TO_OUTSIDE_1352","Shared","none","universal","server","WORKSTATIONS-FLOOR1","any","any","outside","9.9.9.9/32","any","dns","application-default","Allow","none","","any"
"693","STD_INSIDE_TO_OUTSIDE_877","Shared","app-team","universal","inside","WEB-SRV-01","any","any","outside","9.9.9.9/32","any","sip","application-default","Allow","none","","any"
"694","LEGACY_PORT_41","Shared","legacy-port","universal","outside","any","any","any","inside","FILE-SRV-01","any","any","tcp-8080","Allow","none","","any"
"695","STD_OUTSIDE_TO_SERVER_3249","Shared","standard","universal","outside","any","any","any","server","APP-SRV-02","any","snmp-base","application-default","Allow","strict","","any"
"696","STD_MGMT_TO_DMZ_3346","Shared","none","universal","mgmt","MGMT-JUMPBOX-01","any","any","dmz","APP-SRV-01","any","snmp-base","application-default","Allow","strict","","any"
"697","STD_VOIP_TO_MGMT_3111","Shared","none","universal","voip","API-GATEWAY-01","any","any","mgmt","WORKSTATIONS-FLOOR2","any","web-browsing","application-default","Allow","strict","","any"
"698","STD_IOT_TO_MGMT_543","Shared","standard","universal","iot","WORKSTATIONS-FLOOR1","any","any","mgmt","DC-01","any","dns","application-default","Allow","strict","","any"
"699","STD_OUTSIDE_TO_SERVER_195","Shared","app-team","universal","outside","any","any","any","server","DB-SRV-01","any","snmp-base","application-default","Allow","strict","","any"
"700","STD_POS_TO_IOT_3786","Shared","none","universal","pos","FILE-SRV-01","any","any","iot","APP-SRV-01","any","voip-generic","application-default","Allow","none","","any"
"701","SCOPED_INTERNAL_SERVER_TO_MGMT_32","Shared","standard","universal","server","MGMT-JUMPBOX-01","any","any","mgmt","DB-SRV-01","any","snmp-base","application-default","Allow","strict","","any"
"702","STD_MGMT_TO_AD_506","Shared","standard","universal","mgmt","APP-SRV-01","any","any","ad","FILE-SRV-01","any","ping","application-default","Allow","strict","","any"
"703","STD_DMZ_TO_AD_3787","Shared","app-team","universal","dmz","WEB-SRV-02","any","any","ad","APP-SRV-01","any","smtp","application-default","Allow","strict","","any"
"704","STD_VOIP_TO_INSIDE_644","Shared","standard","universal","voip","VOIP-PBX-01","any","any","inside","WORKSTATIONS-FLOOR2","any","ssl","application-default","Allow","none","","any"
"705","STD_POS_TO_INSIDE_3417","Shared","standard","universal","pos","DC-01","any","any","inside","WORKSTATIONS-FLOOR1","any","ssl","application-default","Allow","none","","any"
"706","STD_SERVER_TO_VOIP_1035","Shared","none","universal","server","VOIP-PBX-01","any","any","voip","VOIP-PBX-01","any","ntp","application-default","Allow","strict","","any"
"707","INSIDE_TO_DC_66","Shared","ad-auth","universal","inside","WORKSTATIONS-FLOOR2","any","any","ad","DOMAIN-CONTROLLERS-G","any","ldap","application-default","Allow","none","","any"
"708","STD_VOIP_TO_POS_2017","Shared","standard","universal","voip","WEB-SRV-02","any","any","pos","VOIP-PBX-01","any","mqtt","application-default","Allow","strict","","any"
"709","STD_INSIDE_TO_DMZ_2374","Shared","app-team","universal","inside","DC-01","any","any","dmz","MGMT-JUMPBOX-01","any","sip","application-default","Allow","none","","any"
"710","STD_OUTSIDE_TO_DMZ_3661","Shared","none","universal","outside","any","any","any","dmz","FILE-SRV-01","any","voip-generic","application-default","Allow","none","","any"
"711","STD_POS_TO_AD_1409","Shared","app-team","universal","pos","WEB-SRV-02","any","any","ad","DB-SRV-01","any","smtp","application-default","Allow","strict","","any"
"712","STD_OUTSIDE_TO_MGMT_2439","Shared","standard","universal","outside","any","any","any","mgmt","WORKSTATIONS-FLOOR2","any","mqtt","application-default","Allow","strict","","any"
"713","STD_IOT_TO_SERVER_1183","Shared","none","universal","iot","IOT-GATEWAY-01","any","any","server","WORKSTATIONS-FLOOR1","any","smtp","application-default","Allow","none","","any"
"714","STD_INSIDE_TO_SERVER_471","Shared","none","universal","inside","WEB-SRV-01","any","any","server","WORKSTATIONS-FLOOR2","any","ssl","application-default","Allow","strict","","any"
"715","STD_SERVER_TO_DMZ_2602","Shared","app-team","universal","server","WEB-SRV-01","any","any","dmz","APP-SRV-01","any","mqtt","application-default","Allow","strict","","any"
"716","STD_SERVER_TO_IOT_2247","Shared","app-team","universal","server","WEB-SRV-02","any","any","iot","VOIP-PBX-01","any","web-browsing","application-default","Allow","none","","any"
"717","OUTBOUND_SCOPED_54","Shared","outbound-standard","universal","server","MGMT-JUMPBOX-01","any","any","outside","VPN-CLIENT-RANGE","any","smtp","application-default","Allow","strict","","any"
"718","STD_MGMT_TO_AD_1281","Shared","none","universal","mgmt","WORKSTATIONS-FLOOR1","any","any","ad","WEB-SRV-02","any","dns","application-default","Allow","strict","","any"
"719","STD_INSIDE_TO_MGMT_379","Shared","none","universal","inside","MGMT-JUMPBOX-01","any","any","mgmt","APP-SRV-01","any","ping","application-default","Allow","strict","","any"
"720","STD_AD_TO_IOT_3925","Shared","standard","universal","ad","DC-01","any","any","iot","FILE-SRV-01","any","ntp","application-default","Allow","strict","","any"
"721","STD_POS_TO_IOT_1789","Shared","app-team","universal","pos","WEB-SRV-01","any","any","iot","WORKSTATIONS-FLOOR2","any","voip-generic","application-default","Allow","none","","any"
"722","STD_SERVER_TO_IOT_2309","Shared","app-team","universal","server","IOT-GATEWAY-01","any","any","iot","APP-SRV-02","any","ssl","application-default","Allow","none","","any"
"723","STD_INSIDE_TO_OUTSIDE_1390","Shared","app-team","universal","inside","WEB-SRV-02","any","any","outside","1.1.1.1/32","any","mqtt","application-default","Allow","strict","","any"
"724","STD_POS_TO_SERVER_727","Shared","none","universal","pos","DC-01","any","any","server","API-GATEWAY-01","any","dns","application-default","Allow","none","","any"
"725","STD_DMZ_TO_POS_1447","Shared","app-team","universal","dmz","IOT-GATEWAY-01","any","any","pos","DC-01","any","web-browsing","application-default","Allow","none","","any"
"726","STD_IOT_TO_POS_1458","Shared","app-team","universal","iot","IOT-GATEWAY-01","any","any","pos","WEB-SRV-02","any","web-browsing","application-default","Allow","strict","","any"
"727","OUTBOUND_SCOPED_13","Shared","outbound-standard","universal","inside","WORKSTATIONS-FLOOR1","any","any","outside","203.63.240.145/32","any","voip-generic","application-default","Allow","strict","","any"
"728","STD_IOT_TO_OUTSIDE_890","Shared","none","universal","iot","IOT-GATEWAY-01","any","any","outside","9.9.9.9/32","any","smtp","application-default","Allow","strict","","any"
"729","STD_SERVER_TO_MGMT_1951","Shared","standard","universal","server","WEB-SRV-01","any","any","mgmt","MGMT-JUMPBOX-01","any","ssl","application-default","Allow","none","","any"
"730","STD_POS_TO_DMZ_1189","Shared","none","universal","pos","FILE-SRV-01","any","any","dmz","DB-SRV-01","any","sip","application-default","Allow","none","","any"
"731","STD_OUTSIDE_TO_SERVER_1699","Shared","standard","universal","outside","any","any","any","server","VOIP-PBX-01","any","dns","application-default","Allow","none","","any"
"732","STD_MGMT_TO_INSIDE_1707","Shared","standard","universal","mgmt","DC-01","any","any","inside","WEB-SRV-01","any","dns","application-default","Allow","none","","any"
"733","STD_MGMT_TO_DMZ_866","Shared","none","universal","mgmt","FILE-SRV-01","any","any","dmz","MGMT-JUMPBOX-01","any","smtp","application-default","Allow","none","","any"
"734","STD_POS_TO_MGMT_2226","Shared","none","universal","pos","DC-01","any","any","mgmt","FILE-SRV-01","any","voip-generic","application-default","Allow","strict","","any"
"735","STD_INSIDE_TO_AD_1255","Shared","none","universal","inside","WORKSTATIONS-FLOOR2","any","any","ad","APP-SRV-01","any","snmp-base","application-default","Allow","strict","","any"
"736","STD_IOT_TO_MGMT_2633","Shared","standard","universal","iot","IOT-GATEWAY-01","any","any","mgmt","IOT-GATEWAY-01","any","ping","application-default","Allow","strict","","any"
"737","STD_VOIP_TO_INSIDE_2264","Shared","app-team","universal","voip","WORKSTATIONS-FLOOR1","any","any","inside","DC-01","any","web-browsing","application-default","Allow","none","","any"
"738","SCOPED_INTERNAL_INSIDE_TO_DMZ_33","Shared","standard","universal","inside","APP-SRV-01","any","any","dmz","FILE-SRV-01","any","sip","application-default","Allow","strict","","any"
"739","STD_POS_TO_DMZ_225","Shared","none","universal","pos","APP-SRV-01","any","any","dmz","IOT-GATEWAY-01","any","smtp","application-default","Allow","strict","","any"
"740","BROAD_INTERNAL_SERVER_TO_AD_18","Shared","internal","universal","server","any","any","any","ad","any","any","any","any","Allow","none","","any"
"741","STD_SERVER_TO_IOT_2259","Shared","none","universal","server","DB-SRV-01","any","any","iot","IOT-GATEWAY-01","any","smtp","application-default","Allow","none","","any"
"742","STD_IOT_TO_INSIDE_2984","Shared","none","universal","iot","WORKSTATIONS-FLOOR1","any","any","inside","IOT-GATEWAY-01","any","ping","application-default","Allow","strict","","any"
"743","TEMP_ACCESS_14","Shared","trial-vendor","universal","outside","any","any","any","iot","any","any","any","any","Allow","none","","any"
"744","STD_MGMT_TO_VOIP_861","Shared","standard","universal","mgmt","DB-SRV-01","any","any","voip","DB-SRV-01","any","voip-generic","application-default","Allow","strict","","any"
"745","STD_SERVER_TO_DMZ_3668","Shared","standard","universal","server","WEB-SRV-02","any","any","dmz","WORKSTATIONS-FLOOR1","any","sip","application-default","Allow","strict","","any"
"746","STD_AD_TO_SERVER_2737","Shared","none","universal","ad","DC-01","any","any","server","APP-SRV-02","any","snmp-base","application-default","Allow","strict","","any"
"747","STD_IOT_TO_SERVER_3101","Shared","app-team","universal","iot","WORKSTATIONS-FLOOR2","any","any","server","DB-SRV-01","any","sip","application-default","Allow","none","","any"
"748","STD_SERVER_TO_VOIP_2767","Shared","standard","universal","server","WEB-SRV-01","any","any","voip","DB-SRV-01","any","sip","application-default","Allow","strict","","any"
"749","STD_DMZ_TO_SERVER_3470","Shared","standard","universal","dmz","DC-01","any","any","server","DB-SRV-01","any","smtp","application-default","Allow","strict","","any"
"750","STD_IOT_TO_AD_520","Shared","standard","universal","iot","WEB-SRV-01","any","any","ad","DB-SRV-01","any","ntp","application-default","Allow","strict","","any"
"751","STD_POS_TO_IOT_754","Shared","standard","universal","pos","APP-SRV-01","any","any","iot","MGMT-JUMPBOX-01","any","voip-generic","application-default","Allow","none","","any"
"752","STD_MGMT_TO_IOT_1032","Shared","app-team","universal","mgmt","VOIP-PBX-01","any","any","iot","VOIP-PBX-01","any","ping","application-default","Allow","none","","any"
"753","STD_MGMT_TO_VOIP_3604","Shared","standard","universal","mgmt","APP-SRV-01","any","any","voip","DB-SRV-01","any","snmp-base","application-default","Allow","strict","","any"
"754","TEMP_ACCESS_19","Shared","test-access","universal","outside","any","any","any","ad","any","any","any","any","Allow","none","","any"
"755","STD_IOT_TO_VOIP_1001","Shared","app-team","universal","iot","IOT-GATEWAY-01","any","any","voip","API-GATEWAY-01","any","snmp-base","application-default","Allow","strict","","any"
"756","STD_MGMT_TO_DMZ_377","Shared","standard","universal","mgmt","APP-SRV-01","any","any","dmz","API-GATEWAY-01","any","ping","application-default","Allow","strict","","any"
"757","OUTBOUND_OPEN_16","Shared","legacy-open","universal","mgmt","any","any","any","outside","any","any","any","any","Allow","none","","any"
"758","STD_VOIP_TO_DMZ_2306","Shared","standard","universal","voip","APP-SRV-01","any","any","dmz","APP-SRV-02","any","snmp-base","application-default","Allow","none","","any"
"759","STD_IOT_TO_DMZ_1993","Shared","none","universal","iot","IOT-GATEWAY-01","any","any","dmz","WORKSTATIONS-FLOOR1","any","ping","application-default","Allow","strict","","any"
"760","STD_OUTSIDE_TO_SERVER_3323","Shared","app-team","universal","outside","any","any","any","server","WEB-SRV-02","any","voip-generic","application-default","Allow","strict","","any"
"761","STD_INSIDE_TO_SERVER_71","Shared","app-team","universal","inside","WORKSTATIONS-FLOOR2","any","any","server","API-GATEWAY-01","any","ntp","application-default","Allow","strict","","any"
"762","BROAD_INTERNAL_SERVER_TO_VOIP_41","Shared","internal","universal","server","any","any","any","voip","any","any","any","any","Allow","none","","any"
"763","STD_SERVER_TO_VOIP_1549","Shared","none","universal","server","DC-01","any","any","voip","WORKSTATIONS-FLOOR1","any","snmp-base","application-default","Allow","strict","","any"
"764","STD_AD_TO_VOIP_2404","Shared","app-team","universal","ad","FILE-SRV-01","any","any","voip","WORKSTATIONS-FLOOR1","any","sip","application-default","Allow","strict","","any"
"765","STD_AD_TO_SERVER_2887","Shared","none","universal","ad","MGMT-JUMPBOX-01","any","any","server","API-GATEWAY-01","any","ping","application-default","Allow","none","","any"
"766","STD_VOIP_TO_MGMT_917","Shared","standard","universal","voip","WEB-SRV-01","any","any","mgmt","DB-SRV-01","any","web-browsing","application-default","Allow","none","","any"
"767","STD_MGMT_TO_VOIP_3802","Shared","app-team","universal","mgmt","APP-SRV-01","any","any","voip","DB-SRV-01","any","smtp","application-default","Allow","none","","any"
"768","STD_POS_TO_AD_2388","Shared","app-team","universal","pos","DB-SRV-01","any","any","ad","DC-01","any","smtp","application-default","Allow","strict","","any"
"769","STD_DMZ_TO_MGMT_2343","Shared","standard","universal","dmz","WEB-SRV-02","any","any","mgmt","APP-SRV-01","any","ntp","application-default","Allow","strict","","any"
"770","STD_AD_TO_OUTSIDE_2900","Shared","app-team","universal","ad","WORKSTATIONS-FLOOR2","any","any","outside","8.8.8.8/32","any","smtp","application-default","Allow","none","","any"
"771","STD_SERVER_TO_AD_358","Shared","none","universal","server","APP-SRV-02","any","any","ad","WEB-SRV-02","any","snmp-base","application-default","Allow","strict","","any"
"772","STD_VOIP_TO_MGMT_3670","Shared","none","universal","voip","WEB-SRV-02","any","any","mgmt","DC-01","any","mqtt","application-default","Allow","strict","","any"
"773","STD_DMZ_TO_INSIDE_2647","Shared","app-team","universal","dmz","APP-SRV-02","any","any","inside","WEB-SRV-02","any","voip-generic","application-default","Allow","strict","","any"
"774","STD_AD_TO_INSIDE_1451","Shared","standard","universal","ad","VOIP-PBX-01","any","any","inside","FILE-SRV-01","any","ntp","application-default","Allow","strict","","any"
"775","STD_DMZ_TO_SERVER_677","Shared","app-team","universal","dmz","APP-SRV-01","any","any","server","MGMT-JUMPBOX-01","any","ping","application-default","Allow","strict","","any"
"776","STD_SERVER_TO_AD_1571","Shared","standard","universal","server","DB-SRV-01","any","any","ad","VOIP-PBX-01","any","web-browsing","application-default","Allow","none","","any"
"777","STD_DMZ_TO_VOIP_2056","Shared","standard","universal","dmz","WORKSTATIONS-FLOOR1","any","any","voip","DB-SRV-01","any","mqtt","application-default","Allow","strict","","any"
"778","STD_VOIP_TO_OUTSIDE_3597","Shared","app-team","universal","voip","MGMT-JUMPBOX-01","any","any","outside","9.9.9.9/32","any","web-browsing","application-default","Allow","none","","any"
"779","STD_POS_TO_VOIP_493","Shared","none","universal","pos","VOIP-PBX-01","any","any","voip","DC-01","any","dns","application-default","Allow","none","","any"
"780","STD_SERVER_TO_POS_3051","Shared","standard","universal","server","MGMT-JUMPBOX-01","any","any","pos","WORKSTATIONS-FLOOR1","any","dns","application-default","Allow","strict","","any"
"781","STD_AD_TO_IOT_3099","Shared","app-team","universal","ad","DC-01","any","any","iot","WORKSTATIONS-FLOOR2","any","smtp","application-default","Allow","strict","","any"
"782","STD_SERVER_TO_POS_1924","Shared","standard","universal","server","FILE-SRV-01","any","any","pos","WEB-SRV-02","any","voip-generic","application-default","Allow","strict","","any"
"783","STD_INSIDE_TO_MGMT_347","Shared","app-team","universal","inside","WORKSTATIONS-FLOOR2","any","any","mgmt","WEB-SRV-02","any","mqtt","application-default","Allow","strict","","any"
"784","STD_AD_TO_IOT_1174","Shared","standard","universal","ad","MGMT-JUMPBOX-01","any","any","iot","WEB-SRV-02","any","snmp-base","application-default","Allow","strict","","any"
"785","STD_AD_TO_SERVER_3162","Shared","app-team","universal","ad","MGMT-JUMPBOX-01","any","any","server","VOIP-PBX-01","any","ssl","application-default","Allow","none","","any"
"786","SERVER_TO_DC_21","Shared","ad-auth","universal","server","WORKSTATIONS-FLOOR2","any","any","ad","DOMAIN-CONTROLLERS-G","any","kerberos","application-default","Allow","none","","any"
"787","STD_MGMT_TO_VOIP_885","Shared","standard","universal","mgmt","WORKSTATIONS-FLOOR1","any","any","voip","VOIP-PBX-01","any","mqtt","application-default","Allow","strict","","any"
"788","STD_OUTSIDE_TO_DMZ_2433","Shared","app-team","universal","outside","any","any","any","dmz","APP-SRV-01","any","voip-generic","application-default","Allow","strict","","any"
"789","STD_INSIDE_TO_VOIP_31","Shared","app-team","universal","inside","DC-01","any","any","voip","WORKSTATIONS-FLOOR2","any","mqtt","application-default","Allow","strict","","any"
"790","STD_SERVER_TO_POS_1005","Shared","standard","universal","server","WORKSTATIONS-FLOOR1","any","any","pos","IOT-GATEWAY-01","any","voip-generic","application-default","Allow","strict","","any"
"791","STD_VOIP_TO_AD_2932","Shared","app-team","universal","voip","WEB-SRV-01","any","any","ad","WEB-SRV-01","any","dns","application-default","Allow","none","","any"
"792","LEGACY_PORT_6","Shared","legacy-port","universal","outside","any","any","any","voip","APP-SRV-01","any","any","tcp-443","Allow","none","","any"
"793","STD_DMZ_TO_SERVER_2383","Shared","app-team","universal","dmz","DB-SRV-01","any","any","server","WEB-SRV-01","any","ntp","application-default","Allow","none","","any"
"794","STD_IOT_TO_POS_3804","Shared","app-team","universal","iot","VOIP-PBX-01","any","any","pos","WEB-SRV-02","any","web-browsing","application-default","Allow","none","","any"
"795","STD_POS_TO_MGMT_1627","Shared","app-team","universal","pos","API-GATEWAY-01","any","any","mgmt","DB-SRV-01","any","voip-generic","application-default","Allow","none","","any"
"796","STD_SERVER_TO_POS_301","Shared","none","universal","server","WEB-SRV-02","any","any","pos","APP-SRV-01","any","smtp","application-default","Allow","strict","","any"
"797","OPEN_OUTSIDE_TO_POS-TERMINALS-G_4","Shared","legacy-open","universal","outside","any","any","any","pos","POS-TERMINALS-G","any","ms-rdp","any","Allow","none","","any"
"798","[Disabled] OLD_DISABLED_29","Shared","none","universal","outside","any","any","any","pos","FILE-SRV-01","any","any","any","Allow","none","","any"
"799","STD_POS_TO_DMZ_1011","Shared","none","universal","pos","APP-SRV-01","any","any","dmz","WEB-SRV-01","any","mqtt","application-default","Allow","strict","","any"
"800","STD_POS_TO_SERVER_1987","Shared","app-team","universal","pos","API-GATEWAY-01","any","any","server","WORKSTATIONS-FLOOR1","any","dns","application-default","Allow","strict","","any"
"801","STD_VOIP_TO_SERVER_472","Shared","standard","universal","voip","DC-01","any","any","server","IOT-GATEWAY-01","any","mqtt","application-default","Allow","strict","","any"
"802","STD_IOT_TO_INSIDE_1734","Shared","app-team","universal","iot","API-GATEWAY-01","any","any","inside","MGMT-JUMPBOX-01","any","ping","application-default","Allow","none","","any"
"803","STD_POS_TO_DMZ_443","Shared","standard","universal","pos","WEB-SRV-02","any","any","dmz","DB-SRV-01","any","snmp-base","application-default","Allow","strict","","any"
"804","STD_VOIP_TO_INSIDE_2146","Shared","app-team","universal","voip","DB-SRV-01","any","any","inside","DC-01","any","voip-generic","application-default","Allow","none","","any"
"805","STD_VOIP_TO_SERVER_135","Shared","app-team","universal","voip","APP-SRV-01","any","any","server","WEB-SRV-02","any","ping","application-default","Allow","strict","","any"
"806","STD_AD_TO_VOIP_626","Shared","none","universal","ad","WEB-SRV-02","any","any","voip","MGMT-JUMPBOX-01","any","web-browsing","application-default","Allow","none","","any"
"807","STD_POS_TO_OUTSIDE_3628","Shared","app-team","universal","pos","APP-SRV-02","any","any","outside","9.9.9.9/32","any","dns","application-default","Allow","strict","","any"
"808","STD_IOT_TO_MGMT_1537","Shared","none","universal","iot","API-GATEWAY-01","any","any","mgmt","WEB-SRV-01","any","voip-generic","application-default","Allow","strict","","any"
"809","STD_SERVER_TO_VOIP_1263","Shared","none","universal","server","API-GATEWAY-01","any","any","voip","VOIP-PBX-01","any","voip-generic","application-default","Allow","strict","","any"
"810","STD_IOT_TO_INSIDE_2910","Shared","none","universal","iot","FILE-SRV-01","any","any","inside","API-GATEWAY-01","any","ntp","application-default","Allow","strict","","any"
"811","BROAD_INTERNAL_VOIP_TO_INSIDE_42","Shared","internal","universal","voip","any","any","any","inside","any","any","any","any","Allow","none","","any"
"812","STD_VOIP_TO_OUTSIDE_3901","Shared","standard","universal","voip","VOIP-PBX-01","any","any","outside","9.9.9.9/32","any","mqtt","application-default","Allow","strict","","any"
"813","STD_MGMT_TO_INSIDE_2069","Shared","app-team","universal","mgmt","APP-SRV-02","any","any","inside","WEB-SRV-01","any","mqtt","application-default","Allow","none","","any"
"814","STD_SERVER_TO_INSIDE_570","Shared","app-team","universal","server","MGMT-JUMPBOX-01","any","any","inside","WEB-SRV-01","any","web-browsing","application-default","Allow","strict","","any"
"815","STD_IOT_TO_OUTSIDE_1364","Shared","app-team","universal","iot","APP-SRV-02","any","any","outside","1.1.1.1/32","any","sip","application-default","Allow","strict","","any"
"816","STD_MGMT_TO_POS_1420","Shared","app-team","universal","mgmt","DC-01","any","any","pos","APP-SRV-01","any","smtp","application-default","Allow","none","","any"
"817","RISKY_OUTSIDE_TO_FILE-SRV-01_73","Shared","remote-access","universal","outside","any","any","any","server","FILE-SRV-01","any","ldap","application-default","Allow","none","","any"
"818","BROAD_INTERNAL_SERVER_TO_AD_68","Shared","internal","universal","server","any","any","any","ad","any","any","any","any","Allow","none","","any"
"819","STD_POS_TO_MGMT_360","Shared","app-team","universal","pos","WEB-SRV-02","any","any","mgmt","DC-01","any","ntp","application-default","Allow","none","","any"
"820","STD_OUTSIDE_TO_DMZ_892","Shared","standard","universal","outside","any","any","any","dmz","WEB-SRV-02","any","ping","application-default","Allow","strict","","any"
"821","OUTBOUND_OPEN_39","Shared","legacy-open","universal","iot","any","any","any","outside","any","any","any","any","Allow","none","","any"
"822","STD_POS_TO_SERVER_1336","Shared","none","universal","pos","WORKSTATIONS-FLOOR2","any","any","server","IOT-GATEWAY-01","any","ping","application-default","Allow","strict","","any"
"823","STD_IOT_TO_AD_3241","Shared","app-team","universal","iot","WORKSTATIONS-FLOOR1","any","any","ad","DB-SRV-01","any","smtp","application-default","Allow","strict","","any"
"824","STD_INSIDE_TO_VOIP_2177","Shared","app-team","universal","inside","API-GATEWAY-01","any","any","voip","APP-SRV-01","any","sip","application-default","Allow","none","","any"
"825","STD_INSIDE_TO_DMZ_2106","Shared","none","universal","inside","WEB-SRV-01","any","any","dmz","DC-01","any","voip-generic","application-default","Allow","strict","","any"
"826","STD_OUTSIDE_TO_SERVER_2878","Shared","none","universal","outside","any","any","any","server","VOIP-PBX-01","any","smtp","application-default","Allow","none","","any"
"827","STD_DMZ_TO_AD_1044","Shared","none","universal","dmz","FILE-SRV-01","any","any","ad","FILE-SRV-01","any","web-browsing","application-default","Allow","strict","","any"
"828","STD_IOT_TO_VOIP_818","Shared","none","universal","iot","WORKSTATIONS-FLOOR1","any","any","voip","MGMT-JUMPBOX-01","any","ntp","application-default","Allow","strict","","any"
"829","STD_VOIP_TO_OUTSIDE_3847","Shared","none","universal","voip","WEB-SRV-01","any","any","outside","8.8.8.8/32","any","snmp-base","application-default","Allow","strict","","any"
"830","OUTBOUND_OPEN_49","Shared","legacy-open","universal","voip","any","any","any","outside","any","any","any","any","Allow","none","","any"
"831","REMOTE_ACCESS_18","Shared","remote-support","universal","outside","any","any","any","pos","MGMT-JUMPBOX-01","any","teamviewer","application-default","Allow","none","","any"
"832","POS_TO_DC_43","Shared","ad-auth","universal","pos","WORKSTATIONS-FLOOR1","any","any","ad","DOMAIN-CONTROLLERS-G","any","kerberos","application-default","Allow","none","","any"
"833","STD_AD_TO_INSIDE_3025","Shared","app-team","universal","ad","APP-SRV-02","any","any","inside","WORKSTATIONS-FLOOR1","any","ssl","application-default","Allow","strict","","any"
"834","STD_IOT_TO_VOIP_639","Shared","none","universal","iot","APP-SRV-02","any","any","voip","WORKSTATIONS-FLOOR1","any","voip-generic","application-default","Allow","none","","any"
"835","STD_OUTSIDE_TO_AD_259","Shared","none","universal","outside","any","any","any","ad","VOIP-PBX-01","any","ntp","application-default","Allow","strict","","any"
"836","TEMP_ACCESS_13","Shared","test-access","universal","outside","any","any","any","inside","any","any","any","any","Allow","none","","any"
"837","RISKY_OUTSIDE_TO_MGMT-JUMPBOX-01_12","Shared","remote-access","universal","outside","any","any","any","mgmt","MGMT-JUMPBOX-01","any","logmein","application-default","Allow","none","","any"
"838","STD_POS_TO_VOIP_290","Shared","standard","universal","pos","FILE-SRV-01","any","any","voip","WORKSTATIONS-FLOOR2","any","web-browsing","application-default","Allow","strict","","any"
"839","STD_AD_TO_IOT_2258","Shared","none","universal","ad","DC-01","any","any","iot","API-GATEWAY-01","any","ssl","application-default","Allow","strict","","any"
"840","STD_INSIDE_TO_VOIP_1559","Shared","none","universal","inside","MGMT-JUMPBOX-01","any","any","voip","VOIP-PBX-01","any","snmp-base","application-default","Allow","none","","any"
"841","STD_SERVER_TO_DMZ_2282","Shared","none","universal","server","DB-SRV-01","any","any","dmz","FILE-SRV-01","any","voip-generic","application-default","Allow","none","","any"
"842","RISKY_OUTSIDE_TO_APP-SRV-02_43","Shared","remote-access","universal","outside","any","any","any","dmz","APP-SRV-02","any","postgres","application-default","Allow","none","","any"
"843","VOIP_TO_DC_17","Shared","ad-auth","universal","voip","any","any","any","ad","DOMAIN-CONTROLLERS-G","any","ms-ds-smb","application-default","Allow","none","","any"
"844","STD_OUTSIDE_TO_INSIDE_621","Shared","app-team","universal","outside","any","any","any","inside","DC-01","any","dns","application-default","Allow","strict","","any"
"845","STD_POS_TO_AD_3449","Shared","none","universal","pos","VOIP-PBX-01","any","any","ad","API-GATEWAY-01","any","web-browsing","application-default","Allow","strict","","any"
"846","BROAD_INTERNAL_IOT_TO_SERVER_27","Shared","internal","universal","iot","any","any","any","server","any","any","any","any","Allow","none","","any"
"847","STD_IOT_TO_POS_2890","Shared","app-team","universal","iot","WEB-SRV-01","any","any","pos","APP-SRV-02","any","ntp","application-default","Allow","strict","","any"
"848","STD_INSIDE_TO_MGMT_826","Shared","app-team","universal","inside","WEB-SRV-02","any","any","mgmt","API-GATEWAY-01","any","dns","application-default","Allow","strict","","any"
"849","STD_OUTSIDE_TO_POS_2070","Shared","app-team","universal","outside","any","any","any","pos","MGMT-JUMPBOX-01","any","web-browsing","application-default","Allow","strict","","any"
"850","STD_DMZ_TO_POS_1271","Shared","none","universal","dmz","FILE-SRV-01","any","any","pos","WEB-SRV-02","any","ssl","application-default","Allow","strict","","any"
"851","STD_SERVER_TO_OUTSIDE_1664","Shared","app-team","universal","server","WEB-SRV-02","any","any","outside","9.9.9.9/32","any","snmp-base","application-default","Allow","strict","","any"
"852","STD_AD_TO_POS_3641","Shared","app-team","universal","ad","WORKSTATIONS-FLOOR2","any","any","pos","MGMT-JUMPBOX-01","any","ssl","application-default","Allow","strict","","any"
"853","STD_DMZ_TO_IOT_2030","Shared","app-team","universal","dmz","IOT-GATEWAY-01","any","any","iot","WORKSTATIONS-FLOOR2","any","ssl","application-default","Allow","strict","","any"
"854","STD_VOIP_TO_POS_2435","Shared","standard","universal","voip","WORKSTATIONS-FLOOR1","any","any","pos","WEB-SRV-01","any","dns","application-default","Allow","strict","","any"
"855","STD_VOIP_TO_OUTSIDE_2432","Shared","none","universal","voip","WORKSTATIONS-FLOOR2","any","any","outside","8.8.8.8/32","any","web-browsing","application-default","Allow","strict","","any"
"856","STD_DMZ_TO_IOT_3797","Shared","none","universal","dmz","IOT-GATEWAY-01","any","any","iot","DC-01","any","ntp","application-default","Allow","strict","","any"
"857","STD_INSIDE_TO_MGMT_3039","Shared","none","universal","inside","DC-01","any","any","mgmt","WORKSTATIONS-FLOOR2","any","ntp","application-default","Allow","none","","any"
"858","STD_OUTSIDE_TO_AD_2536","Shared","none","universal","outside","any","any","any","ad","WEB-SRV-01","any","voip-generic","application-default","Allow","none","","any"
"859","STD_INSIDE_TO_OUTSIDE_603","Shared","none","universal","inside","DB-SRV-01","any","any","outside","1.1.1.1/32","any","web-browsing","application-default","Allow","none","","any"
"860","STD_DMZ_TO_SERVER_2684","Shared","none","universal","dmz","MGMT-JUMPBOX-01","any","any","server","API-GATEWAY-01","any","dns","application-default","Allow","none","","any"
"861","STD_VOIP_TO_DMZ_806","Shared","none","universal","voip","FILE-SRV-01","any","any","dmz","WORKSTATIONS-FLOOR2","any","ssl","application-default","Allow","none","","any"
"862","STD_IOT_TO_INSIDE_2952","Shared","none","universal","iot","APP-SRV-02","any","any","inside","MGMT-JUMPBOX-01","any","ntp","application-default","Allow","none","","any"
"863","STD_SERVER_TO_POS_2894","Shared","none","universal","server","API-GATEWAY-01","any","any","pos","APP-SRV-02","any","snmp-base","application-default","Allow","strict","","any"
"864","OPEN_OUTSIDE_TO_WEB-SERVERS-G_18","Shared","none","universal","outside","any","any","any","server","WEB-SERVERS-G","any","teamviewer","application-default","Allow","none","","any"
"865","STD_OUTSIDE_TO_POS_2273","Shared","standard","universal","outside","any","any","any","pos","MGMT-JUMPBOX-01","any","voip-generic","application-default","Allow","strict","","any"
"866","STD_IOT_TO_INSIDE_207","Shared","app-team","universal","iot","IOT-GATEWAY-01","any","any","inside","DC-01","any","ntp","application-default","Allow","none","","any"
"867","STD_DMZ_TO_MGMT_3464","Shared","app-team","universal","dmz","WORKSTATIONS-FLOOR2","any","any","mgmt","MGMT-JUMPBOX-01","any","ntp","application-default","Allow","strict","","any"
"868","STD_DMZ_TO_IOT_625","Shared","standard","universal","dmz","APP-SRV-02","any","any","iot","DB-SRV-01","any","sip","application-default","Allow","none","","any"
"869","STD_POS_TO_AD_2500","Shared","none","universal","pos","APP-SRV-02","any","any","ad","VOIP-PBX-01","any","web-browsing","application-default","Allow","strict","","any"
"870","STD_DMZ_TO_MGMT_2014","Shared","app-team","universal","dmz","APP-SRV-01","any","any","mgmt","APP-SRV-02","any","smtp","application-default","Allow","strict","","any"
"871","STD_IOT_TO_VOIP_3017","Shared","standard","universal","iot","APP-SRV-02","any","any","voip","MGMT-JUMPBOX-01","any","mqtt","application-default","Allow","strict","","any"
"872","STD_VOIP_TO_INSIDE_1337","Shared","app-team","universal","voip","WEB-SRV-01","any","any","inside","IOT-GATEWAY-01","any","web-browsing","application-default","Allow","strict","","any"
"873","STD_SERVER_TO_IOT_1928","Shared","app-team","universal","server","APP-SRV-01","any","any","iot","FILE-SRV-01","any","ssl","application-default","Allow","strict","","any"
"874","DNS_OUTBOUND_18","Shared","none","universal","inside","APP-SRV-01","any","any","outside","8.8.8.8/32","any","any","application-default","Allow","strict","","any"
"875","STD_INSIDE_TO_IOT_767","Shared","none","universal","inside","MGMT-JUMPBOX-01","any","any","iot","DB-SRV-01","any","ping","application-default","Allow","strict","","any"
"876","STD_IOT_TO_SERVER_996","Shared","standard","universal","iot","WORKSTATIONS-FLOOR1","any","any","server","APP-SRV-02","any","ntp","application-default","Allow","strict","","any"
"877","STD_DMZ_TO_INSIDE_2437","Shared","app-team","universal","dmz","WEB-SRV-02","any","any","inside","WORKSTATIONS-FLOOR1","any","web-browsing","application-default","Allow","strict","","any"
"878","STD_AD_TO_POS_1149","Shared","none","universal","ad","WEB-SRV-02","any","any","pos","WORKSTATIONS-FLOOR1","any","smtp","application-default","Allow","none","","any"
"879","STD_AD_TO_POS_1108","Shared","none","universal","ad","API-GATEWAY-01","any","any","pos","APP-SRV-01","any","web-browsing","application-default","Allow","strict","","any"
"880","STD_OUTSIDE_TO_INSIDE_2223","Shared","standard","universal","outside","any","any","any","inside","WORKSTATIONS-FLOOR1","any","web-browsing","application-default","Allow","strict","","any"
"881","STD_OUTSIDE_TO_IOT_1111","Shared","standard","universal","outside","any","any","any","iot","DC-01","any","ssl","application-default","Allow","strict","","any"
"882","RISKY_OUTSIDE_TO_FILE-SRV-01_22","Shared","remote-access","universal","outside","any","any","any","inside","FILE-SRV-01","any","vnc","application-default","Allow","none","","any"
"883","STD_MGMT_TO_VOIP_3081","Shared","app-team","universal","mgmt","WEB-SRV-02","any","any","voip","DB-SRV-01","any","dns","application-default","Allow","none","","any"
"884","LEGACY_PORT_18","Shared","legacy-port","universal","outside","any","any","any","ad","FILE-SRV-01","any","any","tcp-3389","Allow","none","","any"
"885","STD_DMZ_TO_MGMT_2436","Shared","none","universal","dmz","APP-SRV-01","any","any","mgmt","MGMT-JUMPBOX-01","any","sip","application-default","Allow","strict","","any"
"886","STD_IOT_TO_MGMT_3606","Shared","app-team","universal","iot","WORKSTATIONS-FLOOR1","any","any","mgmt","WORKSTATIONS-FLOOR1","any","smtp","application-default","Allow","strict","","any"
"887","STD_VOIP_TO_SERVER_2509","Shared","none","universal","voip","IOT-GATEWAY-01","any","any","server","DC-01","any","smtp","application-default","Allow","strict","","any"
"888","STD_MGMT_TO_IOT_1386","Shared","standard","universal","mgmt","WORKSTATIONS-FLOOR2","any","any","iot","FILE-SRV-01","any","snmp-base","application-default","Allow","none","","any"
"889","STD_AD_TO_INSIDE_1533","Shared","none","universal","ad","VOIP-PBX-01","any","any","inside","WORKSTATIONS-FLOOR2","any","voip-generic","application-default","Allow","none","","any"
"890","STD_OUTSIDE_TO_DMZ_1029","Shared","app-team","universal","outside","any","any","any","dmz","WEB-SRV-02","any","ntp","application-default","Allow","strict","","any"
"891","STD_IOT_TO_DMZ_1341","Shared","standard","universal","iot","MGMT-JUMPBOX-01","any","any","dmz","APP-SRV-01","any","dns","application-default","Allow","strict","","any"
"892","STD_AD_TO_MGMT_3946","Shared","none","universal","ad","FILE-SRV-01","any","any","mgmt","APP-SRV-01","any","smtp","application-default","Allow","strict","","any"
"893","[Disabled] OLD_DISABLED_22","Shared","none","universal","outside","any","any","any","pos","FILE-SRV-01","any","any","any","Allow","none","","any"
"894","STD_OUTSIDE_TO_MGMT_2079","Shared","app-team","universal","outside","any","any","any","mgmt","WEB-SRV-01","any","dns","application-default","Allow","strict","","any"
"895","STD_IOT_TO_INSIDE_3698","Shared","none","universal","iot","WORKSTATIONS-FLOOR2","any","any","inside","VOIP-PBX-01","any","snmp-base","application-default","Allow","none","","any"
"896","STD_INSIDE_TO_SERVER_666","Shared","none","universal","inside","WORKSTATIONS-FLOOR1","any","any","server","FILE-SRV-01","any","smtp","application-default","Allow","none","","any"
"897","STD_VOIP_TO_OUTSIDE_1404","Shared","none","universal","voip","DC-01","any","any","outside","9.9.9.9/32","any","voip-generic","application-default","Allow","strict","","any"
"898","STD_POS_TO_SERVER_3814","Shared","none","universal","pos","DC-01","any","any","server","API-GATEWAY-01","any","ping","application-default","Allow","none","","any"
"899","STD_VOIP_TO_OUTSIDE_344","Shared","none","universal","voip","WEB-SRV-01","any","any","outside","9.9.9.9/32","any","voip-generic","application-default","Allow","strict","","any"
"900","STD_AD_TO_INSIDE_3676","Shared","app-team","universal","ad","WEB-SRV-02","any","any","inside","API-GATEWAY-01","any","voip-generic","application-default","Allow","strict","","any"
"901","STD_INSIDE_TO_IOT_2888","Shared","app-team","universal","inside","WORKSTATIONS-FLOOR2","any","any","iot","WEB-SRV-01","any","voip-generic","application-default","Allow","strict","","any"
"902","STD_POS_TO_DMZ_1780","Shared","app-team","universal","pos","FILE-SRV-01","any","any","dmz","API-GATEWAY-01","any","sip","application-default","Allow","strict","","any"
"903","STD_POS_TO_INSIDE_1724","Shared","none","universal","pos","APP-SRV-02","any","any","inside","APP-SRV-01","any","snmp-base","application-default","Allow","none","","any"
"904","STD_SERVER_TO_DMZ_1818","Shared","standard","universal","server","WORKSTATIONS-FLOOR2","any","any","dmz","WORKSTATIONS-FLOOR1","any","snmp-base","application-default","Allow","strict","","any"
"905","STD_SERVER_TO_IOT_2022","Shared","none","universal","server","WEB-SRV-02","any","any","iot","API-GATEWAY-01","any","smtp","application-default","Allow","none","","any"
"906","OPEN_OUTSIDE_TO_POS-TERMINALS-G_93","Shared","none","universal","outside","any","any","any","dmz","POS-TERMINALS-G","any","kerberos","application-default","Allow","none","","any"
"907","STD_AD_TO_DMZ_1503","Shared","app-team","universal","ad","APP-SRV-02","any","any","dmz","WEB-SRV-02","any","ping","application-default","Allow","none","","any"
"908","STD_SERVER_TO_POS_1726","Shared","standard","universal","server","APP-SRV-01","any","any","pos","APP-SRV-01","any","smtp","application-default","Allow","none","","any"
"909","STD_OUTSIDE_TO_INSIDE_930","Shared","none","universal","outside","any","any","any","inside","FILE-SRV-01","any","ssl","application-default","Allow","strict","","any"
"910","STD_OUTSIDE_TO_DMZ_763","Shared","app-team","universal","outside","any","any","any","dmz","DB-SRV-01","any","ping","application-default","Allow","strict","","any"
"911","STD_INSIDE_TO_MGMT_1133","Shared","standard","universal","inside","MGMT-JUMPBOX-01","any","any","mgmt","MGMT-JUMPBOX-01","any","smtp","application-default","Allow","strict","","any"
"912","STD_MGMT_TO_OUTSIDE_653","Shared","app-team","universal","mgmt","APP-SRV-02","any","any","outside","8.8.8.8/32","any","ntp","application-default","Allow","strict","","any"
"913","SCOPED_INTERNAL_VOIP_TO_MGMT_63","Shared","standard","universal","voip","MGMT-JUMPBOX-01","any","any","mgmt","DB-SRV-01","any","web-browsing","application-default","Allow","strict","","any"
"914","STD_DMZ_TO_MGMT_3712","Shared","app-team","universal","dmz","DC-01","any","any","mgmt","VOIP-PBX-01","any","voip-generic","application-default","Allow","strict","","any"
"915","STD_OUTSIDE_TO_IOT_3465","Shared","app-team","universal","outside","any","any","any","iot","WEB-SRV-01","any","smtp","application-default","Allow","strict","","any"
"916","CORP_TO_POS_9","Shared","admin-access","universal","inside","any","any","any","pos","any","any","any","application-default","Allow","none","","any"
"917","STD_POS_TO_MGMT_774","Shared","none","universal","pos","WEB-SRV-02","any","any","mgmt","WEB-SRV-02","any","web-browsing","application-default","Allow","strict","","any"
"918","STD_MGMT_TO_POS_700","Shared","app-team","universal","mgmt","WORKSTATIONS-FLOOR2","any","any","pos","WORKSTATIONS-FLOOR1","any","web-browsing","application-default","Allow","none","","any"
"919","STD_POS_TO_IOT_238","Shared","standard","universal","pos","FILE-SRV-01","any","any","iot","WEB-SRV-01","any","voip-generic","application-default","Allow","none","","any"
"920","STD_OUTSIDE_TO_AD_1025","Shared","none","universal","outside","any","any","any","ad","VOIP-PBX-01","any","ssl","application-default","Allow","strict","","any"
"921","STD_AD_TO_SERVER_1639","Shared","app-team","universal","ad","MGMT-JUMPBOX-01","any","any","server","IOT-GATEWAY-01","any","ping","application-default","Allow","strict","","any"
"922","SERVER_TO_DC_46","Shared","ad-auth","universal","server","any","any","any","ad","DOMAIN-CONTROLLERS-G","any","kerberos","application-default","Allow","none","","any"
"923","STD_SERVER_TO_DMZ_1770","Shared","standard","universal","server","DB-SRV-01","any","any","dmz","DB-SRV-01","any","smtp","application-default","Allow","strict","","any"
"924","STD_DMZ_TO_POS_1443","Shared","app-team","universal","dmz","WORKSTATIONS-FLOOR2","any","any","pos","API-GATEWAY-01","any","ping","application-default","Allow","strict","","any"
"925","STD_AD_TO_MGMT_452","Shared","none","universal","ad","WORKSTATIONS-FLOOR2","any","any","mgmt","API-GATEWAY-01","any","ntp","application-default","Allow","strict","","any"
"926","STD_POS_TO_IOT_1455","Shared","standard","universal","pos","APP-SRV-01","any","any","iot","VOIP-PBX-01","any","web-browsing","application-default","Allow","strict","","any"
"927","SCOPED_INTERNAL_MGMT_TO_INSIDE_53","Shared","standard","universal","mgmt","APP-SRV-01","any","any","inside","FILE-SRV-01","any","mqtt","application-default","Allow","strict","","any"
"928","STD_POS_TO_VOIP_3557","Shared","standard","universal","pos","APP-SRV-01","any","any","voip","WEB-SRV-01","any","snmp-base","application-default","Allow","strict","","any"
"929","STD_VOIP_TO_DMZ_525","Shared","standard","universal","voip","APP-SRV-01","any","any","dmz","DC-01","any","web-browsing","application-default","Allow","none","","any"
"930","STD_AD_TO_INSIDE_149","Shared","app-team","universal","ad","WORKSTATIONS-FLOOR1","any","any","inside","DB-SRV-01","any","ping","application-default","Allow","strict","","any"
"931","OPEN_OUTSIDE_TO_APP-SERVERS-G_126","Shared","legacy-open","universal","outside","any","any","any","pos","APP-SERVERS-G","any","splashtop","application-default","Allow","none","","any"
"932","STD_SERVER_TO_POS_2293","Shared","app-team","universal","server","IOT-GATEWAY-01","any","any","pos","MGMT-JUMPBOX-01","any","ssl","application-default","Allow","strict","","any"
"933","STD_POS_TO_MGMT_2917","Shared","standard","universal","pos","DB-SRV-01","any","any","mgmt","DB-SRV-01","any","voip-generic","application-default","Allow","none","","any"
"934","STD_SERVER_TO_INSIDE_3290","Shared","none","universal","server","APP-SRV-02","any","any","inside","VOIP-PBX-01","any","web-browsing","application-default","Allow","none","","any"
"935","STD_VOIP_TO_POS_1667","Shared","none","universal","voip","DB-SRV-01","any","any","pos","MGMT-JUMPBOX-01","any","mqtt","application-default","Allow","none","","any"
"936","STD_INSIDE_TO_SERVER_2496","Shared","standard","universal","inside","DB-SRV-01","any","any","server","APP-SRV-02","any","voip-generic","application-default","Allow","strict","","any"
"937","STD_IOT_TO_VOIP_3577","Shared","standard","universal","iot","WEB-SRV-02","any","any","voip","WEB-SRV-01","any","web-browsing","application-default","Allow","none","","any"
"938","RISKY_OUTSIDE_TO_APP-SRV-02_9","Shared","remote-access","universal","outside","any","any","any","iot","APP-SRV-02","any","logmein","application-default","Allow","none","","any"
"939","STD_MGMT_TO_IOT_1852","Shared","none","universal","mgmt","FILE-SRV-01","any","any","iot","DB-SRV-01","any","snmp-base","application-default","Allow","none","","any"
"940","STD_MGMT_TO_VOIP_1359","Shared","app-team","universal","mgmt","APP-SRV-02","any","any","voip","APP-SRV-02","any","dns","application-default","Allow","none","","any"
"941","STD_SERVER_TO_DMZ_2385","Shared","none","universal","server","API-GATEWAY-01","any","any","dmz","APP-SRV-02","any","ssl","application-default","Allow","strict","","any"
"942","RISKY_OUTSIDE_TO_FILE-SRV-01_32","Shared","remote-access","universal","outside","any","any","any","iot","FILE-SRV-01","any","logmein","application-default","Allow","none","","any"
"943","STD_OUTSIDE_TO_VOIP_2950","Shared","standard","universal","outside","any","any","any","voip","FILE-SRV-01","any","mqtt","application-default","Allow","strict","","any"
"944","RISKY_OUTSIDE_TO_APP-SRV-02_19","Shared","remote-access","universal","outside","any","any","any","ad","APP-SRV-02","any","ftp","application-default","Allow","none","","any"
"945","OPEN_OUTSIDE_TO_MGMT-HOSTS-G_134","Shared","none","universal","outside","any","any","any","server","MGMT-HOSTS-G","any","ftp","any","Allow","none","","any"
"946","STD_IOT_TO_VOIP_574","Shared","none","universal","iot","APP-SRV-02","any","any","voip","WORKSTATIONS-FLOOR2","any","web-browsing","application-default","Allow","strict","","any"
"947","STD_IOT_TO_SERVER_1512","Shared","none","universal","iot","FILE-SRV-01","any","any","server","DB-SRV-01","any","dns","application-default","Allow","strict","","any"
"948","STD_MGMT_TO_IOT_1342","Shared","app-team","universal","mgmt","API-GATEWAY-01","any","any","iot","WORKSTATIONS-FLOOR1","any","sip","application-default","Allow","strict","","any"
"949","STD_IOT_TO_OUTSIDE_3226","Shared","standard","universal","iot","IOT-GATEWAY-01","any","any","outside","1.1.1.1/32","any","web-browsing","application-default","Allow","strict","","any"
"950","STD_INSIDE_TO_IOT_1551","Shared","standard","universal","inside","FILE-SRV-01","any","any","iot","APP-SRV-01","any","voip-generic","application-default","Allow","strict","","any"
"951","STD_POS_TO_VOIP_1277","Shared","app-team","universal","pos","WORKSTATIONS-FLOOR2","any","any","voip","IOT-GATEWAY-01","any","sip","application-default","Allow","strict","","any"
"952","STD_IOT_TO_POS_2323","Shared","app-team","universal","iot","MGMT-JUMPBOX-01","any","any","pos","WORKSTATIONS-FLOOR1","any","dns","application-default","Allow","none","","any"
"953","STD_POS_TO_VOIP_2228","Shared","standard","universal","pos","VOIP-PBX-01","any","any","voip","VOIP-PBX-01","any","ssl","application-default","Allow","strict","","any"
"954","STD_INSIDE_TO_MGMT_3888","Shared","app-team","universal","inside","WEB-SRV-02","any","any","mgmt","VOIP-PBX-01","any","smtp","application-default","Allow","none","","any"
"955","LEGACY_PORT_12","Shared","legacy-port","universal","inside","any","any","any","inside","FILE-SRV-01","any","any","tcp-3389","Allow","none","","any"
"956","STD_AD_TO_OUTSIDE_3891","Shared","standard","universal","ad","MGMT-JUMPBOX-01","any","any","outside","9.9.9.9/32","any","smtp","application-default","Allow","strict","","any"
"957","RISKY_OUTSIDE_TO_APP-SRV-01_82","Shared","remote-access","universal","outside","any","any","any","dmz","APP-SRV-01","any","kerberos","application-default","Allow","none","","any"
"958","STD_VOIP_TO_OUTSIDE_3590","Shared","none","universal","voip","VOIP-PBX-01","any","any","outside","9.9.9.9/32","any","mqtt","application-default","Allow","strict","","any"
"959","STD_MGMT_TO_SERVER_2116","Shared","app-team","universal","mgmt","WEB-SRV-01","any","any","server","DB-SRV-01","any","voip-generic","application-default","Allow","none","","any"
"960","STD_OUTSIDE_TO_POS_959","Shared","app-team","universal","outside","any","any","any","pos","WORKSTATIONS-FLOOR2","any","ntp","application-default","Allow","strict","","any"
"961","STD_MGMT_TO_DMZ_3181","Shared","none","universal","mgmt","WEB-SRV-01","any","any","dmz","VOIP-PBX-01","any","smtp","application-default","Allow","strict","","any"
"962","STD_VOIP_TO_POS_1829","Shared","app-team","universal","voip","IOT-GATEWAY-01","any","any","pos","WEB-SRV-02","any","smtp","application-default","Allow","strict","","any"
"963","BROAD_INTERNAL_INSIDE_TO_AD_63","Shared","internal","universal","inside","any","any","any","ad","any","any","any","any","Allow","none","","any"
"964","STD_INSIDE_TO_MGMT_964","Shared","none","universal","inside","WORKSTATIONS-FLOOR2","any","any","mgmt","VOIP-PBX-01","any","smtp","application-default","Allow","strict","","any"
"965","STD_INSIDE_TO_POS_85","Shared","app-team","universal","inside","MGMT-JUMPBOX-01","any","any","pos","API-GATEWAY-01","any","mqtt","application-default","Allow","strict","","any"
"966","OUTBOUND_OPEN_34","Shared","legacy-open","universal","pos","any","any","any","outside","any","any","any","any","Allow","none","","any"
"967","NEGATED_RFC1918_3","Shared","none","universal","server","[Negate]  10.0.0.0-10.255.255.255;[Negate]  172.16.0.0-172.31.255.255;[Negate]  192.168.0.0-192.168.255.255","any","any","outside","any","any","web-browsing","application-default","Allow","strict","","any"
"968","STD_AD_TO_DMZ_1624","Shared","app-team","universal","ad","WORKSTATIONS-FLOOR2","any","any","dmz","IOT-GATEWAY-01","any","smtp","application-default","Allow","strict","","any"
"969","STD_INSIDE_TO_OUTSIDE_311","Shared","none","universal","inside","FILE-SRV-01","any","any","outside","8.8.8.8/32","any","snmp-base","application-default","Allow","strict","","any"
"970","STD_OUTSIDE_TO_VOIP_2065","Shared","none","universal","outside","any","any","any","voip","WORKSTATIONS-FLOOR2","any","dns","application-default","Allow","none","","any"
"971","STD_VOIP_TO_POS_2105","Shared","app-team","universal","voip","FILE-SRV-01","any","any","pos","WEB-SRV-01","any","snmp-base","application-default","Allow","strict","","any"
"972","STD_DMZ_TO_POS_1758","Shared","none","universal","dmz","WEB-SRV-02","any","any","pos","WORKSTATIONS-FLOOR1","any","mqtt","application-default","Allow","strict","","any"
"973","STD_VOIP_TO_AD_1813","Shared","standard","universal","voip","APP-SRV-02","any","any","ad","WEB-SRV-01","any","web-browsing","application-default","Allow","strict","","any"
"974","OPEN_OUTSIDE_TO_MGMT-HOSTS-G_101","Shared","none","universal","outside","any","any","any","mgmt","MGMT-HOSTS-G","any","ms-rdp","any","Allow","none","","any"
"975","SCOPED_INTERNAL_SERVER_TO_VOIP_74","Shared","standard","universal","server","APP-SRV-01","any","any","voip","FILE-SRV-01","any","web-browsing","application-default","Allow","strict","","any"
"976","STD_OUTSIDE_TO_DMZ_3648","Shared","app-team","universal","outside","any","any","any","dmz","DB-SRV-01","any","mqtt","application-default","Allow","none","","any"
"977","STD_DMZ_TO_MGMT_1600","Shared","none","universal","dmz","FILE-SRV-01","any","any","mgmt","WEB-SRV-02","any","ping","application-default","Allow","none","","any"
"978","STD_SERVER_TO_DMZ_3446","Shared","app-team","universal","server","DB-SRV-01","any","any","dmz","WORKSTATIONS-FLOOR1","any","ssl","application-default","Allow","none","","any"
"979","STD_POS_TO_MGMT_124","Shared","standard","universal","pos","APP-SRV-01","any","any","mgmt","DB-SRV-01","any","dns","application-default","Allow","strict","","any"
"980","STD_VOIP_TO_POS_577","Shared","app-team","universal","voip","WEB-SRV-02","any","any","pos","WORKSTATIONS-FLOOR2","any","dns","application-default","Allow","strict","","any"
"981","STD_POS_TO_IOT_3771","Shared","app-team","universal","pos","DC-01","any","any","iot","API-GATEWAY-01","any","snmp-base","application-default","Allow","none","","any"
"982","STD_AD_TO_POS_580","Shared","app-team","universal","ad","DB-SRV-01","any","any","pos","MGMT-JUMPBOX-01","any","ntp","application-default","Allow","strict","","any"
"983","OUTBOUND_SCOPED_40","Shared","outbound-standard","universal","inside","WORKSTATIONS-FLOOR1","any","any","outside","VPN-CLIENT-RANGE","any","smtp","application-default","Allow","strict","","any"
"984","STD_VOIP_TO_POS_558","Shared","none","universal","voip","WORKSTATIONS-FLOOR1","any","any","pos","DB-SRV-01","any","mqtt","application-default","Allow","strict","","any"
"985","LEGACY_PORT_26","Shared","legacy-port","universal","inside","any","any","any","voip","BACKUP-SRV-01","any","any","tcp-3389","Allow","none","","any"
"986","STD_AD_TO_VOIP_3506","Shared","none","universal","ad","WORKSTATIONS-FLOOR2","any","any","voip","WORKSTATIONS-FLOOR2","any","ssl","application-default","Allow","strict","","any"
"987","STD_AD_TO_POS_3019","Shared","none","universal","ad","IOT-GATEWAY-01","any","any","pos","WORKSTATIONS-FLOOR1","any","web-browsing","application-default","Allow","none","","any"
"988","STD_DMZ_TO_SERVER_2702","Shared","none","universal","dmz","API-GATEWAY-01","any","any","server","DC-01","any","ping","application-default","Allow","none","","any"
"989","STD_VOIP_TO_POS_1026","Shared","none","universal","voip","DC-01","any","any","pos","DB-SRV-01","any","dns","application-default","Allow","strict","","any"
"990","STD_SERVER_TO_VOIP_1524","Shared","app-team","universal","server","WORKSTATIONS-FLOOR2","any","any","voip","VOIP-PBX-01","any","ping","application-default","Allow","strict","","any"
"991","STD_DMZ_TO_IOT_131","Shared","standard","universal","dmz","API-GATEWAY-01","any","any","iot","IOT-GATEWAY-01","any","smtp","application-default","Allow","none","","any"
"992","STD_INSIDE_TO_VOIP_2629","Shared","standard","universal","inside","APP-SRV-02","any","any","voip","DB-SRV-01","any","smtp","application-default","Allow","none","","any"
"993","STD_INSIDE_TO_DMZ_3059","Shared","standard","universal","inside","DB-SRV-01","any","any","dmz","FILE-SRV-01","any","web-browsing","application-default","Allow","strict","","any"
"994","STD_DMZ_TO_AD_2911","Shared","standard","universal","dmz","API-GATEWAY-01","any","any","ad","VOIP-PBX-01","any","ntp","application-default","Allow","none","","any"
"995","RISKY_OUTSIDE_TO_MGMT-JUMPBOX-01_74","Shared","remote-access","universal","outside","any","any","any","inside","MGMT-JUMPBOX-01","any","teamviewer","application-default","Allow","none","","any"
"996","STD_MGMT_TO_OUTSIDE_1957","Shared","app-team","universal","mgmt","DB-SRV-01","any","any","outside","1.1.1.1/32","any","dns","application-default","Allow","strict","","any"
"997","RISKY_OUTSIDE_TO_APP-SRV-01_53","Shared","remote-access","universal","outside","any","any","any","inside","APP-SRV-01","any","ftp","application-default","Allow","none","","any"
"998","STD_DMZ_TO_INSIDE_3153","Shared","app-team","universal","dmz","WEB-SRV-01","any","any","inside","API-GATEWAY-01","any","ssl","application-default","Allow","none","","any"
"999","STD_SERVER_TO_POS_1974","Shared","standard","universal","server","WORKSTATIONS-FLOOR2","any","any","pos","APP-SRV-01","any","voip-generic","application-default","Allow","strict","","any"
"1000","OUTBOUND_SCOPED_43","Shared","outbound-standard","universal","mgmt","MGMT-JUMPBOX-01","any","any","outside","173.44.105.211/32","any","sip","application-default","Allow","strict","","any"
"1001","STD_SERVER_TO_POS_3673","Shared","none","universal","server","DC-01","any","any","pos","API-GATEWAY-01","any","ssl","application-default","Allow","strict","","any"
"1002","STD_AD_TO_SERVER_1080","Shared","app-team","universal","ad","WEB-SRV-02","any","any","server","FILE-SRV-01","any","mqtt","application-default","Allow","strict","","any"
"1003","STD_DMZ_TO_INSIDE_2156","Shared","standard","universal","dmz","API-GATEWAY-01","any","any","inside","WORKSTATIONS-FLOOR2","any","ping","application-default","Allow","strict","","any"
"1004","STD_MGMT_TO_AD_3304","Shared","standard","universal","mgmt","API-GATEWAY-01","any","any","ad","WORKSTATIONS-FLOOR1","any","ntp","application-default","Allow","strict","","any"
"1005","STD_SERVER_TO_AD_1812","Shared","app-team","universal","server","WORKSTATIONS-FLOOR2","any","any","ad","DB-SRV-01","any","ping","application-default","Allow","none","","any"
"1006","VOIP_TO_DC_27","Shared","ad-auth","universal","voip","WORKSTATIONS-FLOOR1","any","any","ad","DOMAIN-CONTROLLERS-G","any","ldap","application-default","Allow","none","","any"
"1007","STD_POS_TO_DMZ_2616","Shared","none","universal","pos","WEB-SRV-02","any","any","dmz","VOIP-PBX-01","any","ssl","application-default","Allow","strict","","any"
"1008","STD_INSIDE_TO_OUTSIDE_954","Shared","app-team","universal","inside","FILE-SRV-01","any","any","outside","8.8.8.8/32","any","ping","application-default","Allow","strict","","any"
"1009","SCOPED_INTERNAL_POS_TO_MGMT_66","Shared","standard","universal","pos","WORKSTATIONS-FLOOR1","any","any","mgmt","DB-SRV-01","any","mqtt","application-default","Allow","strict","","any"
"1010","SCOPED_INTERNAL_IOT_TO_SERVER_15","Shared","standard","universal","iot","APP-SRV-01","any","any","server","APP-SRV-01","any","ntp","application-default","Allow","strict","","any"
"1011","STD_MGMT_TO_OUTSIDE_875","Shared","standard","universal","mgmt","MGMT-JUMPBOX-01","any","any","outside","8.8.8.8/32","any","snmp-base","application-default","Allow","strict","","any"
"1012","STD_DMZ_TO_AD_204","Shared","app-team","universal","dmz","MGMT-JUMPBOX-01","any","any","ad","WEB-SRV-01","any","mqtt","application-default","Allow","none","","any"
"1013","STD_POS_TO_SERVER_1428","Shared","none","universal","pos","VOIP-PBX-01","any","any","server","API-GATEWAY-01","any","ssl","application-default","Allow","strict","","any"
"1014","STD_DMZ_TO_AD_1954","Shared","app-team","universal","dmz","DC-01","any","any","ad","WORKSTATIONS-FLOOR1","any","ping","application-default","Allow","strict","","any"
"1015","LEGACY_PORT_35","Shared","legacy-port","universal","outside","any","any","any","dmz","DC-02","any","any","tcp-23","Allow","none","","any"
"1016","STD_OUTSIDE_TO_SERVER_2308","Shared","app-team","universal","outside","any","any","any","server","APP-SRV-02","any","web-browsing","application-default","Allow","strict","","any"
"1017","STD_INSIDE_TO_MGMT_2363","Shared","app-team","universal","inside","MGMT-JUMPBOX-01","any","any","mgmt","WORKSTATIONS-FLOOR1","any","snmp-base","application-default","Allow","strict","","any"
"1018","DNS_OUTBOUND_37","Shared","none","universal","inside","APP-SRV-01","any","any","outside","9.9.9.9/32","any","any","tcp-853","Allow","none","","any"
"1019","STD_IOT_TO_INSIDE_602","Shared","standard","universal","iot","WEB-SRV-01","any","any","inside","IOT-GATEWAY-01","any","ssl","application-default","Allow","strict","","any"
"1020","STD_SERVER_TO_POS_1691","Shared","standard","universal","server","API-GATEWAY-01","any","any","pos","MGMT-JUMPBOX-01","any","snmp-base","application-default","Allow","strict","","any"
"1021","SCOPED_INTERNAL_SERVER_TO_POS_54","Shared","standard","universal","server","WORKSTATIONS-FLOOR1","any","any","pos","APP-SRV-01","any","mqtt","application-default","Allow","strict","","any"
"1022","STD_POS_TO_AD_3175","Shared","standard","universal","pos","WEB-SRV-01","any","any","ad","FILE-SRV-01","any","voip-generic","application-default","Allow","strict","","any"
"1023","STD_AD_TO_POS_1532","Shared","app-team","universal","ad","WORKSTATIONS-FLOOR2","any","any","pos","WEB-SRV-02","any","mqtt","application-default","Allow","strict","","any"
"1024","STD_INSIDE_TO_OUTSIDE_1286","Shared","none","universal","inside","APP-SRV-02","any","any","outside","1.1.1.1/32","any","dns","application-default","Allow","none","","any"
"1025","STD_VOIP_TO_INSIDE_1215","Shared","app-team","universal","voip","WEB-SRV-01","any","any","inside","APP-SRV-01","any","dns","application-default","Allow","none","","any"
"1026","SCOPED_INTERNAL_SERVER_TO_VOIP_80","Shared","standard","universal","server","WORKSTATIONS-FLOOR1","any","any","voip","DB-SRV-01","any","ntp","application-default","Allow","strict","","any"
"1027","STD_IOT_TO_SERVER_516","Shared","standard","universal","iot","APP-SRV-01","any","any","server","WEB-SRV-02","any","mqtt","application-default","Allow","strict","","any"
"1028","STD_VOIP_TO_INSIDE_2801","Shared","app-team","universal","voip","MGMT-JUMPBOX-01","any","any","inside","DC-01","any","snmp-base","application-default","Allow","strict","","any"
"1029","DNS_OUTBOUND_5","Shared","none","universal","mgmt","APP-SRV-01","any","any","outside","9.9.9.9/32","any","dns-over-https","application-default","Allow","strict","","any"
"1030","STD_POS_TO_INSIDE_588","Shared","app-team","universal","pos","DB-SRV-01","any","any","inside","APP-SRV-02","any","voip-generic","application-default","Allow","strict","","any"
"1031","OPEN_OUTSIDE_TO_APP-SERVERS-G_53","Shared","legacy-open","universal","outside","any","any","any","pos","APP-SERVERS-G","any","any","application-default","Allow","none","","any"
"1032","STD_MGMT_TO_POS_107","Shared","standard","universal","mgmt","DB-SRV-01","any","any","pos","DC-01","any","smtp","application-default","Allow","strict","","any"
"1033","STD_VOIP_TO_SERVER_2655","Shared","app-team","universal","voip","APP-SRV-01","any","any","server","WEB-SRV-02","any","smtp","application-default","Allow","strict","","any"
"1034","STD_AD_TO_MGMT_2294","Shared","app-team","universal","ad","MGMT-JUMPBOX-01","any","any","mgmt","IOT-GATEWAY-01","any","ping","application-default","Allow","strict","","any"
"1035","STD_IOT_TO_DMZ_2751","Shared","app-team","universal","iot","API-GATEWAY-01","any","any","dmz","VOIP-PBX-01","any","ntp","application-default","Allow","strict","","any"
"1036","STD_SERVER_TO_INSIDE_2660","Shared","standard","universal","server","WORKSTATIONS-FLOOR2","any","any","inside","MGMT-JUMPBOX-01","any","smtp","application-default","Allow","strict","","any"
"1037","OPEN_OUTSIDE_TO_POS-TERMINALS-G_2","Shared","none","universal","outside","any","any","any","dmz","POS-TERMINALS-G","any","any","application-default","Allow","none","","any"
"1038","STD_DMZ_TO_SERVER_3342","Shared","app-team","universal","dmz","WORKSTATIONS-FLOOR1","any","any","server","WEB-SRV-01","any","ping","application-default","Allow","strict","","any"
"1039","STD_POS_TO_OUTSIDE_1802","Shared","app-team","universal","pos","APP-SRV-01","any","any","outside","8.8.8.8/32","any","dns","application-default","Allow","none","","any"
"1040","STD_OUTSIDE_TO_MGMT_436","Shared","none","universal","outside","any","any","any","mgmt","WORKSTATIONS-FLOOR1","any","dns","application-default","Allow","strict","","any"
"1041","OPEN_OUTSIDE_TO_APP-SERVERS-G_88","Shared","legacy-open","universal","outside","any","any","any","dmz","APP-SERVERS-G","any","ftp","application-default","Allow","none","","any"
"1042","STD_VOIP_TO_IOT_631","Shared","app-team","universal","voip","WEB-SRV-01","any","any","iot","APP-SRV-02","any","ping","application-default","Allow","strict","","any"
"1043","STD_AD_TO_OUTSIDE_2828","Shared","none","universal","ad","WORKSTATIONS-FLOOR2","any","any","outside","8.8.8.8/32","any","voip-generic","application-default","Allow","strict","","any"
"1044","STD_OUTSIDE_TO_SERVER_1290","Shared","standard","universal","outside","any","any","any","server","MGMT-JUMPBOX-01","any","voip-generic","application-default","Allow","strict","","any"
"1045","STD_VOIP_TO_INSIDE_3240","Shared","none","universal","voip","MGMT-JUMPBOX-01","any","any","inside","DB-SRV-01","any","sip","application-default","Allow","none","","any"
"1046","STD_VOIP_TO_MGMT_1163","Shared","app-team","universal","voip","VOIP-PBX-01","any","any","mgmt","WEB-SRV-02","any","mqtt","application-default","Allow","strict","","any"
"1047","STD_INSIDE_TO_DMZ_309","Shared","app-team","universal","inside","APP-SRV-01","any","any","dmz","MGMT-JUMPBOX-01","any","dns","application-default","Allow","strict","","any"
"1048","STD_DMZ_TO_SERVER_2637","Shared","app-team","universal","dmz","WORKSTATIONS-FLOOR1","any","any","server","VOIP-PBX-01","any","voip-generic","application-default","Allow","strict","","any"
"1049","STD_SERVER_TO_DMZ_2297","Shared","none","universal","server","APP-SRV-02","any","any","dmz","DC-01","any","ntp","application-default","Allow","none","","any"
"1050","STD_VOIP_TO_OUTSIDE_584","Shared","none","universal","voip","WEB-SRV-02","any","any","outside","9.9.9.9/32","any","mqtt","application-default","Allow","none","","any"
"1051","STD_MGMT_TO_OUTSIDE_3622","Shared","app-team","universal","mgmt","WEB-SRV-01","any","any","outside","9.9.9.9/32","any","ntp","application-default","Allow","strict","","any"
"1052","STD_VOIP_TO_MGMT_3030","Shared","standard","universal","voip","DB-SRV-01","any","any","mgmt","APP-SRV-01","any","ssl","application-default","Allow","strict","","any"
"1053","LEGACY_PORT_53","Shared","legacy-port","universal","outside","any","any","any","pos","FILE-SRV-01","any","any","tcp-5900","Allow","none","","any"
"1054","STD_SERVER_TO_IOT_2492","Shared","standard","universal","server","WEB-SRV-01","any","any","iot","WORKSTATIONS-FLOOR1","any","ntp","application-default","Allow","strict","","any"
"1055","OPEN_OUTSIDE_TO_MGMT-HOSTS-G_55","Shared","legacy-open","universal","outside","any","any","any","dmz","MGMT-HOSTS-G","any","splashtop","application-default","Allow","none","","any"
"1056","STD_INSIDE_TO_VOIP_3371","Shared","standard","universal","inside","APP-SRV-01","any","any","voip","DB-SRV-01","any","dns","application-default","Allow","strict","","any"
"1057","STD_OUTSIDE_TO_VOIP_1668","Shared","app-team","universal","outside","any","any","any","voip","WORKSTATIONS-FLOOR2","any","mqtt","application-default","Allow","strict","","any"
"1058","STD_VOIP_TO_MGMT_1807","Shared","app-team","universal","voip","WEB-SRV-01","any","any","mgmt","WORKSTATIONS-FLOOR1","any","dns","application-default","Allow","strict","","any"
"1059","STD_MGMT_TO_IOT_2288","Shared","none","universal","mgmt","MGMT-JUMPBOX-01","any","any","iot","VOIP-PBX-01","any","web-browsing","application-default","Allow","strict","","any"
"1060","IOT_TO_DC_33","Shared","ad-auth","universal","iot","WORKSTATIONS-FLOOR2","any","any","ad","DOMAIN-CONTROLLERS-G","any","ldap","application-default","Allow","none","","any"
"1061","STD_VOIP_TO_AD_2483","Shared","standard","universal","voip","IOT-GATEWAY-01","any","any","ad","DB-SRV-01","any","mqtt","application-default","Allow","strict","","any"
"1062","STD_DMZ_TO_IOT_3415","Shared","none","universal","dmz","FILE-SRV-01","any","any","iot","MGMT-JUMPBOX-01","any","snmp-base","application-default","Allow","strict","","any"
"1063","RISKY_OUTSIDE_TO_APP-SRV-01_34","Shared","remote-access","universal","outside","any","any","any","dmz","APP-SRV-01","any","ms-ds-smb","application-default","Allow","none","","any"
"1064","STD_AD_TO_INSIDE_1866","Shared","standard","universal","ad","WEB-SRV-01","any","any","inside","FILE-SRV-01","any","mqtt","application-default","Allow","none","","any"
"1065","STD_POS_TO_SERVER_1650","Shared","app-team","universal","pos","FILE-SRV-01","any","any","server","WEB-SRV-02","any","mqtt","application-default","Allow","none","","any"
"1066","RISKY_OUTSIDE_TO_APP-SRV-01_6","Shared","remote-access","universal","outside","any","any","any","server","APP-SRV-01","any","ms-ds-smb","application-default","Allow","none","","any"
"1067","STD_POS_TO_VOIP_3348","Shared","app-team","universal","pos","DB-SRV-01","any","any","voip","IOT-GATEWAY-01","any","mqtt","application-default","Allow","strict","","any"
"1068","STD_INSIDE_TO_POS_2137","Shared","none","universal","inside","WORKSTATIONS-FLOOR1","any","any","pos","DC-01","any","ntp","application-default","Allow","none","","any"
"1069","STD_MGMT_TO_OUTSIDE_1912","Shared","standard","universal","mgmt","DB-SRV-01","any","any","outside","9.9.9.9/32","any","sip","application-default","Allow","none","","any"
"1070","NEGATED_SINGLE_0","Shared","legacy","universal","any","[Negate]  203.0.0.0/24","any","any","dmz","any","any","anydesk","application-default","Allow","none","","any"
"1071","STD_VOIP_TO_SERVER_2528","Shared","none","universal","voip","WORKSTATIONS-FLOOR2","any","any","server","WORKSTATIONS-FLOOR1","any","mqtt","application-default","Allow","none","","any"
"1072","STD_SERVER_TO_VOIP_3568","Shared","standard","universal","server","WORKSTATIONS-FLOOR2","any","any","voip","WEB-SRV-01","any","smtp","application-default","Allow","strict","","any"
"1073","STD_AD_TO_MGMT_564","Shared","app-team","universal","ad","WORKSTATIONS-FLOOR1","any","any","mgmt","APP-SRV-02","any","ntp","application-default","Allow","strict","","any"
"1074","STD_INSIDE_TO_MGMT_2174","Shared","standard","universal","inside","FILE-SRV-01","any","any","mgmt","API-GATEWAY-01","any","ntp","application-default","Allow","none","","any"
"1075","SCOPED_NO_PROFILE_19","Shared","partner-integration","universal","outside","PARTNER-VENDOR-A","any","any","dmz","WEB-SRV-01","any","ssl","application-default","Allow","none","","any"
"1076","STD_DMZ_TO_OUTSIDE_2088","Shared","app-team","universal","dmz","WEB-SRV-01","any","any","outside","1.1.1.1/32","any","smtp","application-default","Allow","strict","","any"
"1077","DNS_OUTBOUND_16","Shared","none","universal","inside","MGMT-JUMPBOX-01","any","any","outside","9.9.9.9/32","any","any","tcp-853","Allow","none","","any"
"1078","OUTBOUND_SCOPED_38","Shared","outbound-standard","universal","server","WORKSTATIONS-FLOOR1","any","any","outside","VPN-CLIENT-RANGE","any","ping","application-default","Allow","strict","","any"
"1079","STD_INSIDE_TO_MGMT_300","Shared","app-team","universal","inside","WORKSTATIONS-FLOOR2","any","any","mgmt","FILE-SRV-01","any","snmp-base","application-default","Allow","strict","","any"
"1080","STD_POS_TO_INSIDE_2599","Shared","standard","universal","pos","APP-SRV-01","any","any","inside","WORKSTATIONS-FLOOR1","any","snmp-base","application-default","Allow","none","","any"
"1081","STD_AD_TO_SERVER_3011","Shared","app-team","universal","ad","FILE-SRV-01","any","any","server","DB-SRV-01","any","sip","application-default","Allow","strict","","any"
"1082","STD_AD_TO_MGMT_1424","Shared","standard","universal","ad","WORKSTATIONS-FLOOR2","any","any","mgmt","APP-SRV-01","any","voip-generic","application-default","Allow","strict","","any"
"1083","STD_MGMT_TO_AD_1453","Shared","app-team","universal","mgmt","DB-SRV-01","any","any","ad","APP-SRV-01","any","sip","application-default","Allow","strict","","any"
"1084","SCOPED_INTERNAL_DMZ_TO_VOIP_46","Shared","standard","universal","dmz","APP-SRV-01","any","any","voip","APP-SRV-01","any","voip-generic","application-default","Allow","strict","","any"
"1085","STD_SERVER_TO_POS_3835","Shared","standard","universal","server","DC-01","any","any","pos","APP-SRV-01","any","mqtt","application-default","Allow","strict","","any"
"1086","STD_SERVER_TO_AD_3541","Shared","none","universal","server","IOT-GATEWAY-01","any","any","ad","WEB-SRV-01","any","ntp","application-default","Allow","strict","","any"
"1087","STD_AD_TO_MGMT_899","Shared","none","universal","ad","WORKSTATIONS-FLOOR2","any","any","mgmt","APP-SRV-02","any","ntp","application-default","Allow","strict","","any"
"1088","STD_IOT_TO_VOIP_342","Shared","app-team","universal","iot","WORKSTATIONS-FLOOR1","any","any","voip","DC-01","any","snmp-base","application-default","Allow","strict","","any"
"1089","STD_MGMT_TO_VOIP_778","Shared","none","universal","mgmt","FILE-SRV-01","any","any","voip","API-GATEWAY-01","any","smtp","application-default","Allow","strict","","any"
"1090","CORP_TO_POS_27","Shared","admin-access","universal","server","any","any","any","pos","any","any","any","application-default","Allow","none","","any"
"1091","STD_INSIDE_TO_AD_2051","Shared","none","universal","inside","MGMT-JUMPBOX-01","any","any","ad","VOIP-PBX-01","any","dns","application-default","Allow","strict","","any"
"1092","STD_VOIP_TO_MGMT_2227","Shared","none","universal","voip","WORKSTATIONS-FLOOR2","any","any","mgmt","MGMT-JUMPBOX-01","any","sip","application-default","Allow","strict","","any"
"1093","STD_AD_TO_DMZ_1302","Shared","none","universal","ad","WEB-SRV-02","any","any","dmz","DC-01","any","smtp","application-default","Allow","strict","","any"
"1094","STD_POS_TO_VOIP_3242","Shared","app-team","universal","pos","WEB-SRV-01","any","any","voip","FILE-SRV-01","any","ssl","application-default","Allow","strict","","any"
"1095","STD_DMZ_TO_INSIDE_3341","Shared","standard","universal","dmz","APP-SRV-02","any","any","inside","IOT-GATEWAY-01","any","dns","application-default","Allow","strict","","any"
"1096","VOIP_TO_DC_49","Shared","ad-auth","universal","voip","WORKSTATIONS-FLOOR2","any","any","ad","DOMAIN-CONTROLLERS-G","any","ms-ds-smb","application-default","Allow","none","","any"
"1097","STD_SERVER_TO_INSIDE_2164","Shared","app-team","universal","server","MGMT-JUMPBOX-01","any","any","inside","WEB-SRV-02","any","dns","application-default","Allow","strict","","any"
"1098","SCOPED_INTERNAL_INSIDE_TO_MGMT_88","Shared","standard","universal","inside","WORKSTATIONS-FLOOR1","any","any","mgmt","FILE-SRV-01","any","voip-generic","application-default","Allow","strict","","any"
"1099","RISKY_OUTSIDE_TO_DC-01_88","Shared","remote-access","universal","outside","any","any","any","mgmt","DC-01","any","logmein","application-default","Allow","none","","any"
"1100","STD_SERVER_TO_AD_2204","Shared","standard","universal","server","APP-SRV-02","any","any","ad","MGMT-JUMPBOX-01","any","ntp","application-default","Allow","strict","","any"
"1101","STD_IOT_TO_INSIDE_2676","Shared","standard","universal","iot","FILE-SRV-01","any","any","inside","WEB-SRV-02","any","ssl","application-default","Allow","strict","","any"
"1102","STD_MGMT_TO_VOIP_1387","Shared","none","universal","mgmt","DB-SRV-01","any","any","voip","VOIP-PBX-01","any","smtp","application-default","Allow","none","","any"
"1103","STD_DMZ_TO_INSIDE_97","Shared","none","universal","dmz","DB-SRV-01","any","any","inside","WEB-SRV-01","any","ping","application-default","Allow","none","","any"
"1104","[Disabled] OLD_DISABLED_4","Shared","none","universal","outside","any","any","any","voip","FILE-SRV-01","any","any","any","Allow","none","","any"
"1105","STD_AD_TO_DMZ_1507","Shared","standard","universal","ad","IOT-GATEWAY-01","any","any","dmz","VOIP-PBX-01","any","voip-generic","application-default","Allow","strict","","any"
"1106","STD_MGMT_TO_DMZ_1282","Shared","app-team","universal","mgmt","DC-01","any","any","dmz","APP-SRV-01","any","mqtt","application-default","Allow","none","","any"
"1107","STD_VOIP_TO_IOT_1745","Shared","app-team","universal","voip","VOIP-PBX-01","any","any","iot","APP-SRV-01","any","dns","application-default","Allow","none","","any"
"1108","STD_DMZ_TO_VOIP_2734","Shared","app-team","universal","dmz","DC-01","any","any","voip","APP-SRV-02","any","ping","application-default","Allow","strict","","any"
"1109","STD_DMZ_TO_AD_1379","Shared","app-team","universal","dmz","API-GATEWAY-01","any","any","ad","WEB-SRV-01","any","dns","application-default","Allow","strict","","any"
"1110","STD_VOIP_TO_OUTSIDE_154","Shared","standard","universal","voip","API-GATEWAY-01","any","any","outside","8.8.8.8/32","any","mqtt","application-default","Allow","strict","","any"
"1111","STD_VOIP_TO_POS_513","Shared","app-team","universal","voip","DC-01","any","any","pos","DB-SRV-01","any","ntp","application-default","Allow","strict","","any"
"1112","STD_IOT_TO_DMZ_469","Shared","none","universal","iot","DC-01","any","any","dmz","WORKSTATIONS-FLOOR2","any","web-browsing","application-default","Allow","strict","","any"
"1113","STD_AD_TO_POS_122","Shared","none","universal","ad","DC-01","any","any","pos","MGMT-JUMPBOX-01","any","dns","application-default","Allow","strict","","any"
"1114","STD_DMZ_TO_VOIP_881","Shared","standard","universal","dmz","VOIP-PBX-01","any","any","voip","IOT-GATEWAY-01","any","mqtt","application-default","Allow","strict","","any"
"1115","STD_MGMT_TO_OUTSIDE_1214","Shared","standard","universal","mgmt","DB-SRV-01","any","any","outside","9.9.9.9/32","any","ssl","application-default","Allow","strict","","any"
"1116","STD_IOT_TO_OUTSIDE_2529","Shared","none","universal","iot","WORKSTATIONS-FLOOR1","any","any","outside","8.8.8.8/32","any","web-browsing","application-default","Allow","none","","any"
"1117","STD_IOT_TO_POS_3085","Shared","standard","universal","iot","APP-SRV-02","any","any","pos","WEB-SRV-02","any","web-browsing","application-default","Allow","none","","any"
"1118","STD_POS_TO_MGMT_112","Shared","standard","universal","pos","VOIP-PBX-01","any","any","mgmt","WORKSTATIONS-FLOOR1","any","ssl","application-default","Allow","strict","","any"
"1119","STD_AD_TO_OUTSIDE_2001","Shared","standard","universal","ad","DC-01","any","any","outside","8.8.8.8/32","any","ntp","application-default","Allow","strict","","any"
"1120","STD_POS_TO_AD_2996","Shared","standard","universal","pos","VOIP-PBX-01","any","any","ad","WEB-SRV-02","any","ntp","application-default","Allow","none","","any"
"1121","STD_AD_TO_MGMT_3047","Shared","none","universal","ad","WORKSTATIONS-FLOOR2","any","any","mgmt","IOT-GATEWAY-01","any","voip-generic","application-default","Allow","none","","any"
"1122","STD_POS_TO_INSIDE_551","Shared","app-team","universal","pos","WORKSTATIONS-FLOOR1","any","any","inside","WEB-SRV-01","any","sip","application-default","Allow","strict","","any"
"1123","STD_DMZ_TO_OUTSIDE_2409","Shared","standard","universal","dmz","VOIP-PBX-01","any","any","outside","8.8.8.8/32","any","mqtt","application-default","Allow","strict","","any"
"1124","STD_INSIDE_TO_OUTSIDE_1191","Shared","standard","universal","inside","MGMT-JUMPBOX-01","any","any","outside","9.9.9.9/32","any","ntp","application-default","Allow","strict","","any"
"1125","CORP_TO_AD_8","Shared","admin-access","universal","inside","any","any","any","ad","any","any","any","application-default","Allow","none","","any"
"1126","NEGATED_SINGLE_1","Shared","legacy","universal","any","[Negate]  203.0.1.0/24","any","any","mgmt","any","any","anydesk","application-default","Allow","none","","any"
"1127","RISKY_OUTSIDE_TO_APP-SRV-01_35","Shared","remote-access","universal","outside","any","any","any","ad","APP-SRV-01","any","ms-ds-smb","application-default","Allow","none","","any"
"1128","STD_MGMT_TO_DMZ_1021","Shared","app-team","universal","mgmt","APP-SRV-01","any","any","dmz","APP-SRV-02","any","ntp","application-default","Allow","strict","","any"
"1129","OPEN_OUTSIDE_TO_MGMT-HOSTS-G_99","Shared","legacy-open","universal","outside","any","any","any","server","MGMT-HOSTS-G","any","vnc","application-default","Allow","none","","any"
"1130","STD_VOIP_TO_SERVER_585","Shared","app-team","universal","voip","IOT-GATEWAY-01","any","any","server","DC-01","any","sip","application-default","Allow","none","","any"
"1131","POS_TO_DC_39","Shared","ad-auth","universal","pos","WORKSTATIONS-FLOOR1","any","any","ad","DOMAIN-CONTROLLERS-G","any","ldap","application-default","Allow","none","","any"
"1132","STD_OUTSIDE_TO_AD_1066","Shared","none","universal","outside","any","any","any","ad","DB-SRV-01","any","smtp","application-default","Allow","strict","","any"
"1133","STD_MGMT_TO_DMZ_2389","Shared","standard","universal","mgmt","FILE-SRV-01","any","any","dmz","FILE-SRV-01","any","dns","application-default","Allow","strict","","any"
"1134","BROAD_INTERNAL_POS_TO_IOT_73","Shared","internal","universal","pos","any","any","any","iot","any","any","any","any","Allow","none","","any"
"1135","STD_DMZ_TO_AD_1666","Shared","app-team","universal","dmz","DB-SRV-01","any","any","ad","DC-01","any","sip","application-default","Allow","strict","","any"
"1136","STD_INSIDE_TO_MGMT_3629","Shared","app-team","universal","inside","API-GATEWAY-01","any","any","mgmt","WEB-SRV-02","any","voip-generic","application-default","Allow","strict","","any"
"1137","STD_VOIP_TO_DMZ_3215","Shared","none","universal","voip","VOIP-PBX-01","any","any","dmz","DC-01","any","web-browsing","application-default","Allow","strict","","any"
"1138","STD_POS_TO_VOIP_991","Shared","none","universal","pos","DB-SRV-01","any","any","voip","DC-01","any","ping","application-default","Allow","strict","","any"
"1139","DNS_OUTBOUND_3","Shared","none","universal","mgmt","MGMT-JUMPBOX-01","any","any","outside","9.9.9.9/32","any","dns-over-https","tcp-853","Allow","none","","any"
"1140","STD_VOIP_TO_OUTSIDE_2080","Shared","none","universal","voip","DB-SRV-01","any","any","outside","1.1.1.1/32","any","ping","application-default","Allow","strict","","any"
"1141","STD_SERVER_TO_DMZ_878","Shared","standard","universal","server","FILE-SRV-01","any","any","dmz","APP-SRV-02","any","voip-generic","application-default","Allow","strict","","any"
"1142","SCOPED_INTERNAL_SERVER_TO_MGMT_69","Shared","standard","universal","server","WORKSTATIONS-FLOOR1","any","any","mgmt","APP-SRV-01","any","mqtt","application-default","Allow","strict","","any"
"1143","STD_OUTSIDE_TO_POS_735","Shared","app-team","universal","outside","any","any","any","pos","API-GATEWAY-01","any","voip-generic","application-default","Allow","strict","","any"
"1144","STD_DMZ_TO_POS_1875","Shared","standard","universal","dmz","VOIP-PBX-01","any","any","pos","WEB-SRV-02","any","voip-generic","application-default","Allow","strict","","any"
"1145","STD_POS_TO_MGMT_587","Shared","none","universal","pos","FILE-SRV-01","any","any","mgmt","IOT-GATEWAY-01","any","ping","application-default","Allow","strict","","any"
"1146","STD_MGMT_TO_VOIP_2961","Shared","app-team","universal","mgmt","API-GATEWAY-01","any","any","voip","FILE-SRV-01","any","ping","application-default","Allow","none","","any"
"1147","STD_DMZ_TO_VOIP_2672","Shared","standard","universal","dmz","DC-01","any","any","voip","APP-SRV-01","any","voip-generic","application-default","Allow","strict","","any"
"1148","OPEN_OUTSIDE_TO_MGMT-HOSTS-G_128","Shared","none","universal","outside","any","any","any","mgmt","MGMT-HOSTS-G","any","ssh","any","Allow","none","","any"
"1149","STD_POS_TO_AD_2013","Shared","app-team","universal","pos","API-GATEWAY-01","any","any","ad","IOT-GATEWAY-01","any","smtp","application-default","Allow","none","","any"
"1150","OPEN_OUTSIDE_TO_APP-SERVERS-G_72","Shared","legacy-open","universal","outside","any","any","any","mgmt","APP-SERVERS-G","any","ms-rdp","application-default","Allow","none","","any"
"1151","STD_SERVER_TO_POS_1096","Shared","app-team","universal","server","DB-SRV-01","any","any","pos","API-GATEWAY-01","any","snmp-base","application-default","Allow","strict","","any"
"1152","STD_AD_TO_OUTSIDE_343","Shared","app-team","universal","ad","APP-SRV-02","any","any","outside","8.8.8.8/32","any","ntp","application-default","Allow","strict","","any"
"1153","STD_POS_TO_VOIP_2097","Shared","standard","universal","pos","DC-01","any","any","voip","MGMT-JUMPBOX-01","any","voip-generic","application-default","Allow","strict","","any"
"1154","STD_DMZ_TO_POS_88","Shared","none","universal","dmz","IOT-GATEWAY-01","any","any","pos","WEB-SRV-01","any","ntp","application-default","Allow","strict","","any"
"1155","STD_MGMT_TO_POS_962","Shared","none","universal","mgmt","MGMT-JUMPBOX-01","any","any","pos","DC-01","any","snmp-base","application-default","Allow","strict","","any"
"1156","STD_INSIDE_TO_POS_3450","Shared","none","universal","inside","API-GATEWAY-01","any","any","pos","API-GATEWAY-01","any","mqtt","application-default","Allow","strict","","any"
"1157","STD_AD_TO_SERVER_2612","Shared","standard","universal","ad","MGMT-JUMPBOX-01","any","any","server","API-GATEWAY-01","any","snmp-base","application-default","Allow","strict","","any"
"1158","STD_SERVER_TO_VOIP_1313","Shared","none","universal","server","VOIP-PBX-01","any","any","voip","IOT-GATEWAY-01","any","voip-generic","application-default","Allow","strict","","any"
"1159","RISKY_OUTSIDE_TO_APP-SRV-02_86","Shared","remote-access","universal","outside","any","any","any","dmz","APP-SRV-02","any","splashtop","application-default","Allow","none","","any"
"1160","SERVER_TO_DC_62","Shared","ad-auth","universal","server","any","any","any","ad","DOMAIN-CONTROLLERS-G","any","kerberos","application-default","Allow","none","","any"
"1161","STD_VOIP_TO_INSIDE_1630","Shared","standard","universal","voip","MGMT-JUMPBOX-01","any","any","inside","MGMT-JUMPBOX-01","any","ping","application-default","Allow","strict","","any"
"1162","OUTBOUND_SCOPED_20","Shared","outbound-standard","universal","server","APP-SRV-01","any","any","outside","VPN-CLIENT-RANGE","any","smtp","application-default","Allow","strict","","any"
"1163","STD_MGMT_TO_IOT_255","Shared","app-team","universal","mgmt","DC-01","any","any","iot","DC-01","any","ssl","application-default","Allow","strict","","any"
"1164","STD_AD_TO_POS_688","Shared","standard","universal","ad","VOIP-PBX-01","any","any","pos","FILE-SRV-01","any","snmp-base","application-default","Allow","none","","any"
"1165","STD_SERVER_TO_INSIDE_3975","Shared","none","universal","server","WORKSTATIONS-FLOOR2","any","any","inside","WORKSTATIONS-FLOOR2","any","sip","application-default","Allow","strict","","any"
"1166","STD_AD_TO_SERVER_3493","Shared","standard","universal","ad","APP-SRV-01","any","any","server","APP-SRV-02","any","smtp","application-default","Allow","none","","any"
"1167","LEGACY_PORT_61","Shared","legacy-port","universal","inside","any","any","any","mgmt","APP-SRV-01","any","any","tcp-23","Allow","none","","any"
"1168","STD_IOT_TO_INSIDE_2532","Shared","standard","universal","iot","DC-01","any","any","inside","WORKSTATIONS-FLOOR2","any","ntp","application-default","Allow","strict","","any"
"1169","STD_AD_TO_OUTSIDE_3919","Shared","app-team","universal","ad","WEB-SRV-01","any","any","outside","9.9.9.9/32","any","web-browsing","application-default","Allow","none","","any"
"1170","STD_DMZ_TO_AD_362","Shared","standard","universal","dmz","DB-SRV-01","any","any","ad","APP-SRV-02","any","web-browsing","application-default","Allow","strict","","any"
"1171","OPEN_OUTSIDE_TO_WEB-SERVERS-G_104","Shared","legacy-open","universal","outside","any","any","any","dmz","WEB-SERVERS-G","any","any","application-default","Allow","none","","any"
"1172","STD_AD_TO_DMZ_1854","Shared","app-team","universal","ad","IOT-GATEWAY-01","any","any","dmz","VOIP-PBX-01","any","web-browsing","application-default","Allow","none","","any"
"1173","STD_OUTSIDE_TO_VOIP_3180","Shared","standard","universal","outside","any","any","any","voip","APP-SRV-01","any","web-browsing","application-default","Allow","none","","any"
"1174","STD_INSIDE_TO_DMZ_1560","Shared","app-team","universal","inside","IOT-GATEWAY-01","any","any","dmz","WORKSTATIONS-FLOOR2","any","mqtt","application-default","Allow","none","","any"
"1175","DNS_OUTBOUND_33","Shared","none","universal","inside","APP-SRV-01","any","any","outside","1.1.1.1/32","any","dns-over-https","application-default","Allow","none","","any"
"1176","STD_IOT_TO_POS_3714","Shared","none","universal","iot","VOIP-PBX-01","any","any","pos","WORKSTATIONS-FLOOR2","any","voip-generic","application-default","Allow","strict","","any"
"1177","STD_OUTSIDE_TO_VOIP_3016","Shared","standard","universal","outside","any","any","any","voip","WEB-SRV-02","any","ntp","application-default","Allow","none","","any"
"1178","STD_IOT_TO_MGMT_3295","Shared","app-team","universal","iot","API-GATEWAY-01","any","any","mgmt","VOIP-PBX-01","any","ssl","application-default","Allow","strict","","any"
"1179","STD_AD_TO_INSIDE_2341","Shared","app-team","universal","ad","API-GATEWAY-01","any","any","inside","APP-SRV-02","any","web-browsing","application-default","Allow","strict","","any"
"1180","STD_POS_TO_MGMT_2178","Shared","app-team","universal","pos","WORKSTATIONS-FLOOR1","any","any","mgmt","APP-SRV-01","any","snmp-base","application-default","Allow","strict","","any"
"1181","RISKY_OUTSIDE_TO_FILE-SRV-01_63","Shared","remote-access","universal","outside","any","any","any","inside","FILE-SRV-01","any","postgres","application-default","Allow","none","","any"
"1182","STD_SERVER_TO_DMZ_992","Shared","standard","universal","server","WEB-SRV-01","any","any","dmz","MGMT-JUMPBOX-01","any","dns","application-default","Allow","strict","","any"
"1183","[Disabled] OLD_DISABLED_28","Shared","none","universal","outside","any","any","any","mgmt","APP-SRV-01","any","any","any","Allow","none","","any"
"1184","STD_DMZ_TO_POS_2560","Shared","app-team","universal","dmz","WEB-SRV-01","any","any","pos","WORKSTATIONS-FLOOR1","any","voip-generic","application-default","Allow","strict","","any"
"1185","STD_VOIP_TO_MGMT_2526","Shared","none","universal","voip","WORKSTATIONS-FLOOR1","any","any","mgmt","WORKSTATIONS-FLOOR2","any","voip-generic","application-default","Allow","strict","","any"
"1186","STD_VOIP_TO_SERVER_3951","Shared","none","universal","voip","WORKSTATIONS-FLOOR2","any","any","server","DC-01","any","web-browsing","application-default","Allow","strict","","any"
"1187","SCOPED_PARTNER_TO_WEB-SRV-02_46","Shared","partner-integration","universal","outside","THIRD-PARTY-PAYMENT-GW","any","any","dmz","WEB-SRV-02","any","ssl","application-default","Allow","strict","","any"
"1188","POS_TO_DC_37","Shared","ad-auth","universal","pos","WORKSTATIONS-FLOOR1","any","any","ad","DOMAIN-CONTROLLERS-G","any","kerberos","application-default","Allow","none","","any"
"1189","STD_MGMT_TO_INSIDE_3740","Shared","app-team","universal","mgmt","WORKSTATIONS-FLOOR1","any","any","inside","WEB-SRV-01","any","ntp","application-default","Allow","none","","any"
"1190","STD_OUTSIDE_TO_DMZ_600","Shared","app-team","universal","outside","any","any","any","dmz","WEB-SRV-02","any","web-browsing","application-default","Allow","none","","any"
"1191","STD_IOT_TO_INSIDE_1544","Shared","standard","universal","iot","WORKSTATIONS-FLOOR2","any","any","inside","WORKSTATIONS-FLOOR2","any","smtp","application-default","Allow","strict","","any"
"1192","STD_POS_TO_VOIP_2954","Shared","standard","universal","pos","FILE-SRV-01","any","any","voip","WORKSTATIONS-FLOOR1","any","ssl","application-default","Allow","strict","","any"
"1193","STD_DMZ_TO_SERVER_2415","Shared","standard","universal","dmz","DC-01","any","any","server","DB-SRV-01","any","ping","application-default","Allow","strict","","any"
"1194","STD_DMZ_TO_VOIP_2936","Shared","app-team","universal","dmz","MGMT-JUMPBOX-01","any","any","voip","WEB-SRV-01","any","voip-generic","application-default","Allow","none","","any"
"1195","STD_DMZ_TO_OUTSIDE_3026","Shared","app-team","universal","dmz","WEB-SRV-01","any","any","outside","9.9.9.9/32","any","mqtt","application-default","Allow","none","","any"
"1196","STD_AD_TO_SERVER_1698","Shared","none","universal","ad","MGMT-JUMPBOX-01","any","any","server","API-GATEWAY-01","any","smtp","application-default","Allow","strict","","any"
"1197","STD_VOIP_TO_AD_2269","Shared","app-team","universal","voip","VOIP-PBX-01","any","any","ad","MGMT-JUMPBOX-01","any","sip","application-default","Allow","none","","any"
"1198","STD_VOIP_TO_MGMT_901","Shared","none","universal","voip","WEB-SRV-01","any","any","mgmt","VOIP-PBX-01","any","ssl","application-default","Allow","none","","any"
"1199","STD_MGMT_TO_AD_1223","Shared","none","universal","mgmt","DC-01","any","any","ad","API-GATEWAY-01","any","mqtt","application-default","Allow","strict","","any"
"1200","POS_TO_DC_48","Shared","ad-auth","universal","pos","any","any","any","ad","DOMAIN-CONTROLLERS-G","any","kerberos","application-default","Allow","none","","any"
"1201","STD_VOIP_TO_IOT_1604","Shared","none","universal","voip","DB-SRV-01","any","any","iot","DC-01","any","sip","application-default","Allow","strict","","any"
"1202","IOT_TO_DC_35","Shared","ad-auth","universal","iot","WORKSTATIONS-FLOOR1","any","any","ad","DOMAIN-CONTROLLERS-G","any","kerberos","application-default","Allow","none","","any"
"1203","RISKY_OUTSIDE_TO_FILE-SRV-01_119","Shared","remote-access","universal","outside","any","any","any","ad","FILE-SRV-01","any","ftp","application-default","Allow","none","","any"
"1204","STD_INSIDE_TO_POS_1740","Shared","none","universal","inside","WEB-SRV-01","any","any","pos","FILE-SRV-01","any","ssl","application-default","Allow","none","","any"
"1205","STD_VOIP_TO_AD_3871","Shared","app-team","universal","voip","WORKSTATIONS-FLOOR2","any","any","ad","APP-SRV-01","any","smtp","application-default","Allow","strict","","any"
"1206","STD_AD_TO_OUTSIDE_751","Shared","standard","universal","ad","APP-SRV-01","any","any","outside","8.8.8.8/32","any","ntp","application-default","Allow","strict","","any"
"1207","STD_OUTSIDE_TO_POS_987","Shared","standard","universal","outside","any","any","any","pos","WEB-SRV-02","any","ping","application-default","Allow","strict","","any"
"1208","STD_AD_TO_INSIDE_1307","Shared","app-team","universal","ad","WEB-SRV-01","any","any","inside","FILE-SRV-01","any","dns","application-default","Allow","strict","","any"
"1209","STD_OUTSIDE_TO_SERVER_2009","Shared","app-team","universal","outside","any","any","any","server","WEB-SRV-01","any","smtp","application-default","Allow","strict","","any"
"1210","STD_MGMT_TO_SERVER_1944","Shared","app-team","universal","mgmt","APP-SRV-01","any","any","server","IOT-GATEWAY-01","any","smtp","application-default","Allow","none","","any"
"1211","INSIDE_TO_DC_30","Shared","ad-auth","universal","inside","any","any","any","ad","DOMAIN-CONTROLLERS-G","any","ldap","application-default","Allow","none","","any"
"1212","STD_IOT_TO_INSIDE_3206","Shared","none","universal","iot","WORKSTATIONS-FLOOR1","any","any","inside","APP-SRV-02","any","smtp","application-default","Allow","strict","","any"
"1213","STD_MGMT_TO_IOT_1085","Shared","standard","universal","mgmt","APP-SRV-01","any","any","iot","API-GATEWAY-01","any","sip","application-default","Allow","none","","any"
"1214","SCOPED_INTERNAL_SERVER_TO_VOIP_26","Shared","standard","universal","server","MGMT-JUMPBOX-01","any","any","voip","FILE-SRV-01","any","voip-generic","application-default","Allow","strict","","any"
"1215","CORP_TO_POS_24","Shared","admin-access","universal","server","any","any","any","pos","any","any","any","application-default","Allow","none","","any"
"1216","STD_VOIP_TO_INSIDE_1642","Shared","none","universal","voip","WORKSTATIONS-FLOOR1","any","any","inside","APP-SRV-02","any","ping","application-default","Allow","strict","","any"
"1217","STD_AD_TO_VOIP_3957","Shared","standard","universal","ad","API-GATEWAY-01","any","any","voip","API-GATEWAY-01","any","web-browsing","application-default","Allow","strict","","any"
"1218","STD_DMZ_TO_OUTSIDE_2547","Shared","app-team","universal","dmz","APP-SRV-02","any","any","outside","1.1.1.1/32","any","ping","application-default","Allow","strict","","any"
"1219","STD_MGMT_TO_POS_37","Shared","standard","universal","mgmt","MGMT-JUMPBOX-01","any","any","pos","IOT-GATEWAY-01","any","dns","application-default","Allow","strict","","any"
"1220","STD_VOIP_TO_MGMT_101","Shared","app-team","universal","voip","VOIP-PBX-01","any","any","mgmt","FILE-SRV-01","any","sip","application-default","Allow","strict","","any"
"1221","STD_DMZ_TO_POS_1436","Shared","standard","universal","dmz","IOT-GATEWAY-01","any","any","pos","WORKSTATIONS-FLOOR1","any","voip-generic","application-default","Allow","strict","","any"
"1222","SCOPED_PARTNER_TO_WEB-SRV-01_38","Shared","partner-integration","universal","outside","PARTNER-VENDOR-A","any","any","dmz","WEB-SRV-01","any","ssl","application-default","Allow","strict","","any"
"1223","STD_OUTSIDE_TO_POS_1584","Shared","standard","universal","outside","any","any","any","pos","WORKSTATIONS-FLOOR1","any","mqtt","application-default","Allow","strict","","any"
"1224","STD_AD_TO_DMZ_1254","Shared","none","universal","ad","WORKSTATIONS-FLOOR1","any","any","dmz","MGMT-JUMPBOX-01","any","ping","application-default","Allow","strict","","any"
"1225","STD_OUTSIDE_TO_INSIDE_3849","Shared","standard","universal","outside","any","any","any","inside","VOIP-PBX-01","any","sip","application-default","Allow","strict","","any"
"1226","STD_POS_TO_MGMT_3159","Shared","app-team","universal","pos","WORKSTATIONS-FLOOR1","any","any","mgmt","WEB-SRV-01","any","web-browsing","application-default","Allow","strict","","any"
"1227","STD_MGMT_TO_AD_3176","Shared","app-team","universal","mgmt","DC-01","any","any","ad","API-GATEWAY-01","any","smtp","application-default","Allow","none","","any"
"1228","STD_AD_TO_IOT_664","Shared","none","universal","ad","API-GATEWAY-01","any","any","iot","API-GATEWAY-01","any","ntp","application-default","Allow","strict","","any"
"1229","NEGATED_RFC1918_0","Shared","none","universal","server","[Negate]  10.0.0.0-10.255.255.255;[Negate]  172.16.0.0-172.31.255.255;[Negate]  192.168.0.0-192.168.255.255","any","any","outside","any","any","web-browsing","application-default","Allow","strict","","any"
"1230","STD_SERVER_TO_VOIP_3828","Shared","none","universal","server","DC-01","any","any","voip","APP-SRV-01","any","ntp","application-default","Allow","strict","","any"
"1231","STD_SERVER_TO_DMZ_1790","Shared","standard","universal","server","DB-SRV-01","any","any","dmz","FILE-SRV-01","any","ssl","application-default","Allow","strict","","any"
"1232","STD_AD_TO_MGMT_1896","Shared","app-team","universal","ad","DC-01","any","any","mgmt","APP-SRV-02","any","ntp","application-default","Allow","strict","","any"
"1233","STD_VOIP_TO_DMZ_153","Shared","app-team","universal","voip","WEB-SRV-02","any","any","dmz","DC-01","any","smtp","application-default","Allow","none","","any"
"1234","STD_VOIP_TO_OUTSIDE_572","Shared","standard","universal","voip","WORKSTATIONS-FLOOR2","any","any","outside","1.1.1.1/32","any","voip-generic","application-default","Allow","none","","any"
"1235","SCOPED_INTERNAL_VOIP_TO_IOT_20","Shared","standard","universal","voip","WORKSTATIONS-FLOOR1","any","any","iot","APP-SRV-01","any","sip","application-default","Allow","strict","","any"
"1236","LEGACY_PORT_50","Shared","legacy-port","universal","outside","any","any","any","voip","APP-SRV-01","any","any","tcp-443","Allow","none","","any"
"1237","SCOPED_NO_PROFILE_17","Shared","partner-integration","universal","outside","PARTNER-VENDOR-A","any","any","dmz","WEB-SRV-01","any","ssl","application-default","Allow","none","","any"
"1238","STD_MGMT_TO_DMZ_1178","Shared","app-team","universal","mgmt","FILE-SRV-01","any","any","dmz","IOT-GATEWAY-01","any","snmp-base","application-default","Allow","none","","any"
"1239","STD_VOIP_TO_OUTSIDE_2090","Shared","standard","universal","voip","DC-01","any","any","outside","9.9.9.9/32","any","smtp","application-default","Allow","none","","any"
"1240","STD_VOIP_TO_AD_1465","Shared","standard","universal","voip","APP-SRV-02","any","any","ad","APP-SRV-01","any","sip","application-default","Allow","strict","","any"
"1241","STD_OUTSIDE_TO_INSIDE_313","Shared","app-team","universal","outside","any","any","any","inside","WEB-SRV-02","any","ping","application-default","Allow","none","","any"
"1242","[Disabled] OLD_DISABLED_19","Shared","none","universal","outside","any","any","any","ad","FILE-SRV-01","any","any","any","Allow","none","","any"
"1243","STD_VOIP_TO_OUTSIDE_1838","Shared","standard","universal","voip","WEB-SRV-01","any","any","outside","9.9.9.9/32","any","ping","application-default","Allow","strict","","any"
"1244","STD_AD_TO_SERVER_1705","Shared","none","universal","ad","APP-SRV-01","any","any","server","APP-SRV-02","any","ntp","application-default","Allow","strict","","any"
"1245","STD_SERVER_TO_MGMT_3298","Shared","none","universal","server","MGMT-JUMPBOX-01","any","any","mgmt","VOIP-PBX-01","any","web-browsing","application-default","Allow","none","","any"
"1246","STD_IOT_TO_AD_3110","Shared","app-team","universal","iot","FILE-SRV-01","any","any","ad","WEB-SRV-02","any","smtp","application-default","Allow","strict","","any"
"1247","STD_AD_TO_INSIDE_3444","Shared","standard","universal","ad","VOIP-PBX-01","any","any","inside","DB-SRV-01","any","ping","application-default","Allow","strict","","any"
"1248","STD_MGMT_TO_VOIP_2596","Shared","app-team","universal","mgmt","IOT-GATEWAY-01","any","any","voip","API-GATEWAY-01","any","snmp-base","application-default","Allow","strict","","any"
"1249","STD_INSIDE_TO_VOIP_2082","Shared","app-team","universal","inside","APP-SRV-01","any","any","voip","APP-SRV-02","any","voip-generic","application-default","Allow","strict","","any"
"1250","STD_IOT_TO_MGMT_2506","Shared","none","universal","iot","MGMT-JUMPBOX-01","any","any","mgmt","WEB-SRV-02","any","ntp","application-default","Allow","strict","","any"
"1251","STD_MGMT_TO_POS_3447","Shared","app-team","universal","mgmt","API-GATEWAY-01","any","any","pos","WORKSTATIONS-FLOOR2","any","smtp","application-default","Allow","none","","any"
"1252","STD_OUTSIDE_TO_AD_3904","Shared","standard","universal","outside","any","any","any","ad","APP-SRV-01","any","web-browsing","application-default","Allow","strict","","any"
"1253","STD_OUTSIDE_TO_AD_813","Shared","standard","universal","outside","any","any","any","ad","API-GATEWAY-01","any","sip","application-default","Allow","none","","any"
"1254","STD_DMZ_TO_SERVER_1389","Shared","app-team","universal","dmz","WORKSTATIONS-FLOOR2","any","any","server","IOT-GATEWAY-01","any","ping","application-default","Allow","none","","any"
"1255","STD_IOT_TO_VOIP_1226","Shared","app-team","universal","iot","WORKSTATIONS-FLOOR1","any","any","voip","APP-SRV-01","any","voip-generic","application-default","Allow","strict","","any"
"1256","STD_INSIDE_TO_DMZ_2161","Shared","none","universal","inside","FILE-SRV-01","any","any","dmz","IOT-GATEWAY-01","any","ping","application-default","Allow","strict","","any"
"1257","OPEN_OUTSIDE_TO_POS-TERMINALS-G_30","Shared","legacy-open","universal","outside","any","any","any","mgmt","POS-TERMINALS-G","any","ftp","any","Allow","none","","any"
"1258","STD_OUTSIDE_TO_INSIDE_41","Shared","none","universal","outside","any","any","any","inside","DB-SRV-01","any","voip-generic","application-default","Allow","strict","","any"
"1259","STD_IOT_TO_POS_3088","Shared","app-team","universal","iot","DB-SRV-01","any","any","pos","IOT-GATEWAY-01","any","ping","application-default","Allow","strict","","any"
"1260","STD_POS_TO_SERVER_1045","Shared","none","universal","pos","FILE-SRV-01","any","any","server","IOT-GATEWAY-01","any","web-browsing","application-default","Allow","strict","","any"
"1261","STD_SERVER_TO_POS_359","Shared","standard","universal","server","WEB-SRV-02","any","any","pos","WEB-SRV-01","any","ping","application-default","Allow","strict","","any"
"1262","STD_MGMT_TO_INSIDE_3179","Shared","app-team","universal","mgmt","APP-SRV-02","any","any","inside","DB-SRV-01","any","ntp","application-default","Allow","strict","","any"
"1263","SCOPED_PARTNER_TO_WEB-SRV-01_63","Shared","partner-integration","universal","outside","THIRD-PARTY-PAYMENT-GW","any","any","dmz","WEB-SRV-01","any","ssl","application-default","Allow","strict","","any"
"1264","STD_AD_TO_INSIDE_78","Shared","none","universal","ad","WEB-SRV-02","any","any","inside","IOT-GATEWAY-01","any","snmp-base","application-default","Allow","strict","","any"
"1265","STD_VOIP_TO_INSIDE_1728","Shared","app-team","universal","voip","FILE-SRV-01","any","any","inside","APP-SRV-01","any","ntp","application-default","Allow","none","","any"
"1266","STD_DMZ_TO_IOT_2778","Shared","standard","universal","dmz","WORKSTATIONS-FLOOR1","any","any","iot","WEB-SRV-02","any","ping","application-default","Allow","none","","any"
"1267","STD_MGMT_TO_SERVER_2912","Shared","none","universal","mgmt","API-GATEWAY-01","any","any","server","APP-SRV-02","any","web-browsing","application-default","Allow","none","","any"
"1268","STD_DMZ_TO_IOT_1609","Shared","none","universal","dmz","FILE-SRV-01","any","any","iot","FILE-SRV-01","any","sip","application-default","Allow","strict","","any"
"1269","STD_INSIDE_TO_OUTSIDE_2322","Shared","standard","universal","inside","APP-SRV-02","any","any","outside","8.8.8.8/32","any","ping","application-default","Allow","strict","","any"
"1270","STD_VOIP_TO_INSIDE_278","Shared","app-team","universal","voip","WORKSTATIONS-FLOOR1","any","any","inside","APP-SRV-01","any","web-browsing","application-default","Allow","strict","","any"
"1271","STD_MGMT_TO_POS_3228","Shared","none","universal","mgmt","APP-SRV-01","any","any","pos","DC-01","any","sip","application-default","Allow","strict","","any"
"1272","STD_MGMT_TO_VOIP_842","Shared","standard","universal","mgmt","FILE-SRV-01","any","any","voip","API-GATEWAY-01","any","ping","application-default","Allow","strict","","any"
"1273","STD_MGMT_TO_AD_2705","Shared","standard","universal","mgmt","APP-SRV-02","any","any","ad","APP-SRV-01","any","snmp-base","application-default","Allow","strict","","any"
"1274","SCOPED_PARTNER_TO_WEB-SRV-02_53","Shared","partner-integration","universal","outside","PARTNER-VENDOR-B","any","any","dmz","WEB-SRV-02","any","ssl","application-default","Allow","strict","","any"
"1275","STD_AD_TO_VOIP_3895","Shared","standard","universal","ad","MGMT-JUMPBOX-01","any","any","voip","WORKSTATIONS-FLOOR1","any","snmp-base","application-default","Allow","strict","","any"
"1276","STD_DMZ_TO_VOIP_1072","Shared","none","universal","dmz","WORKSTATIONS-FLOOR2","any","any","voip","WORKSTATIONS-FLOOR2","any","voip-generic","application-default","Allow","strict","","any"
"1277","STD_SERVER_TO_DMZ_643","Shared","standard","universal","server","APP-SRV-02","any","any","dmz","WEB-SRV-02","any","web-browsing","application-default","Allow","none","","any"
"1278","STD_MGMT_TO_DMZ_3966","Shared","app-team","universal","mgmt","VOIP-PBX-01","any","any","dmz","WEB-SRV-01","any","mqtt","application-default","Allow","strict","","any"
"1279","STD_AD_TO_DMZ_2168","Shared","app-team","universal","ad","MGMT-JUMPBOX-01","any","any","dmz","WEB-SRV-02","any","web-browsing","application-default","Allow","none","","any"
"1280","BROAD_INTERNAL_INSIDE_TO_IOT_13","Shared","internal","universal","inside","any","any","any","iot","any","any","any","any","Allow","none","","any"
"1281","STD_MGMT_TO_POS_2081","Shared","none","universal","mgmt","WEB-SRV-02","any","any","pos","IOT-GATEWAY-01","any","snmp-base","application-default","Allow","strict","","any"
"1282","STD_MGMT_TO_IOT_1349","Shared","standard","universal","mgmt","APP-SRV-01","any","any","iot","IOT-GATEWAY-01","any","dns","application-default","Allow","strict","","any"
"1283","OUTBOUND_OPEN_40","Shared","legacy-open","universal","voip","any","any","any","outside","any","any","any","any","Allow","none","","any"
"1284","STD_VOIP_TO_MGMT_80","Shared","standard","universal","voip","DC-01","any","any","mgmt","WEB-SRV-01","any","voip-generic","application-default","Allow","strict","","any"
"1285","STD_MGMT_TO_DMZ_3299","Shared","app-team","universal","mgmt","APP-SRV-02","any","any","dmz","FILE-SRV-01","any","ssl","application-default","Allow","strict","","any"
"1286","STD_SERVER_TO_OUTSIDE_2314","Shared","app-team","universal","server","WORKSTATIONS-FLOOR2","any","any","outside","1.1.1.1/32","any","mqtt","application-default","Allow","none","","any"
"1287","STD_DMZ_TO_AD_1603","Shared","standard","universal","dmz","APP-SRV-02","any","any","ad","IOT-GATEWAY-01","any","snmp-base","application-default","Allow","strict","","any"
"1288","STD_AD_TO_DMZ_1763","Shared","none","universal","ad","IOT-GATEWAY-01","any","any","dmz","DC-01","any","ntp","application-default","Allow","strict","","any"
"1289","REMOTE_ACCESS_32","Shared","remote-support","universal","outside","any","any","any","pos","FILE-SRV-01","any","anydesk","application-default","Allow","none","","any"
"1290","STD_DMZ_TO_OUTSIDE_3701","Shared","app-team","universal","dmz","VOIP-PBX-01","any","any","outside","1.1.1.1/32","any","voip-generic","application-default","Allow","none","","any"
"1291","STD_VOIP_TO_INSIDE_1283","Shared","none","universal","voip","MGMT-JUMPBOX-01","any","any","inside","VOIP-PBX-01","any","voip-generic","application-default","Allow","strict","","any"
"1292","LEGACY_PORT_15","Shared","legacy-port","universal","inside","any","any","any","voip","DC-02","any","any","tcp-1433","Allow","none","","any"
"1293","STD_IOT_TO_DMZ_2299","Shared","standard","universal","iot","WORKSTATIONS-FLOOR2","any","any","dmz","APP-SRV-02","any","mqtt","application-default","Allow","strict","","any"
"1294","STD_OUTSIDE_TO_INSIDE_589","Shared","none","universal","outside","any","any","any","inside","WEB-SRV-01","any","dns","application-default","Allow","none","","any"
"1295","STD_DMZ_TO_AD_1374","Shared","standard","universal","dmz","WORKSTATIONS-FLOOR2","any","any","ad","WEB-SRV-02","any","sip","application-default","Allow","strict","","any"
"1296","LEGACY_PORT_7","Shared","legacy-port","universal","outside","any","any","any","server","DC-02","any","any","tcp-6379","Allow","none","","any"
"1297","STD_AD_TO_DMZ_2346","Shared","none","universal","ad","WEB-SRV-02","any","any","dmz","WEB-SRV-02","any","snmp-base","application-default","Allow","none","","any"
"1298","STD_MGMT_TO_INSIDE_148","Shared","none","universal","mgmt","VOIP-PBX-01","any","any","inside","API-GATEWAY-01","any","dns","application-default","Allow","none","","any"
"1299","STD_POS_TO_DMZ_876","Shared","none","universal","pos","FILE-SRV-01","any","any","dmz","IOT-GATEWAY-01","any","dns","application-default","Allow","strict","","any"
"1300","STD_MGMT_TO_AD_2476","Shared","none","universal","mgmt","MGMT-JUMPBOX-01","any","any","ad","DB-SRV-01","any","sip","application-default","Allow","strict","","any"
"1301","STD_POS_TO_IOT_3420","Shared","standard","universal","pos","WORKSTATIONS-FLOOR2","any","any","iot","APP-SRV-02","any","voip-generic","application-default","Allow","strict","","any"
"1302","OPEN_OUTSIDE_TO_APP-SERVERS-G_7","Shared","none","universal","outside","any","any","any","dmz","APP-SERVERS-G","any","logmein","application-default","Allow","none","","any"
"1303","STD_AD_TO_INSIDE_3898","Shared","none","universal","ad","API-GATEWAY-01","any","any","inside","VOIP-PBX-01","any","dns","application-default","Allow","strict","","any"
"1304","STD_OUTSIDE_TO_AD_2181","Shared","app-team","universal","outside","any","any","any","ad","APP-SRV-01","any","voip-generic","application-default","Allow","strict","","any"
"1305","STD_IOT_TO_AD_3933","Shared","none","universal","iot","DC-01","any","any","ad","FILE-SRV-01","any","voip-generic","application-default","Allow","none","","any"
"1306","DNS_OUTBOUND_29","Shared","none","universal","mgmt","MGMT-JUMPBOX-01","any","any","outside","1.1.1.1/32","any","dns-over-https","application-default","Allow","strict","","any"
"1307","STD_MGMT_TO_POS_1509","Shared","app-team","universal","mgmt","WORKSTATIONS-FLOOR1","any","any","pos","DC-01","any","ping","application-default","Allow","none","","any"
"1308","STD_MGMT_TO_INSIDE_2904","Shared","standard","universal","mgmt","FILE-SRV-01","any","any","inside","API-GATEWAY-01","any","ssl","application-default","Allow","strict","","any"
"1309","STD_INSIDE_TO_OUTSIDE_233","Shared","none","universal","inside","WEB-SRV-02","any","any","outside","1.1.1.1/32","any","sip","application-default","Allow","strict","","any"
"1310","SCOPED_NO_PROFILE_28","Shared","partner-integration","universal","outside","PARTNER-VENDOR-A","any","any","dmz","WEB-SRV-01","any","ssl","application-default","Allow","none","","any"
"1311","STD_SERVER_TO_DMZ_2417","Shared","none","universal","server","DC-01","any","any","dmz","DC-01","any","voip-generic","application-default","Allow","strict","","any"
"1312","STD_INSIDE_TO_VOIP_2598","Shared","standard","universal","inside","DB-SRV-01","any","any","voip","WEB-SRV-02","any","ntp","application-default","Allow","strict","","any"
"1313","OUTBOUND_OPEN_21","Shared","legacy-open","universal","dmz","any","any","any","outside","any","any","any","any","Allow","none","","any"
"1314","STD_OUTSIDE_TO_MGMT_332","Shared","none","universal","outside","any","any","any","mgmt","APP-SRV-01","any","ssl","application-default","Allow","strict","","any"
"1315","STD_INSIDE_TO_SERVER_1833","Shared","none","universal","inside","VOIP-PBX-01","any","any","server","WEB-SRV-01","any","ssl","application-default","Allow","strict","","any"
"1316","STD_INSIDE_TO_AD_3608","Shared","standard","universal","inside","WORKSTATIONS-FLOOR1","any","any","ad","MGMT-JUMPBOX-01","any","ntp","application-default","Allow","none","","any"
"1317","STD_INSIDE_TO_OUTSIDE_2356","Shared","standard","universal","inside","WEB-SRV-01","any","any","outside","1.1.1.1/32","any","snmp-base","application-default","Allow","none","","any"
"1318","BROAD_INTERNAL_IOT_TO_POS_38","Shared","internal","universal","iot","any","any","any","pos","any","any","any","any","Allow","none","","any"
"1319","STD_DMZ_TO_SERVER_554","Shared","standard","universal","dmz","DB-SRV-01","any","any","server","FILE-SRV-01","any","mqtt","application-default","Allow","strict","","any"
"1320","LEGACY_ANY_ANY_ALLOW","Shared","legacy","universal","any","any","any","any","any","any","any","any","any","Allow","none","","any"
"1321","LEGACY_PORT_28","Shared","legacy-port","universal","outside","any","any","any","iot","DC-02","any","any","tcp-27017","Allow","none","","any"
"1322","STD_SERVER_TO_MGMT_136","Shared","app-team","universal","server","IOT-GATEWAY-01","any","any","mgmt","WORKSTATIONS-FLOOR2","any","ping","application-default","Allow","none","","any"
"1323","STD_OUTSIDE_TO_POS_2991","Shared","app-team","universal","outside","any","any","any","pos","DB-SRV-01","any","ping","application-default","Allow","strict","","any"
"1324","STD_AD_TO_INSIDE_3561","Shared","app-team","universal","ad","APP-SRV-02","any","any","inside","WEB-SRV-02","any","mqtt","application-default","Allow","strict","","any"
"1325","STD_INSIDE_TO_VOIP_2748","Shared","app-team","universal","inside","DB-SRV-01","any","any","voip","API-GATEWAY-01","any","dns","application-default","Allow","none","","any"
"1326","STD_VOIP_TO_AD_604","Shared","app-team","universal","voip","VOIP-PBX-01","any","any","ad","DB-SRV-01","any","dns","application-default","Allow","strict","","any"
"1327","STD_AD_TO_MGMT_3824","Shared","standard","universal","ad","VOIP-PBX-01","any","any","mgmt","API-GATEWAY-01","any","mqtt","application-default","Allow","none","","any"
"1328","STD_AD_TO_OUTSIDE_2465","Shared","app-team","universal","ad","DB-SRV-01","any","any","outside","8.8.8.8/32","any","ping","application-default","Allow","strict","","any"
"1329","STD_VOIP_TO_AD_1445","Shared","standard","universal","voip","WEB-SRV-02","any","any","ad","WORKSTATIONS-FLOOR2","any","sip","application-default","Allow","strict","","any"
"1330","STD_IOT_TO_AD_1884","Shared","standard","universal","iot","IOT-GATEWAY-01","any","any","ad","FILE-SRV-01","any","voip-generic","application-default","Allow","none","","any"
"1331","STD_IOT_TO_POS_2757","Shared","standard","universal","iot","WORKSTATIONS-FLOOR2","any","any","pos","API-GATEWAY-01","any","dns","application-default","Allow","strict","","any"
"1332","STD_SERVER_TO_IOT_567","Shared","none","universal","server","IOT-GATEWAY-01","any","any","iot","MGMT-JUMPBOX-01","any","ntp","application-default","Allow","none","","any"
"1333","STD_MGMT_TO_IOT_3634","Shared","app-team","universal","mgmt","API-GATEWAY-01","any","any","iot","WEB-SRV-01","any","smtp","application-default","Allow","strict","","any"
"1334","STD_IOT_TO_VOIP_1743","Shared","standard","universal","iot","API-GATEWAY-01","any","any","voip","VOIP-PBX-01","any","mqtt","application-default","Allow","strict","","any"
"1335","STD_OUTSIDE_TO_MGMT_3843","Shared","standard","universal","outside","any","any","any","mgmt","VOIP-PBX-01","any","ntp","application-default","Allow","none","","any"
"1336","RISKY_OUTSIDE_TO_DC-01_66","Shared","remote-access","universal","outside","any","any","any","mgmt","DC-01","any","teamviewer","application-default","Allow","none","","any"
"1337","STD_POS_TO_DMZ_3278","Shared","app-team","universal","pos","APP-SRV-02","any","any","dmz","API-GATEWAY-01","any","ntp","application-default","Allow","strict","","any"
"1338","SCOPED_NO_PROFILE_24","Shared","partner-integration","universal","outside","PARTNER-VENDOR-A","any","any","dmz","WEB-SRV-01","any","ssl","application-default","Allow","none","","any"
"1339","STD_SERVER_TO_INSIDE_1853","Shared","app-team","universal","server","APP-SRV-02","any","any","inside","WEB-SRV-01","any","sip","application-default","Allow","strict","","any"
"1340","STD_VOIP_TO_DMZ_1496","Shared","none","universal","voip","WEB-SRV-01","any","any","dmz","DB-SRV-01","any","ssl","application-default","Allow","none","","any"
"1341","STD_IOT_TO_AD_946","Shared","app-team","universal","iot","IOT-GATEWAY-01","any","any","ad","FILE-SRV-01","any","ntp","application-default","Allow","none","","any"
"1342","STD_INSIDE_TO_MGMT_622","Shared","none","universal","inside","VOIP-PBX-01","any","any","mgmt","WORKSTATIONS-FLOOR1","any","ntp","application-default","Allow","strict","","any"
"1343","SCOPED_PARTNER_TO_WEB-SRV-01_66","Shared","partner-integration","universal","outside","PARTNER-VENDOR-B","any","any","dmz","WEB-SRV-01","any","ssl","application-default","Allow","strict","","any"
"1344","STD_MGMT_TO_DMZ_776","Shared","app-team","universal","mgmt","DC-01","any","any","dmz","WEB-SRV-02","any","sip","application-default","Allow","none","","any"
"1345","STD_AD_TO_DMZ_3565","Shared","app-team","universal","ad","WEB-SRV-02","any","any","dmz","IOT-GATEWAY-01","any","mqtt","application-default","Allow","strict","","any"
"1346","STD_VOIP_TO_IOT_2704","Shared","standard","universal","voip","APP-SRV-01","any","any","iot","APP-SRV-01","any","voip-generic","application-default","Allow","strict","","any"
"1347","STD_SERVER_TO_INSIDE_2089","Shared","none","universal","server","WEB-SRV-01","any","any","inside","WORKSTATIONS-FLOOR2","any","ntp","application-default","Allow","none","","any"
"1348","STD_AD_TO_MGMT_3955","Shared","none","universal","ad","MGMT-JUMPBOX-01","any","any","mgmt","FILE-SRV-01","any","mqtt","application-default","Allow","none","","any"
"1349","STD_OUTSIDE_TO_MGMT_2685","Shared","standard","universal","outside","any","any","any","mgmt","WORKSTATIONS-FLOOR2","any","snmp-base","application-default","Allow","strict","","any"
"1350","STD_DMZ_TO_AD_191","Shared","none","universal","dmz","WEB-SRV-02","any","any","ad","MGMT-JUMPBOX-01","any","mqtt","application-default","Allow","none","","any"
"1351","STD_AD_TO_OUTSIDE_2960","Shared","standard","universal","ad","APP-SRV-02","any","any","outside","9.9.9.9/32","any","mqtt","application-default","Allow","strict","","any"
"1352","STD_MGMT_TO_AD_180","Shared","app-team","universal","mgmt","DB-SRV-01","any","any","ad","APP-SRV-01","any","ssl","application-default","Allow","none","","any"
"1353","OUTBOUND_OPEN_25","Shared","legacy-open","universal","dmz","any","any","any","outside","any","any","any","any","Allow","none","","any"
"1354","STD_DMZ_TO_OUTSIDE_3892","Shared","app-team","universal","dmz","APP-SRV-02","any","any","outside","1.1.1.1/32","any","mqtt","application-default","Allow","strict","","any"
"1355","STD_VOIP_TO_MGMT_2093","Shared","standard","universal","voip","IOT-GATEWAY-01","any","any","mgmt","WORKSTATIONS-FLOOR2","any","smtp","application-default","Allow","none","","any"
"1356","STD_VOIP_TO_OUTSIDE_1268","Shared","standard","universal","voip","DC-01","any","any","outside","9.9.9.9/32","any","dns","application-default","Allow","none","","any"
"1357","STD_MGMT_TO_DMZ_3393","Shared","standard","universal","mgmt","WEB-SRV-01","any","any","dmz","DB-SRV-01","any","dns","application-default","Allow","none","","any"
"1358","STD_MGMT_TO_IOT_1208","Shared","none","universal","mgmt","VOIP-PBX-01","any","any","iot","MGMT-JUMPBOX-01","any","voip-generic","application-default","Allow","none","","any"
"1359","STD_DMZ_TO_SERVER_2601","Shared","standard","universal","dmz","API-GATEWAY-01","any","any","server","APP-SRV-02","any","voip-generic","application-default","Allow","none","","any"
"1360","STD_MGMT_TO_POS_684","Shared","none","universal","mgmt","WORKSTATIONS-FLOOR1","any","any","pos","VOIP-PBX-01","any","ping","application-default","Allow","strict","","any"
"1361","STD_MGMT_TO_DMZ_3556","Shared","standard","universal","mgmt","WEB-SRV-02","any","any","dmz","APP-SRV-01","any","ssl","application-default","Allow","strict","","any"
"1362","STD_POS_TO_IOT_1864","Shared","app-team","universal","pos","APP-SRV-01","any","any","iot","WEB-SRV-01","any","sip","application-default","Allow","strict","","any"
"1363","STD_DMZ_TO_POS_3431","Shared","standard","universal","dmz","FILE-SRV-01","any","any","pos","APP-SRV-01","any","mqtt","application-default","Allow","strict","","any"
"1364","STD_IOT_TO_AD_380","Shared","app-team","universal","iot","MGMT-JUMPBOX-01","any","any","ad","WORKSTATIONS-FLOOR2","any","voip-generic","application-default","Allow","strict","","any"
"1365","STD_IOT_TO_DMZ_456","Shared","app-team","universal","iot","WORKSTATIONS-FLOOR1","any","any","dmz","WORKSTATIONS-FLOOR2","any","voip-generic","application-default","Allow","strict","","any"
"1366","STD_IOT_TO_AD_2275","Shared","standard","universal","iot","API-GATEWAY-01","any","any","ad","APP-SRV-01","any","ssl","application-default","Allow","none","","any"
"1367","STD_DMZ_TO_POS_753","Shared","app-team","universal","dmz","API-GATEWAY-01","any","any","pos","DB-SRV-01","any","smtp","application-default","Allow","strict","","any"
"1368","LEGACY_PORT_60","Shared","legacy-port","universal","outside","any","any","any","pos","BACKUP-SRV-01","any","any","tcp-1433","Allow","none","","any"
"1369","STD_IOT_TO_AD_420","Shared","standard","universal","iot","IOT-GATEWAY-01","any","any","ad","WEB-SRV-01","any","web-browsing","application-default","Allow","strict","","any"
"1370","STD_OUTSIDE_TO_SERVER_3048","Shared","none","universal","outside","any","any","any","server","MGMT-JUMPBOX-01","any","ntp","application-default","Allow","strict","","any"
"1371","STD_SERVER_TO_OUTSIDE_3944","Shared","none","universal","server","WEB-SRV-01","any","any","outside","1.1.1.1/32","any","voip-generic","application-default","Allow","strict","","any"
"1372","STD_MGMT_TO_SERVER_1049","Shared","standard","universal","mgmt","VOIP-PBX-01","any","any","server","WORKSTATIONS-FLOOR1","any","sip","application-default","Allow","none","","any"
"1373","STD_VOIP_TO_IOT_3962","Shared","app-team","universal","voip","DC-01","any","any","iot","VOIP-PBX-01","any","ping","application-default","Allow","strict","","any"
"1374","STD_OUTSIDE_TO_VOIP_1444","Shared","standard","universal","outside","any","any","any","voip","MGMT-JUMPBOX-01","any","snmp-base","application-default","Allow","strict","","any"
"1375","STD_OUTSIDE_TO_DMZ_1221","Shared","standard","universal","outside","any","any","any","dmz","WEB-SRV-01","any","smtp","application-default","Allow","none","","any"
"1376","OPEN_OUTSIDE_TO_MGMT-HOSTS-G_103","Shared","none","universal","outside","any","any","any","pos","MGMT-HOSTS-G","any","logmein","any","Allow","none","","any"
"1377","STD_DMZ_TO_OUTSIDE_2011","Shared","standard","universal","dmz","WORKSTATIONS-FLOOR1","any","any","outside","8.8.8.8/32","any","smtp","application-default","Allow","strict","","any"
"1378","STD_DMZ_TO_OUTSIDE_3948","Shared","standard","universal","dmz","APP-SRV-02","any","any","outside","9.9.9.9/32","any","smtp","application-default","Allow","none","","any"
"1379","SCOPED_INTERNAL_MGMT_TO_POS_2","Shared","standard","universal","mgmt","MGMT-JUMPBOX-01","any","any","pos","APP-SRV-01","any","ping","application-default","Allow","strict","","any"
"1380","STD_OUTSIDE_TO_DMZ_1486","Shared","app-team","universal","outside","any","any","any","dmz","DC-01","any","dns","application-default","Allow","strict","","any"
"1381","STD_DMZ_TO_INSIDE_661","Shared","none","universal","dmz","APP-SRV-02","any","any","inside","VOIP-PBX-01","any","snmp-base","application-default","Allow","strict","","any"
"1382","STD_IOT_TO_DMZ_3351","Shared","none","universal","iot","DC-01","any","any","dmz","MGMT-JUMPBOX-01","any","ssl","application-default","Allow","none","","any"
"1383","STD_IOT_TO_DMZ_2662","Shared","none","universal","iot","VOIP-PBX-01","any","any","dmz","DC-01","any","ntp","application-default","Allow","strict","","any"
"1384","DNS_OUTBOUND_2","Shared","none","universal","inside","WORKSTATIONS-FLOOR1","any","any","outside","9.9.9.9/32","any","dns-over-https","application-default","Allow","none","","any"
"1385","STD_AD_TO_DMZ_2312","Shared","standard","universal","ad","MGMT-JUMPBOX-01","any","any","dmz","DC-01","any","voip-generic","application-default","Allow","none","","any"
"1386","STD_VOIP_TO_INSIDE_1494","Shared","app-team","universal","voip","IOT-GATEWAY-01","any","any","inside","APP-SRV-01","any","snmp-base","application-default","Allow","none","","any"
"1387","STD_SERVER_TO_MGMT_3529","Shared","standard","universal","server","WORKSTATIONS-FLOOR1","any","any","mgmt","IOT-GATEWAY-01","any","voip-generic","application-default","Allow","strict","","any"
"1388","OPEN_OUTSIDE_TO_CRITICAL-INFRA-G_52","Shared","legacy-open","universal","outside","any","any","any","mgmt","CRITICAL-INFRA-G","any","teamviewer","any","Allow","none","","any"
"1389","STD_POS_TO_OUTSIDE_2907","Shared","none","universal","pos","API-GATEWAY-01","any","any","outside","9.9.9.9/32","any","smtp","application-default","Allow","strict","","any"
"1390","STD_MGMT_TO_OUTSIDE_2605","Shared","standard","universal","mgmt","WEB-SRV-02","any","any","outside","8.8.8.8/32","any","smtp","application-default","Allow","strict","","any"
"1391","STD_AD_TO_POS_967","Shared","none","universal","ad","API-GATEWAY-01","any","any","pos","WORKSTATIONS-FLOOR1","any","ssl","application-default","Allow","strict","","any"
"1392","STD_SERVER_TO_VOIP_860","Shared","app-team","universal","server","FILE-SRV-01","any","any","voip","VOIP-PBX-01","any","ping","application-default","Allow","none","","any"
"1393","STD_DMZ_TO_SERVER_1917","Shared","app-team","universal","dmz","WORKSTATIONS-FLOOR2","any","any","server","WORKSTATIONS-FLOOR2","any","snmp-base","application-default","Allow","none","","any"
"1394","OPEN_OUTSIDE_TO_MGMT-HOSTS-G_124","Shared","legacy-open","universal","outside","any","any","any","dmz","MGMT-HOSTS-G","any","ftp","any","Allow","none","","any"
"1395","STD_IOT_TO_INSIDE_3157","Shared","none","universal","iot","WEB-SRV-01","any","any","inside","FILE-SRV-01","any","sip","application-default","Allow","strict","","any"
"1396","STD_MGMT_TO_AD_1913","Shared","app-team","universal","mgmt","APP-SRV-01","any","any","ad","WORKSTATIONS-FLOOR2","any","ping","application-default","Allow","none","","any"
"1397","OUTBOUND_OPEN_11","Shared","legacy-open","universal","mgmt","any","any","any","outside","any","any","any","any","Allow","none","","any"
"1398","STD_DMZ_TO_VOIP_963","Shared","standard","universal","dmz","WEB-SRV-02","any","any","voip","MGMT-JUMPBOX-01","any","smtp","application-default","Allow","strict","","any"
"1399","STD_INSIDE_TO_VOIP_484","Shared","standard","universal","inside","DB-SRV-01","any","any","voip","APP-SRV-01","any","mqtt","application-default","Allow","strict","","any"
"1400","RISKY_OUTSIDE_TO_APP-SRV-01_81","Shared","remote-access","universal","outside","any","any","any","inside","APP-SRV-01","any","anydesk","application-default","Allow","none","","any"
"1401","BROAD_INTERNAL_VOIP_TO_AD_14","Shared","internal","universal","voip","any","any","any","ad","any","any","any","any","Allow","none","","any"
"1402","LEGACY_PORT_22","Shared","legacy-port","universal","inside","any","any","any","voip","APP-SRV-01","any","any","tcp-23","Allow","none","","any"
"1403","SCOPED_PARTNER_TO_API-GATEWAY-01_11","Shared","partner-integration","universal","outside","PARTNER-VENDOR-A","any","any","dmz","API-GATEWAY-01","any","ssl","application-default","Allow","strict","","any"
"1404","STD_POS_TO_SERVER_1218","Shared","none","universal","pos","WEB-SRV-01","any","any","server","WORKSTATIONS-FLOOR2","any","dns","application-default","Allow","strict","","any"
"1405","STD_DMZ_TO_AD_187","Shared","none","universal","dmz","WORKSTATIONS-FLOOR2","any","any","ad","WEB-SRV-01","any","voip-generic","application-default","Allow","strict","","any"
"1406","STD_INSIDE_TO_OUTSIDE_1945","Shared","standard","universal","inside","API-GATEWAY-01","any","any","outside","1.1.1.1/32","any","ntp","application-default","Allow","strict","","any"
"1407","STD_IOT_TO_SERVER_1212","Shared","app-team","universal","iot","API-GATEWAY-01","any","any","server","VOIP-PBX-01","any","mqtt","application-default","Allow","strict","","any"
"1408","STD_VOIP_TO_MGMT_1161","Shared","app-team","universal","voip","APP-SRV-01","any","any","mgmt","WORKSTATIONS-FLOOR1","any","voip-generic","application-default","Allow","none","","any"
"1409","LEGACY_PORT_25","Shared","legacy-port","universal","inside","any","any","any","iot","APP-SRV-01","any","any","tcp-443","Allow","none","","any"
"1410","RISKY_OUTSIDE_TO_FILE-SRV-01_109","Shared","remote-access","universal","outside","any","any","any","server","FILE-SRV-01","any","splashtop","application-default","Allow","none","","any"
"1411","STD_DMZ_TO_VOIP_129","Shared","app-team","universal","dmz","WEB-SRV-01","any","any","voip","API-GATEWAY-01","any","ping","application-default","Allow","strict","","any"
"1412","STD_OUTSIDE_TO_IOT_3928","Shared","none","universal","outside","any","any","any","iot","DB-SRV-01","any","ping","application-default","Allow","none","","any"
"1413","LEGACY_PORT_59","Shared","legacy-port","universal","outside","any","any","any","inside","APP-SRV-01","any","any","tcp-5900","Allow","none","","any"
"1414","BROAD_INTERNAL_INSIDE_TO_IOT_16","Shared","internal","universal","inside","any","any","any","iot","any","any","any","any","Allow","none","","any"
"1415","STD_POS_TO_SERVER_906","Shared","app-team","universal","pos","MGMT-JUMPBOX-01","any","any","server","APP-SRV-02","any","ping","application-default","Allow","none","","any"
"1416","STD_SERVER_TO_MGMT_3613","Shared","app-team","universal","server","APP-SRV-02","any","any","mgmt","IOT-GATEWAY-01","any","snmp-base","application-default","Allow","none","","any"
"1417","STD_DMZ_TO_IOT_839","Shared","standard","universal","dmz","WORKSTATIONS-FLOOR1","any","any","iot","WEB-SRV-02","any","smtp","application-default","Allow","strict","","any"
"1418","STD_AD_TO_OUTSIDE_320","Shared","standard","universal","ad","APP-SRV-02","any","any","outside","8.8.8.8/32","any","snmp-base","application-default","Allow","none","","any"
"1419","STD_POS_TO_MGMT_3525","Shared","app-team","universal","pos","WEB-SRV-01","any","any","mgmt","FILE-SRV-01","any","ssl","application-default","Allow","strict","","any"
"1420","STD_DMZ_TO_OUTSIDE_936","Shared","app-team","universal","dmz","WEB-SRV-01","any","any","outside","9.9.9.9/32","any","ssl","application-default","Allow","strict","","any"
"1421","STD_IOT_TO_POS_2712","Shared","none","universal","iot","WORKSTATIONS-FLOOR1","any","any","pos","VOIP-PBX-01","any","web-browsing","application-default","Allow","strict","","any"
"1422","OUTBOUND_OPEN_19","Shared","legacy-open","universal","dmz","any","any","any","outside","any","any","any","any","Allow","none","","any"
"1423","STD_IOT_TO_OUTSIDE_3334","Shared","standard","universal","iot","DC-01","any","any","outside","9.9.9.9/32","any","sip","application-default","Allow","strict","","any"
"1424","STD_INSIDE_TO_VOIP_3337","Shared","standard","universal","inside","IOT-GATEWAY-01","any","any","voip","APP-SRV-01","any","ntp","application-default","Allow","strict","","any"
"1425","[Disabled] OLD_DISABLED_21","Shared","none","universal","outside","any","any","any","inside","APP-SRV-01","any","any","any","Allow","none","","any"
"1426","POS_TO_DC_58","Shared","ad-auth","universal","pos","WORKSTATIONS-FLOOR1","any","any","ad","DOMAIN-CONTROLLERS-G","any","ms-ds-smb","application-default","Allow","none","","any"
"1427","[Disabled] OLD_DISABLED_13","Shared","none","universal","outside","any","any","any","mgmt","FILE-SRV-01","any","any","any","Allow","none","","any"
"1428","STD_DMZ_TO_INSIDE_3454","Shared","none","universal","dmz","WORKSTATIONS-FLOOR2","any","any","inside","MGMT-JUMPBOX-01","any","ssl","application-default","Allow","none","","any"
"1429","STD_MGMT_TO_DMZ_3724","Shared","none","universal","mgmt","WEB-SRV-02","any","any","dmz","API-GATEWAY-01","any","voip-generic","application-default","Allow","strict","","any"
"1430","STD_DMZ_TO_IOT_2813","Shared","none","universal","dmz","FILE-SRV-01","any","any","iot","IOT-GATEWAY-01","any","mqtt","application-default","Allow","none","","any"
"1431","STD_INSIDE_TO_VOIP_1747","Shared","app-team","universal","inside","WEB-SRV-02","any","any","voip","WORKSTATIONS-FLOOR1","any","voip-generic","application-default","Allow","strict","","any"
"1432","OUTBOUND_SCOPED_11","Shared","outbound-standard","universal","inside","APP-SRV-01","any","any","outside","203.212.102.14/32","any","voip-generic","application-default","Allow","strict","","any"
"1433","STD_DMZ_TO_VOIP_1440","Shared","none","universal","dmz","APP-SRV-01","any","any","voip","APP-SRV-02","any","ping","application-default","Allow","none","","any"
"1434","STD_INSIDE_TO_MGMT_1665","Shared","app-team","universal","inside","APP-SRV-01","any","any","mgmt","WEB-SRV-02","any","web-browsing","application-default","Allow","none","","any"
"1435","STD_MGMT_TO_INSIDE_3775","Shared","none","universal","mgmt","APP-SRV-01","any","any","inside","MGMT-JUMPBOX-01","any","sip","application-default","Allow","strict","","any"
"1436","STD_POS_TO_INSIDE_3827","Shared","standard","universal","pos","DC-01","any","any","inside","WORKSTATIONS-FLOOR2","any","ssl","application-default","Allow","strict","","any"
"1437","STD_POS_TO_DMZ_3730","Shared","standard","universal","pos","WEB-SRV-01","any","any","dmz","WEB-SRV-01","any","ntp","application-default","Allow","none","","any"
"1438","DNS_OUTBOUND_4","Shared","none","universal","mgmt","APP-SRV-01","any","any","outside","1.1.1.1/32","any","dns","tcp-853","Allow","strict","","any"
"1439","STD_SERVER_TO_POS_591","Shared","none","universal","server","WORKSTATIONS-FLOOR1","any","any","pos","APP-SRV-01","any","mqtt","application-default","Allow","none","","any"
"1440","STD_OUTSIDE_TO_DMZ_2546","Shared","app-team","universal","outside","any","any","any","dmz","API-GATEWAY-01","any","voip-generic","application-default","Allow","strict","","any"
"1441","STD_SERVER_TO_DMZ_1239","Shared","none","universal","server","FILE-SRV-01","any","any","dmz","WORKSTATIONS-FLOOR2","any","web-browsing","application-default","Allow","strict","","any"
"1442","STD_AD_TO_OUTSIDE_779","Shared","none","universal","ad","APP-SRV-02","any","any","outside","8.8.8.8/32","any","voip-generic","application-default","Allow","none","","any"
"1443","STD_SERVER_TO_IOT_1741","Shared","none","universal","server","WORKSTATIONS-FLOOR1","any","any","iot","WORKSTATIONS-FLOOR2","any","ssl","application-default","Allow","strict","","any"
"1444","STD_AD_TO_SERVER_2870","Shared","standard","universal","ad","VOIP-PBX-01","any","any","server","FILE-SRV-01","any","ntp","application-default","Allow","strict","","any"
"1445","STD_IOT_TO_INSIDE_3330","Shared","none","universal","iot","IOT-GATEWAY-01","any","any","inside","DB-SRV-01","any","ssl","application-default","Allow","none","","any"
"1446","STD_AD_TO_VOIP_3643","Shared","standard","universal","ad","DC-01","any","any","voip","APP-SRV-02","any","sip","application-default","Allow","none","","any"
"1447","STD_INSIDE_TO_OUTSIDE_1376","Shared","app-team","universal","inside","API-GATEWAY-01","any","any","outside","8.8.8.8/32","any","ssl","application-default","Allow","strict","","any"
"1448","REMOTE_ACCESS_26","Shared","remote-support","universal","outside","any","any","any","dmz","FILE-SRV-01","any","teamviewer","application-default","Allow","none","","any"
"1449","STD_AD_TO_MGMT_3537","Shared","none","universal","ad","WORKSTATIONS-FLOOR1","any","any","mgmt","FILE-SRV-01","any","ssl","application-default","Allow","strict","","any"
"1450","STD_DMZ_TO_AD_3807","Shared","none","universal","dmz","WEB-SRV-02","any","any","ad","IOT-GATEWAY-01","any","dns","application-default","Allow","strict","","any"
"1451","STD_VOIP_TO_SERVER_1660","Shared","standard","universal","voip","VOIP-PBX-01","any","any","server","WORKSTATIONS-FLOOR1","any","smtp","application-default","Allow","strict","","any"
"1452","STD_OUTSIDE_TO_MGMT_1180","Shared","none","universal","outside","any","any","any","mgmt","WEB-SRV-02","any","smtp","application-default","Allow","strict","","any"
"1453","STD_AD_TO_VOIP_2440","Shared","none","universal","ad","IOT-GATEWAY-01","any","any","voip","FILE-SRV-01","any","smtp","application-default","Allow","none","","any"
"1454","REMOTE_ACCESS_21","Shared","remote-support","universal","outside","any","any","any","server","FILE-SRV-01","any","splashtop","application-default","Allow","none","","any"
"1455","STD_SERVER_TO_VOIP_731","Shared","app-team","universal","server","APP-SRV-02","any","any","voip","WORKSTATIONS-FLOOR2","any","voip-generic","application-default","Allow","strict","","any"
"1456","SCOPED_INTERNAL_POS_TO_IOT_48","Shared","standard","universal","pos","MGMT-JUMPBOX-01","any","any","iot","APP-SRV-01","any","ntp","application-default","Allow","strict","","any"
"1457","STD_POS_TO_INSIDE_1335","Shared","standard","universal","pos","DC-01","any","any","inside","WORKSTATIONS-FLOOR2","any","sip","application-default","Allow","strict","","any"
"1458","STD_MGMT_TO_AD_1170","Shared","none","universal","mgmt","VOIP-PBX-01","any","any","ad","WEB-SRV-02","any","dns","application-default","Allow","strict","","any"
"1459","STD_IOT_TO_INSIDE_3269","Shared","app-team","universal","iot","WEB-SRV-02","any","any","inside","APP-SRV-01","any","sip","application-default","Allow","strict","","any"
"1460","SCOPED_INTERNAL_SERVER_TO_DMZ_36","Shared","standard","universal","server","WORKSTATIONS-FLOOR1","any","any","dmz","APP-SRV-01","any","ping","application-default","Allow","strict","","any"
"1461","BROAD_INTERNAL_SERVER_TO_VOIP_24","Shared","internal","universal","server","any","any","any","voip","any","any","any","any","Allow","none","","any"
"1462","STD_VOIP_TO_SERVER_2891","Shared","app-team","universal","voip","WORKSTATIONS-FLOOR1","any","any","server","IOT-GATEWAY-01","any","dns","application-default","Allow","none","","any"
"1463","STD_DMZ_TO_IOT_2834","Shared","none","universal","dmz","DC-01","any","any","iot","MGMT-JUMPBOX-01","any","ping","application-default","Allow","none","","any"
"1464","STD_VOIP_TO_POS_2242","Shared","app-team","universal","voip","APP-SRV-01","any","any","pos","WORKSTATIONS-FLOOR1","any","ntp","application-default","Allow","none","","any"
"1465","STD_POS_TO_AD_2555","Shared","standard","universal","pos","FILE-SRV-01","any","any","ad","API-GATEWAY-01","any","ntp","application-default","Allow","strict","","any"
"1466","STD_OUTSIDE_TO_VOIP_3020","Shared","standard","universal","outside","any","any","any","voip","API-GATEWAY-01","any","mqtt","application-default","Allow","strict","","any"
"1467","STD_SERVER_TO_MGMT_3690","Shared","none","universal","server","IOT-GATEWAY-01","any","any","mgmt","FILE-SRV-01","any","web-browsing","application-default","Allow","strict","","any"
"1468","STD_OUTSIDE_TO_SERVER_2285","Shared","app-team","universal","outside","any","any","any","server","VOIP-PBX-01","any","ntp","application-default","Allow","strict","","any"
"1469","SCOPED_PARTNER_TO_WEB-SRV-01_45","Shared","partner-integration","universal","outside","PARTNER-VENDOR-A","any","any","dmz","WEB-SRV-01","any","ssl","application-default","Allow","strict","","any"
"1470","STD_MGMT_TO_AD_93","Shared","app-team","universal","mgmt","MGMT-JUMPBOX-01","any","any","ad","APP-SRV-02","any","voip-generic","application-default","Allow","strict","","any"
"1471","STD_INSIDE_TO_VOIP_2725","Shared","standard","universal","inside","APP-SRV-01","any","any","voip","APP-SRV-02","any","snmp-base","application-default","Allow","strict","","any"
"1472","STD_POS_TO_VOIP_799","Shared","standard","universal","pos","DC-01","any","any","voip","API-GATEWAY-01","any","ntp","application-default","Allow","strict","","any"
"1473","STD_MGMT_TO_POS_3540","Shared","none","universal","mgmt","MGMT-JUMPBOX-01","any","any","pos","WORKSTATIONS-FLOOR2","any","web-browsing","application-default","Allow","none","","any"
"1474","STD_OUTSIDE_TO_INSIDE_2597","Shared","standard","universal","outside","any","any","any","inside","APP-SRV-01","any","snmp-base","application-default","Allow","strict","","any"
"1475","STD_MGMT_TO_OUTSIDE_440","Shared","app-team","universal","mgmt","WORKSTATIONS-FLOOR1","any","any","outside","9.9.9.9/32","any","smtp","application-default","Allow","strict","","any"
"1476","STD_MGMT_TO_POS_3746","Shared","app-team","universal","mgmt","WEB-SRV-01","any","any","pos","APP-SRV-01","any","web-browsing","application-default","Allow","none","","any"
"1477","STD_DMZ_TO_MGMT_3144","Shared","app-team","universal","dmz","FILE-SRV-01","any","any","mgmt","DC-01","any","ping","application-default","Allow","strict","","any"
"1478","STD_MGMT_TO_POS_433","Shared","standard","universal","mgmt","APP-SRV-01","any","any","pos","DC-01","any","ping","application-default","Allow","strict","","any"
"1479","STD_DMZ_TO_IOT_3367","Shared","standard","universal","dmz","DC-01","any","any","iot","VOIP-PBX-01","any","ntp","application-default","Allow","strict","","any"
"1480","STD_OUTSIDE_TO_AD_1063","Shared","standard","universal","outside","any","any","any","ad","APP-SRV-02","any","sip","application-default","Allow","none","","any"
"1481","STD_OUTSIDE_TO_AD_117","Shared","none","universal","outside","any","any","any","ad","WEB-SRV-02","any","snmp-base","application-default","Allow","strict","","any"
"1482","RISKY_OUTSIDE_TO_FILE-SRV-01_60","Shared","remote-access","universal","outside","any","any","any","iot","FILE-SRV-01","any","vnc","application-default","Allow","none","","any"
"1483","STD_VOIP_TO_INSIDE_2136","Shared","none","universal","voip","WORKSTATIONS-FLOOR2","any","any","inside","WEB-SRV-02","any","ssl","application-default","Allow","none","","any"
"1484","SCOPED_NO_PROFILE_18","Shared","partner-integration","universal","outside","PARTNER-VENDOR-A","any","any","dmz","WEB-SRV-01","any","ssl","application-default","Allow","none","","any"
"1485","STD_OUTSIDE_TO_INSIDE_1414","Shared","standard","universal","outside","any","any","any","inside","IOT-GATEWAY-01","any","ntp","application-default","Allow","strict","","any"
"1486","STD_MGMT_TO_SERVER_895","Shared","app-team","universal","mgmt","WORKSTATIONS-FLOOR2","any","any","server","WORKSTATIONS-FLOOR1","any","ssl","application-default","Allow","strict","","any"
"1487","STD_IOT_TO_INSIDE_2048","Shared","app-team","universal","iot","WORKSTATIONS-FLOOR1","any","any","inside","DB-SRV-01","any","dns","application-default","Allow","strict","","any"
"1488","STD_AD_TO_OUTSIDE_3310","Shared","standard","universal","ad","WEB-SRV-02","any","any","outside","9.9.9.9/32","any","ntp","application-default","Allow","strict","","any"
"1489","STD_DMZ_TO_SERVER_3089","Shared","standard","universal","dmz","WORKSTATIONS-FLOOR1","any","any","server","WEB-SRV-01","any","sip","application-default","Allow","strict","","any"
"1490","STD_DMZ_TO_MGMT_3029","Shared","none","universal","dmz","APP-SRV-01","any","any","mgmt","WEB-SRV-02","any","ping","application-default","Allow","strict","","any"
"1491","STD_INSIDE_TO_VOIP_711","Shared","standard","universal","inside","DB-SRV-01","any","any","voip","MGMT-JUMPBOX-01","any","dns","application-default","Allow","none","","any"
"1492","STD_POS_TO_VOIP_1498","Shared","standard","universal","pos","WEB-SRV-01","any","any","voip","APP-SRV-02","any","mqtt","application-default","Allow","strict","","any"
"1493","STD_IOT_TO_VOIP_902","Shared","standard","universal","iot","API-GATEWAY-01","any","any","voip","API-GATEWAY-01","any","ssl","application-default","Allow","strict","","any"
"1494","STD_OUTSIDE_TO_AD_2405","Shared","standard","universal","outside","any","any","any","ad","WORKSTATIONS-FLOOR1","any","ntp","application-default","Allow","none","","any"
"1495","STD_VOIP_TO_AD_48","Shared","standard","universal","voip","WORKSTATIONS-FLOOR1","any","any","ad","VOIP-PBX-01","any","ping","application-default","Allow","strict","","any"
"1496","STD_DMZ_TO_SERVER_3406","Shared","app-team","universal","dmz","WEB-SRV-01","any","any","server","APP-SRV-01","any","smtp","application-default","Allow","strict","","any"
"1497","BROAD_INTERNAL_VOIP_TO_IOT_23","Shared","internal","universal","voip","any","any","any","iot","any","any","any","any","Allow","none","","any"
"1498","STD_SERVER_TO_VOIP_2085","Shared","standard","universal","server","WORKSTATIONS-FLOOR2","any","any","voip","WORKSTATIONS-FLOOR1","any","dns","application-default","Allow","strict","","any"
"1499","INSIDE_TO_DC_38","Shared","ad-auth","universal","inside","WORKSTATIONS-FLOOR1","any","any","ad","DOMAIN-CONTROLLERS-G","any","ms-ds-smb","application-default","Allow","none","","any"
"1500","STD_SERVER_TO_OUTSIDE_869","Shared","app-team","universal","server","WEB-SRV-01","any","any","outside","1.1.1.1/32","any","smtp","application-default","Allow","strict","","any"
"1501","STD_VOIP_TO_SERVER_2342","Shared","none","universal","voip","APP-SRV-01","any","any","server","API-GATEWAY-01","any","web-browsing","application-default","Allow","none","","any"
"1502","STD_SERVER_TO_VOIP_3347","Shared","app-team","universal","server","MGMT-JUMPBOX-01","any","any","voip","MGMT-JUMPBOX-01","any","ntp","application-default","Allow","strict","","any"
"1503","OPEN_OUTSIDE_TO_MGMT-HOSTS-G_84","Shared","legacy-open","universal","outside","any","any","any","pos","MGMT-HOSTS-G","any","kerberos","any","Allow","none","","any"
"1504","STD_MGMT_TO_AD_894","Shared","app-team","universal","mgmt","MGMT-JUMPBOX-01","any","any","ad","APP-SRV-02","any","ntp","application-default","Allow","none","","any"
"1505","STD_SERVER_TO_MGMT_3958","Shared","app-team","universal","server","MGMT-JUMPBOX-01","any","any","mgmt","IOT-GATEWAY-01","any","snmp-base","application-default","Allow","none","","any"
"1506","STD_IOT_TO_SERVER_2135","Shared","standard","universal","iot","WEB-SRV-01","any","any","server","WEB-SRV-01","any","snmp-base","application-default","Allow","strict","","any"
"1507","SERVER_TO_DC_7","Shared","ad-auth","universal","server","WORKSTATIONS-FLOOR2","any","any","ad","DOMAIN-CONTROLLERS-G","any","ms-ds-smb","application-default","Allow","none","","any"
"1508","STD_DMZ_TO_IOT_1575","Shared","none","universal","dmz","API-GATEWAY-01","any","any","iot","IOT-GATEWAY-01","any","ntp","application-default","Allow","strict","","any"
"1509","[Disabled] OLD_DISABLED_6","Shared","none","universal","outside","any","any","any","dmz","APP-SRV-01","any","any","any","Allow","none","","any"
"1510","STD_OUTSIDE_TO_AD_1678","Shared","none","universal","outside","any","any","any","ad","FILE-SRV-01","any","sip","application-default","Allow","strict","","any"
"1511","STD_INSIDE_TO_SERVER_903","Shared","app-team","universal","inside","WEB-SRV-01","any","any","server","DB-SRV-01","any","voip-generic","application-default","Allow","none","","any"
"1512","STD_POS_TO_IOT_3425","Shared","none","universal","pos","WORKSTATIONS-FLOOR1","any","any","iot","DC-01","any","smtp","application-default","Allow","strict","","any"
"1513","OPEN_OUTSIDE_TO_WEB-SERVERS-G_140","Shared","legacy-open","universal","outside","any","any","any","pos","WEB-SERVERS-G","any","teamviewer","application-default","Allow","none","","any"
"1514","STD_DMZ_TO_SERVER_1959","Shared","standard","universal","dmz","VOIP-PBX-01","any","any","server","DB-SRV-01","any","sip","application-default","Allow","strict","","any"
"1515","STD_IOT_TO_POS_2744","Shared","app-team","universal","iot","DB-SRV-01","any","any","pos","WORKSTATIONS-FLOOR2","any","ping","application-default","Allow","strict","","any"
"1516","STD_VOIP_TO_DMZ_1725","Shared","standard","universal","voip","DC-01","any","any","dmz","DC-01","any","dns","application-default","Allow","none","","any"
"1517","OUTBOUND_OPEN_38","Shared","legacy-open","universal","server","any","any","any","outside","any","any","any","any","Allow","none","","any"
"1518","STD_SERVER_TO_DMZ_2441","Shared","none","universal","server","WORKSTATIONS-FLOOR2","any","any","dmz","APP-SRV-01","any","dns","application-default","Allow","strict","","any"
"1519","STD_SERVER_TO_VOIP_3411","Shared","app-team","universal","server","APP-SRV-02","any","any","voip","DC-01","any","web-browsing","application-default","Allow","none","","any"
"1520","STD_DMZ_TO_INSIDE_1788","Shared","none","universal","dmz","IOT-GATEWAY-01","any","any","inside","WEB-SRV-02","any","ntp","application-default","Allow","strict","","any"
"1521","STD_SERVER_TO_AD_3497","Shared","app-team","universal","server","APP-SRV-02","any","any","ad","DC-01","any","sip","application-default","Allow","strict","","any"
"1522","STD_VOIP_TO_DMZ_1576","Shared","none","universal","voip","FILE-SRV-01","any","any","dmz","MGMT-JUMPBOX-01","any","ntp","application-default","Allow","none","","any"
"1523","STD_MGMT_TO_VOIP_768","Shared","app-team","universal","mgmt","DB-SRV-01","any","any","voip","DC-01","any","ntp","application-default","Allow","strict","","any"
"1524","STD_INSIDE_TO_SERVER_1972","Shared","none","universal","inside","IOT-GATEWAY-01","any","any","server","FILE-SRV-01","any","web-browsing","application-default","Allow","strict","","any"
"1525","OPEN_OUTSIDE_TO_WEB-SERVERS-G_132","Shared","legacy-open","universal","outside","any","any","any","dmz","WEB-SERVERS-G","any","kerberos","application-default","Allow","none","","any"
"1526","OPEN_OUTSIDE_TO_CRITICAL-INFRA-G_46","Shared","legacy-open","universal","outside","any","any","any","mgmt","CRITICAL-INFRA-G","any","splashtop","any","Allow","none","","any"
"1527","STD_DMZ_TO_VOIP_3151","Shared","standard","universal","dmz","WORKSTATIONS-FLOOR2","any","any","voip","WORKSTATIONS-FLOOR2","any","smtp","application-default","Allow","strict","","any"
"1528","STD_IOT_TO_AD_1314","Shared","standard","universal","iot","WEB-SRV-01","any","any","ad","MGMT-JUMPBOX-01","any","snmp-base","application-default","Allow","strict","","any"
"1529","STD_INSIDE_TO_AD_766","Shared","standard","universal","inside","WEB-SRV-02","any","any","ad","DC-01","any","dns","application-default","Allow","strict","","any"
"1530","STD_SERVER_TO_VOIP_1736","Shared","none","universal","server","WEB-SRV-01","any","any","voip","DC-01","any","ntp","application-default","Allow","strict","","any"
"1531","STD_AD_TO_DMZ_1433","Shared","app-team","universal","ad","IOT-GATEWAY-01","any","any","dmz","WEB-SRV-01","any","voip-generic","application-default","Allow","strict","","any"
"1532","STD_MGMT_TO_AD_419","Shared","app-team","universal","mgmt","APP-SRV-02","any","any","ad","VOIP-PBX-01","any","ntp","application-default","Allow","strict","","any"
"1533","STD_OUTSIDE_TO_SERVER_365","Shared","standard","universal","outside","any","any","any","server","FILE-SRV-01","any","smtp","application-default","Allow","strict","","any"
"1534","STD_SERVER_TO_INSIDE_3067","Shared","app-team","universal","server","DB-SRV-01","any","any","inside","API-GATEWAY-01","any","ping","application-default","Allow","none","","any"
"1535","STD_POS_TO_SERVER_2059","Shared","app-team","universal","pos","APP-SRV-01","any","any","server","IOT-GATEWAY-01","any","sip","application-default","Allow","none","","any"
"1536","STD_DMZ_TO_VOIP_3941","Shared","standard","universal","dmz","APP-SRV-01","any","any","voip","DC-01","any","ntp","application-default","Allow","strict","","any"
"1537","STD_DMZ_TO_SERVER_2975","Shared","none","universal","dmz","WORKSTATIONS-FLOOR1","any","any","server","WEB-SRV-01","any","smtp","application-default","Allow","strict","","any"
"1538","SCOPED_PARTNER_TO_WEB-SRV-02_69","Shared","partner-integration","universal","outside","PARTNER-VENDOR-A","any","any","dmz","WEB-SRV-02","any","ssl","application-default","Allow","strict","","any"
"1539","STD_POS_TO_INSIDE_1069","Shared","app-team","universal","pos","DC-01","any","any","inside","FILE-SRV-01","any","ping","application-default","Allow","strict","","any"
"1540","STD_INSIDE_TO_POS_1733","Shared","standard","universal","inside","WEB-SRV-02","any","any","pos","FILE-SRV-01","any","smtp","application-default","Allow","none","","any"
"1541","STD_AD_TO_VOIP_2277","Shared","app-team","universal","ad","API-GATEWAY-01","any","any","voip","WEB-SRV-01","any","ping","application-default","Allow","none","","any"
"1542","STD_SERVER_TO_IOT_3820","Shared","app-team","universal","server","WORKSTATIONS-FLOOR2","any","any","iot","WEB-SRV-02","any","snmp-base","application-default","Allow","none","","any"
"1543","STD_IOT_TO_MGMT_1543","Shared","none","universal","iot","WORKSTATIONS-FLOOR2","any","any","mgmt","WORKSTATIONS-FLOOR1","any","mqtt","application-default","Allow","strict","","any"
"1544","SCOPED_PARTNER_TO_WEB-SRV-01_44","Shared","partner-integration","universal","outside","PARTNER-VENDOR-B","any","any","dmz","WEB-SRV-01","any","ssl","application-default","Allow","strict","","any"
"1545","STD_SERVER_TO_DMZ_1024","Shared","app-team","universal","server","WEB-SRV-02","any","any","dmz","APP-SRV-01","any","mqtt","application-default","Allow","none","","any"
"1546","STD_IOT_TO_VOIP_3780","Shared","standard","universal","iot","API-GATEWAY-01","any","any","voip","WEB-SRV-02","any","ping","application-default","Allow","none","","any"
"1547","STD_INSIDE_TO_VOIP_1378","Shared","app-team","universal","inside","APP-SRV-01","any","any","voip","FILE-SRV-01","any","dns","application-default","Allow","strict","","any"
"1548","STD_DMZ_TO_POS_1755","Shared","app-team","universal","dmz","APP-SRV-02","any","any","pos","IOT-GATEWAY-01","any","ping","application-default","Allow","strict","","any"
"1549","STD_IOT_TO_OUTSIDE_3234","Shared","standard","universal","iot","API-GATEWAY-01","any","any","outside","8.8.8.8/32","any","ntp","application-default","Allow","none","","any"
"1550","STD_DMZ_TO_AD_1530","Shared","standard","universal","dmz","APP-SRV-02","any","any","ad","WEB-SRV-02","any","ntp","application-default","Allow","strict","","any"
"1551","OPEN_OUTSIDE_TO_POS-TERMINALS-G_76","Shared","none","universal","outside","any","any","any","mgmt","POS-TERMINALS-G","any","logmein","application-default","Allow","none","","any"
"1552","OPEN_OUTSIDE_TO_CRITICAL-INFRA-G_123","Shared","none","universal","outside","any","any","any","dmz","CRITICAL-INFRA-G","any","ldap","any","Allow","none","","any"
"1553","STD_AD_TO_OUTSIDE_507","Shared","standard","universal","ad","FILE-SRV-01","any","any","outside","1.1.1.1/32","any","ntp","application-default","Allow","strict","","any"
"1554","STD_DMZ_TO_AD_809","Shared","none","universal","dmz","IOT-GATEWAY-01","any","any","ad","DC-01","any","snmp-base","application-default","Allow","none","","any"
"1555","STD_VOIP_TO_POS_2964","Shared","app-team","universal","voip","WEB-SRV-02","any","any","pos","APP-SRV-01","any","voip-generic","application-default","Allow","strict","","any"
"1556","STD_VOIP_TO_IOT_2365","Shared","standard","universal","voip","APP-SRV-02","any","any","iot","MGMT-JUMPBOX-01","any","ssl","application-default","Allow","strict","","any"
"1557","RISKY_OUTSIDE_TO_MGMT-JUMPBOX-01_85","Shared","remote-access","universal","outside","any","any","any","voip","MGMT-JUMPBOX-01","any","anydesk","application-default","Allow","none","","any"
"1558","STD_VOIP_TO_IOT_3264","Shared","none","universal","voip","API-GATEWAY-01","any","any","iot","MGMT-JUMPBOX-01","any","ssl","application-default","Allow","strict","","any"
"1559","STD_INSIDE_TO_VOIP_2957","Shared","none","universal","inside","API-GATEWAY-01","any","any","voip","FILE-SRV-01","any","dns","application-default","Allow","strict","","any"
"1560","STD_AD_TO_INSIDE_1871","Shared","none","universal","ad","FILE-SRV-01","any","any","inside","IOT-GATEWAY-01","any","ssl","application-default","Allow","none","","any"
"1561","TEMP_ACCESS_0","Shared","trial-vendor","universal","outside","any","any","any","server","any","any","any","any","Allow","none","","any"
"1562","STD_AD_TO_IOT_3788","Shared","app-team","universal","ad","WORKSTATIONS-FLOOR1","any","any","iot","API-GATEWAY-01","any","ssl","application-default","Allow","none","","any"
"1563","STD_SERVER_TO_VOIP_632","Shared","app-team","universal","server","DB-SRV-01","any","any","voip","VOIP-PBX-01","any","dns","application-default","Allow","strict","","any"
"1564","IOT_TO_DC_12","Shared","ad-auth","universal","iot","WORKSTATIONS-FLOOR2","any","any","ad","DOMAIN-CONTROLLERS-G","any","kerberos","application-default","Allow","none","","any"
"1565","SCOPED_PARTNER_TO_WEB-SRV-01_18","Shared","partner-integration","universal","outside","PARTNER-VENDOR-A","any","any","dmz","WEB-SRV-01","any","ssl","application-default","Allow","strict","","any"
"1566","STD_MGMT_TO_VOIP_2501","Shared","app-team","universal","mgmt","MGMT-JUMPBOX-01","any","any","voip","MGMT-JUMPBOX-01","any","ping","application-default","Allow","strict","","any"
"1567","STD_MGMT_TO_OUTSIDE_1474","Shared","app-team","universal","mgmt","WEB-SRV-01","any","any","outside","8.8.8.8/32","any","dns","application-default","Allow","strict","","any"
"1568","STD_AD_TO_VOIP_3248","Shared","app-team","universal","ad","MGMT-JUMPBOX-01","any","any","voip","WEB-SRV-02","any","web-browsing","application-default","Allow","strict","","any"
"1569","STD_INSIDE_TO_POS_375","Shared","standard","universal","inside","APP-SRV-01","any","any","pos","WEB-SRV-02","any","dns","application-default","Allow","strict","","any"
"1570","BROAD_INTERNAL_INSIDE_TO_SERVER_43","Shared","internal","universal","inside","any","any","any","server","any","any","any","any","Allow","none","","any"
"1571","SCOPED_INTERNAL_IOT_TO_SERVER_81","Shared","standard","universal","iot","WORKSTATIONS-FLOOR1","any","any","server","APP-SRV-01","any","ntp","application-default","Allow","strict","","any"
"1572","STD_AD_TO_VOIP_2167","Shared","standard","universal","ad","API-GATEWAY-01","any","any","voip","FILE-SRV-01","any","sip","application-default","Allow","strict","","any"
"1573","SCOPED_NO_PROFILE_20","Shared","partner-integration","universal","outside","PARTNER-VENDOR-A","any","any","dmz","API-GATEWAY-01","any","ssl","application-default","Allow","none","","any"
"1574","STD_AD_TO_MGMT_3416","Shared","standard","universal","ad","API-GATEWAY-01","any","any","mgmt","WEB-SRV-01","any","smtp","application-default","Allow","strict","","any"
"1575","STD_AD_TO_MGMT_2540","Shared","none","universal","ad","WORKSTATIONS-FLOOR1","any","any","mgmt","API-GATEWAY-01","any","sip","application-default","Allow","none","","any"
"1576","STD_OUTSIDE_TO_SERVER_2283","Shared","none","universal","outside","any","any","any","server","DC-01","any","web-browsing","application-default","Allow","strict","","any"
"1577","STD_VOIP_TO_OUTSIDE_3233","Shared","standard","universal","voip","APP-SRV-01","any","any","outside","8.8.8.8/32","any","sip","application-default","Allow","strict","","any"
"1578","STD_DMZ_TO_AD_1877","Shared","none","universal","dmz","IOT-GATEWAY-01","any","any","ad","APP-SRV-01","any","mqtt","application-default","Allow","strict","","any"
"1579","STD_IOT_TO_AD_3723","Shared","app-team","universal","iot","APP-SRV-02","any","any","ad","WORKSTATIONS-FLOOR1","any","sip","application-default","Allow","strict","","any"
"1580","STD_POS_TO_DMZ_1485","Shared","standard","universal","pos","WORKSTATIONS-FLOOR1","any","any","dmz","VOIP-PBX-01","any","web-browsing","application-default","Allow","strict","","any"
"1581","STD_DMZ_TO_SERVER_239","Shared","app-team","universal","dmz","IOT-GATEWAY-01","any","any","server","WORKSTATIONS-FLOOR1","any","ntp","application-default","Allow","strict","","any"
"1582","RISKY_OUTSIDE_TO_MGMT-JUMPBOX-01_65","Shared","remote-access","universal","outside","any","any","any","pos","MGMT-JUMPBOX-01","any","ms-ds-smb","application-default","Allow","none","","any"
"1583","STD_INSIDE_TO_AD_791","Shared","none","universal","inside","MGMT-JUMPBOX-01","any","any","ad","WORKSTATIONS-FLOOR2","any","snmp-base","application-default","Allow","strict","","any"
"1584","STD_MGMT_TO_VOIP_244","Shared","none","universal","mgmt","DC-01","any","any","voip","WORKSTATIONS-FLOOR1","any","dns","application-default","Allow","strict","","any"
"1585","STD_DMZ_TO_POS_3419","Shared","app-team","universal","dmz","APP-SRV-02","any","any","pos","WORKSTATIONS-FLOOR2","any","snmp-base","application-default","Allow","none","","any"
"1586","STD_OUTSIDE_TO_IOT_792","Shared","app-team","universal","outside","any","any","any","iot","DC-01","any","dns","application-default","Allow","strict","","any"
"1587","STD_MGMT_TO_DMZ_1791","Shared","app-team","universal","mgmt","API-GATEWAY-01","any","any","dmz","MGMT-JUMPBOX-01","any","snmp-base","application-default","Allow","none","","any"
"1588","STD_POS_TO_DMZ_739","Shared","standard","universal","pos","VOIP-PBX-01","any","any","dmz","API-GATEWAY-01","any","dns","application-default","Allow","strict","","any"
"1589","REMOTE_ACCESS_16","Shared","remote-support","universal","outside","any","any","any","iot","APP-SRV-01","any","teamviewer","application-default","Allow","none","","any"
"1590","STD_AD_TO_IOT_2235","Shared","app-team","universal","ad","IOT-GATEWAY-01","any","any","iot","DB-SRV-01","any","web-browsing","application-default","Allow","strict","","any"
"1591","SCOPED_NO_PROFILE_7","Shared","partner-integration","universal","outside","PARTNER-VENDOR-A","any","any","dmz","API-GATEWAY-01","any","ssl","application-default","Allow","none","","any"
"1592","STD_OUTSIDE_TO_INSIDE_605","Shared","app-team","universal","outside","any","any","any","inside","VOIP-PBX-01","any","ssl","application-default","Allow","strict","","any"
"1593","STD_POS_TO_SERVER_1977","Shared","standard","universal","pos","APP-SRV-01","any","any","server","API-GATEWAY-01","any","dns","application-default","Allow","strict","","any"
"1594","SCOPED_INTERNAL_IOT_TO_MGMT_16","Shared","standard","universal","iot","WORKSTATIONS-FLOOR1","any","any","mgmt","APP-SRV-01","any","sip","application-default","Allow","strict","","any"
"1595","STD_POS_TO_SERVER_534","Shared","standard","universal","pos","API-GATEWAY-01","any","any","server","WORKSTATIONS-FLOOR1","any","web-browsing","application-default","Allow","strict","","any"
"1596","STD_SERVER_TO_IOT_3503","Shared","app-team","universal","server","WEB-SRV-02","any","any","iot","APP-SRV-02","any","dns","application-default","Allow","none","","any"
"1597","SCOPED_INTERNAL_INSIDE_TO_IOT_71","Shared","standard","universal","inside","APP-SRV-01","any","any","iot","FILE-SRV-01","any","mqtt","application-default","Allow","strict","","any"
"1598","STD_VOIP_TO_AD_1663","Shared","none","universal","voip","MGMT-JUMPBOX-01","any","any","ad","DB-SRV-01","any","ping","application-default","Allow","none","","any"
"1599","STD_POS_TO_IOT_1217","Shared","app-team","universal","pos","APP-SRV-01","any","any","iot","WORKSTATIONS-FLOOR2","any","ping","application-default","Allow","strict","","any"
"1600","STD_AD_TO_POS_2577","Shared","none","universal","ad","APP-SRV-02","any","any","pos","VOIP-PBX-01","any","dns","application-default","Allow","strict","","any"
"1601","STD_DMZ_TO_VOIP_1248","Shared","standard","universal","dmz","DC-01","any","any","voip","DB-SRV-01","any","snmp-base","application-default","Allow","strict","","any"
"1602","STD_OUTSIDE_TO_INSIDE_3137","Shared","none","universal","outside","any","any","any","inside","APP-SRV-01","any","dns","application-default","Allow","none","","any"
"1603","STD_AD_TO_DMZ_2127","Shared","app-team","universal","ad","WORKSTATIONS-FLOOR2","any","any","dmz","WORKSTATIONS-FLOOR1","any","sip","application-default","Allow","none","","any"
"1604","IOT_TO_DC_0","Shared","ad-auth","universal","iot","any","any","any","ad","DOMAIN-CONTROLLERS-G","any","kerberos","application-default","Allow","none","","any"
"1605","STD_INSIDE_TO_OUTSIDE_3409","Shared","app-team","universal","inside","WORKSTATIONS-FLOOR2","any","any","outside","8.8.8.8/32","any","mqtt","application-default","Allow","none","","any"
"1606","STD_INSIDE_TO_AD_222","Shared","standard","universal","inside","VOIP-PBX-01","any","any","ad","APP-SRV-01","any","voip-generic","application-default","Allow","none","","any"
"1607","STD_OUTSIDE_TO_DMZ_2858","Shared","app-team","universal","outside","any","any","any","dmz","API-GATEWAY-01","any","ping","application-default","Allow","strict","","any"
"1608","STD_POS_TO_INSIDE_1774","Shared","app-team","universal","pos","DB-SRV-01","any","any","inside","APP-SRV-02","any","smtp","application-default","Allow","strict","","any"
"1609","STD_INSIDE_TO_IOT_1155","Shared","none","universal","inside","WORKSTATIONS-FLOOR1","any","any","iot","WORKSTATIONS-FLOOR2","any","dns","application-default","Allow","strict","","any"
"1610","TEMP_ACCESS_8","Shared","temp-poc","universal","outside","any","any","any","dmz","any","any","any","any","Allow","none","","any"
"1611","STD_SERVER_TO_OUTSIDE_394","Shared","standard","universal","server","WORKSTATIONS-FLOOR2","any","any","outside","9.9.9.9/32","any","mqtt","application-default","Allow","none","","any"
"1612","STD_OUTSIDE_TO_DMZ_3684","Shared","none","universal","outside","any","any","any","dmz","WORKSTATIONS-FLOOR1","any","voip-generic","application-default","Allow","strict","","any"
"1613","STD_POS_TO_AD_1225","Shared","app-team","universal","pos","DC-01","any","any","ad","APP-SRV-01","any","ssl","application-default","Allow","strict","","any"
"1614","DUPLICATE_NAME_TEST","Shared","none","universal","outside","any","any","any","dmz","WEB-SRV-01","any","ssl","application-default","Allow","strict","","any"
"1615","STD_VOIP_TO_SERVER_549","Shared","standard","universal","voip","MGMT-JUMPBOX-01","any","any","server","WEB-SRV-02","any","snmp-base","application-default","Allow","none","","any"
"1616","STD_VOIP_TO_SERVER_2170","Shared","standard","universal","voip","FILE-SRV-01","any","any","server","WEB-SRV-01","any","web-browsing","application-default","Allow","strict","","any"
"1617","REMOTE_ACCESS_14","Shared","remote-support","universal","outside","any","any","any","mgmt","FILE-SRV-01","any","splashtop","application-default","Allow","none","","any"
"1618","STD_INSIDE_TO_DMZ_1547","Shared","standard","universal","inside","DB-SRV-01","any","any","dmz","DC-01","any","dns","application-default","Allow","strict","","any"
"1619","[Disabled] OLD_DISABLED_11","Shared","none","universal","outside","any","any","any","server","FILE-SRV-01","any","any","any","Allow","none","","any"
"1620","STD_POS_TO_VOIP_1748","Shared","app-team","universal","pos","WORKSTATIONS-FLOOR1","any","any","voip","FILE-SRV-01","any","snmp-base","application-default","Allow","none","","any"
"1621","STD_INSIDE_TO_DMZ_1966","Shared","app-team","universal","inside","WEB-SRV-01","any","any","dmz","VOIP-PBX-01","any","web-browsing","application-default","Allow","none","","any"
"1622","STD_IOT_TO_DMZ_435","Shared","none","universal","iot","APP-SRV-02","any","any","dmz","WEB-SRV-01","any","web-browsing","application-default","Allow","strict","","any"
"1623","STD_OUTSIDE_TO_POS_594","Shared","none","universal","outside","any","any","any","pos","WORKSTATIONS-FLOOR2","any","snmp-base","application-default","Allow","strict","","any"
"1624","STD_DMZ_TO_SERVER_2364","Shared","app-team","universal","dmz","APP-SRV-01","any","any","server","WEB-SRV-02","any","smtp","application-default","Allow","none","","any"
"1625","BROAD_INTERNAL_SERVER_TO_IOT_34","Shared","internal","universal","server","any","any","any","iot","any","any","any","any","Allow","none","","any"
"1626","STD_VOIP_TO_DMZ_805","Shared","none","universal","voip","WEB-SRV-01","any","any","dmz","DB-SRV-01","any","ssl","application-default","Allow","none","","any"
"1627","STD_OUTSIDE_TO_VOIP_416","Shared","app-team","universal","outside","any","any","any","voip","VOIP-PBX-01","any","sip","application-default","Allow","none","","any"
"1628","STD_INSIDE_TO_VOIP_1423","Shared","app-team","universal","inside","APP-SRV-01","any","any","voip","APP-SRV-02","any","ping","application-default","Allow","strict","","any"
"1629","STD_INSIDE_TO_SERVER_2340","Shared","app-team","universal","inside","FILE-SRV-01","any","any","server","FILE-SRV-01","any","snmp-base","application-default","Allow","none","","any"
"1630","STD_VOIP_TO_INSIDE_2565","Shared","app-team","universal","voip","WEB-SRV-02","any","any","inside","APP-SRV-02","any","ping","application-default","Allow","strict","","any"
"1631","STD_VOIP_TO_POS_3139","Shared","app-team","universal","voip","VOIP-PBX-01","any","any","pos","FILE-SRV-01","any","sip","application-default","Allow","none","","any"
"1632","NEGATED_SINGLE_4","Shared","legacy","universal","any","[Negate]  203.0.4.0/24","any","any","mgmt","any","any","anydesk","application-default","Allow","none","","any"
"1633","LEGACY_PORT_24","Shared","legacy-port","universal","inside","any","any","any","pos","DC-02","any","any","tcp-5900","Allow","none","","any"
"1634","RISKY_OUTSIDE_TO_MGMT-JUMPBOX-01_41","Shared","remote-access","universal","outside","any","any","any","inside","MGMT-JUMPBOX-01","any","ldap","application-default","Allow","none","","any"
"1635","STD_AD_TO_MGMT_339","Shared","standard","universal","ad","MGMT-JUMPBOX-01","any","any","mgmt","WORKSTATIONS-FLOOR1","any","ntp","application-default","Allow","strict","","any"
"1636","STD_AD_TO_DMZ_781","Shared","app-team","universal","ad","API-GATEWAY-01","any","any","dmz","MGMT-JUMPBOX-01","any","ssl","application-default","Allow","strict","","any"
"1637","STD_MGMT_TO_SERVER_810","Shared","standard","universal","mgmt","APP-SRV-01","any","any","server","APP-SRV-02","any","dns","application-default","Allow","strict","","any"
"1638","OPEN_OUTSIDE_TO_WEB-SERVERS-G_145","Shared","none","universal","outside","any","any","any","pos","WEB-SERVERS-G","any","postgres","any","Allow","none","","any"
"1639","STD_AD_TO_MGMT_2039","Shared","app-team","universal","ad","APP-SRV-01","any","any","mgmt","APP-SRV-01","any","mqtt","application-default","Allow","strict","","any"
"1640","STD_INSIDE_TO_POS_1672","Shared","app-team","universal","inside","FILE-SRV-01","any","any","pos","VOIP-PBX-01","any","dns","application-default","Allow","none","","any"
"1641","OPEN_OUTSIDE_TO_CRITICAL-INFRA-G_8","Shared","none","universal","outside","any","any","any","dmz","CRITICAL-INFRA-G","any","mysql","any","Allow","none","","any"
"1642","STD_OUTSIDE_TO_POS_409","Shared","app-team","universal","outside","any","any","any","pos","WEB-SRV-02","any","smtp","application-default","Allow","none","","any"
"1643","BROAD_INTERNAL_VOIP_TO_POS_12","Shared","internal","universal","voip","any","any","any","pos","any","any","any","any","Allow","none","","any"
"1644","OUTBOUND_SCOPED_32","Shared","outbound-standard","universal","inside","WORKSTATIONS-FLOOR1","any","any","outside","203.184.157.146/32","any","web-browsing","application-default","Allow","strict","","any"
"1645","STD_DMZ_TO_INSIDE_164","Shared","standard","universal","dmz","WEB-SRV-01","any","any","inside","FILE-SRV-01","any","ping","application-default","Allow","strict","","any"
"1646","STD_VOIP_TO_SERVER_2380","Shared","standard","universal","voip","FILE-SRV-01","any","any","server","WORKSTATIONS-FLOOR2","any","smtp","application-default","Allow","strict","","any"
"1647","STD_AD_TO_SERVER_1508","Shared","standard","universal","ad","WORKSTATIONS-FLOOR2","any","any","server","VOIP-PBX-01","any","sip","application-default","Allow","strict","","any"
"1648","STD_OUTSIDE_TO_SERVER_638","Shared","app-team","universal","outside","any","any","any","server","APP-SRV-02","any","voip-generic","application-default","Allow","strict","","any"
"1649","STD_AD_TO_DMZ_2040","Shared","none","universal","ad","WORKSTATIONS-FLOOR1","any","any","dmz","DB-SRV-01","any","web-browsing","application-default","Allow","none","","any"
"1650","STD_VOIP_TO_IOT_2402","Shared","none","universal","voip","MGMT-JUMPBOX-01","any","any","iot","MGMT-JUMPBOX-01","any","ssl","application-default","Allow","strict","","any"
"1651","STD_AD_TO_IOT_307","Shared","standard","universal","ad","WORKSTATIONS-FLOOR2","any","any","iot","MGMT-JUMPBOX-01","any","sip","application-default","Allow","none","","any"
"1652","STD_OUTSIDE_TO_AD_2060","Shared","app-team","universal","outside","any","any","any","ad","WEB-SRV-02","any","voip-generic","application-default","Allow","strict","","any"
"1653","STD_INSIDE_TO_MGMT_2573","Shared","standard","universal","inside","IOT-GATEWAY-01","any","any","mgmt","API-GATEWAY-01","any","ping","application-default","Allow","none","","any"
"1654","STD_POS_TO_VOIP_1970","Shared","app-team","universal","pos","MGMT-JUMPBOX-01","any","any","voip","WEB-SRV-01","any","dns","application-default","Allow","none","","any"
"1655","STD_VOIP_TO_OUTSIDE_1581","Shared","app-team","universal","voip","DC-01","any","any","outside","1.1.1.1/32","any","web-browsing","application-default","Allow","strict","","any"
"1656","STD_SERVER_TO_VOIP_3785","Shared","none","universal","server","DC-01","any","any","voip","APP-SRV-01","any","snmp-base","application-default","Allow","none","","any"
"1657","STD_POS_TO_VOIP_850","Shared","standard","universal","pos","DC-01","any","any","voip","APP-SRV-01","any","ping","application-default","Allow","strict","","any"
"1658","STD_AD_TO_DMZ_2052","Shared","standard","universal","ad","FILE-SRV-01","any","any","dmz","DB-SRV-01","any","smtp","application-default","Allow","strict","","any"
"1659","STD_IOT_TO_POS_3579","Shared","app-team","universal","iot","WEB-SRV-02","any","any","pos","FILE-SRV-01","any","web-browsing","application-default","Allow","none","","any"
"1660","STD_OUTSIDE_TO_INSIDE_1865","Shared","app-team","universal","outside","any","any","any","inside","FILE-SRV-01","any","dns","application-default","Allow","strict","","any"
"1661","STD_MGMT_TO_DMZ_746","Shared","standard","universal","mgmt","DB-SRV-01","any","any","dmz","MGMT-JUMPBOX-01","any","dns","application-default","Allow","strict","","any"
"1662","STD_MGMT_TO_POS_2935","Shared","app-team","universal","mgmt","WEB-SRV-02","any","any","pos","WORKSTATIONS-FLOOR2","any","sip","application-default","Allow","strict","","any"
"1663","DNS_OUTBOUND_26","Shared","none","universal","inside","MGMT-JUMPBOX-01","any","any","outside","9.9.9.9/32","any","any","tcp-853","Allow","strict","","any"
"1664","STD_VOIP_TO_AD_2290","Shared","standard","universal","voip","WORKSTATIONS-FLOOR2","any","any","ad","APP-SRV-01","any","web-browsing","application-default","Allow","strict","","any"
"1665","STD_POS_TO_INSIDE_500","Shared","app-team","universal","pos","WORKSTATIONS-FLOOR2","any","any","inside","WEB-SRV-02","any","ping","application-default","Allow","none","","any"
"1666","STD_IOT_TO_INSIDE_2268","Shared","app-team","universal","iot","WEB-SRV-01","any","any","inside","WEB-SRV-01","any","voip-generic","application-default","Allow","none","","any"
"1667","STD_VOIP_TO_OUTSIDE_2447","Shared","app-team","universal","voip","VOIP-PBX-01","any","any","outside","8.8.8.8/32","any","snmp-base","application-default","Allow","strict","","any"
"1668","STD_POS_TO_INSIDE_1887","Shared","standard","universal","pos","WEB-SRV-02","any","any","inside","WORKSTATIONS-FLOOR2","any","dns","application-default","Allow","strict","","any"
"1669","STD_VOIP_TO_IOT_3251","Shared","app-team","universal","voip","API-GATEWAY-01","any","any","iot","WEB-SRV-01","any","web-browsing","application-default","Allow","strict","","any"
"1670","STD_AD_TO_VOIP_3173","Shared","standard","universal","ad","API-GATEWAY-01","any","any","voip","WORKSTATIONS-FLOOR1","any","ping","application-default","Allow","strict","","any"
"1671","REMOTE_ACCESS_15","Shared","remote-support","universal","outside","any","any","any","pos","APP-SRV-01","any","splashtop","application-default","Allow","none","","any"
"1672","RISKY_OUTSIDE_TO_DC-01_110","Shared","remote-access","universal","outside","any","any","any","mgmt","DC-01","any","logmein","application-default","Allow","none","","any"
"1673","VOIP_TO_DC_59","Shared","ad-auth","universal","voip","WORKSTATIONS-FLOOR1","any","any","ad","DOMAIN-CONTROLLERS-G","any","ms-ds-smb","application-default","Allow","none","","any"
"1674","STD_AD_TO_POS_1602","Shared","standard","universal","ad","DB-SRV-01","any","any","pos","FILE-SRV-01","any","mqtt","application-default","Allow","strict","","any"
"1675","STD_VOIP_TO_IOT_370","Shared","app-team","universal","voip","WEB-SRV-01","any","any","iot","DB-SRV-01","any","sip","application-default","Allow","none","","any"
"1676","STD_INSIDE_TO_OUTSIDE_2628","Shared","standard","universal","inside","IOT-GATEWAY-01","any","any","outside","8.8.8.8/32","any","ssl","application-default","Allow","strict","","any"
"1677","LEGACY_PORT_10","Shared","legacy-port","universal","inside","any","any","any","voip","APP-SRV-01","any","any","tcp-8080","Allow","none","","any"
"1678","STD_INSIDE_TO_IOT_758","Shared","app-team","universal","inside","WORKSTATIONS-FLOOR2","any","any","iot","APP-SRV-01","any","sip","application-default","Allow","strict","","any"
"1679","STD_MGMT_TO_INSIDE_2142","Shared","standard","universal","mgmt","API-GATEWAY-01","any","any","inside","API-GATEWAY-01","any","voip-generic","application-default","Allow","strict","","any"
"1680","RISKY_OUTSIDE_TO_MGMT-JUMPBOX-01_76","Shared","remote-access","universal","outside","any","any","any","server","MGMT-JUMPBOX-01","any","ldap","application-default","Allow","none","","any"
"1681","STD_IOT_TO_OUTSIDE_3526","Shared","app-team","universal","iot","APP-SRV-02","any","any","outside","9.9.9.9/32","any","ssl","application-default","Allow","strict","","any"
"1682","RISKY_OUTSIDE_TO_APP-SRV-02_94","Shared","remote-access","universal","outside","any","any","any","pos","APP-SRV-02","any","kerberos","application-default","Allow","none","","any"
"1683","STD_VOIP_TO_MGMT_2968","Shared","standard","universal","voip","MGMT-JUMPBOX-01","any","any","mgmt","DC-01","any","sip","application-default","Allow","none","","any"
"1684","STD_OUTSIDE_TO_AD_1470","Shared","none","universal","outside","any","any","any","ad","FILE-SRV-01","any","smtp","application-default","Allow","strict","","any"
"1685","STD_MGMT_TO_OUTSIDE_2482","Shared","standard","universal","mgmt","WORKSTATIONS-FLOOR1","any","any","outside","8.8.8.8/32","any","ping","application-default","Allow","strict","","any"
"1686","STD_POS_TO_OUTSIDE_924","Shared","standard","universal","pos","DB-SRV-01","any","any","outside","8.8.8.8/32","any","ssl","application-default","Allow","none","","any"
"1687","STD_OUTSIDE_TO_POS_459","Shared","none","universal","outside","any","any","any","pos","API-GATEWAY-01","any","mqtt","application-default","Allow","strict","","any"
"1688","DNS_OUTBOUND_17","Shared","none","universal","server","MGMT-JUMPBOX-01","any","any","outside","9.9.9.9/32","any","dns","tcp-853","Allow","strict","","any"
"1689","STD_DMZ_TO_POS_623","Shared","none","universal","dmz","DB-SRV-01","any","any","pos","MGMT-JUMPBOX-01","any","dns","application-default","Allow","none","","any"
"1690","STD_MGMT_TO_DMZ_796","Shared","none","universal","mgmt","APP-SRV-01","any","any","dmz","API-GATEWAY-01","any","snmp-base","application-default","Allow","none","","any"
"1691","STD_MGMT_TO_AD_3108","Shared","none","universal","mgmt","VOIP-PBX-01","any","any","ad","FILE-SRV-01","any","sip","application-default","Allow","none","","any"
"1692","STD_AD_TO_POS_1649","Shared","standard","universal","ad","APP-SRV-02","any","any","pos","API-GATEWAY-01","any","sip","application-default","Allow","strict","","any"
"1693","OPEN_OUTSIDE_TO_APP-SERVERS-G_129","Shared","none","universal","outside","any","any","any","mgmt","APP-SERVERS-G","any","splashtop","any","Allow","none","","any"
"1694","STD_AD_TO_POS_2789","Shared","none","universal","ad","WORKSTATIONS-FLOOR1","any","any","pos","WORKSTATIONS-FLOOR1","any","ssl","application-default","Allow","strict","","any"
"1695","STD_AD_TO_SERVER_2460","Shared","none","universal","ad","FILE-SRV-01","any","any","server","API-GATEWAY-01","any","sip","application-default","Allow","strict","","any"
"1696","STD_AD_TO_SERVER_1238","Shared","none","universal","ad","DB-SRV-01","any","any","server","APP-SRV-02","any","smtp","application-default","Allow","none","","any"
"1697","STD_DMZ_TO_POS_2933","Shared","app-team","universal","dmz","DC-01","any","any","pos","FILE-SRV-01","any","web-browsing","application-default","Allow","strict","","any"
"1698","STD_POS_TO_IOT_1683","Shared","none","universal","pos","WORKSTATIONS-FLOOR1","any","any","iot","WEB-SRV-02","any","sip","application-default","Allow","none","","any"
"1699","STD_POS_TO_IOT_1081","Shared","none","universal","pos","APP-SRV-01","any","any","iot","FILE-SRV-01","any","voip-generic","application-default","Allow","strict","","any"
"1700","STD_AD_TO_INSIDE_1197","Shared","standard","universal","ad","IOT-GATEWAY-01","any","any","inside","DC-01","any","sip","application-default","Allow","strict","","any"
"1701","STD_AD_TO_DMZ_1462","Shared","standard","universal","ad","WEB-SRV-02","any","any","dmz","WORKSTATIONS-FLOOR2","any","dns","application-default","Allow","strict","","any"
"1702","STD_IOT_TO_AD_2185","Shared","none","universal","iot","DC-01","any","any","ad","APP-SRV-01","any","snmp-base","application-default","Allow","none","","any"
"1703","STD_SERVER_TO_IOT_1946","Shared","standard","universal","server","WEB-SRV-02","any","any","iot","DC-01","any","smtp","application-default","Allow","none","","any"
"1704","STD_POS_TO_DMZ_800","Shared","standard","universal","pos","WORKSTATIONS-FLOOR1","any","any","dmz","API-GATEWAY-01","any","ntp","application-default","Allow","strict","","any"
"1705","OPEN_OUTSIDE_TO_WEB-SERVERS-G_38","Shared","none","universal","outside","any","any","any","pos","WEB-SERVERS-G","any","ms-ds-smb","application-default","Allow","none","","any"
"1706","STD_MGMT_TO_SERVER_1958","Shared","standard","universal","mgmt","WORKSTATIONS-FLOOR1","any","any","server","MGMT-JUMPBOX-01","any","sip","application-default","Allow","none","","any"
"1707","STD_MGMT_TO_IOT_247","Shared","standard","universal","mgmt","WEB-SRV-01","any","any","iot","WEB-SRV-02","any","ssl","application-default","Allow","none","","any"
"1708","OPEN_OUTSIDE_TO_CRITICAL-INFRA-G_115","Shared","legacy-open","universal","outside","any","any","any","dmz","CRITICAL-INFRA-G","any","splashtop","application-default","Allow","none","","any"
"1709","STD_OUTSIDE_TO_DMZ_2550","Shared","standard","universal","outside","any","any","any","dmz","WEB-SRV-02","any","snmp-base","application-default","Allow","strict","","any"
"1710","STD_IOT_TO_DMZ_1417","Shared","standard","universal","iot","DB-SRV-01","any","any","dmz","APP-SRV-02","any","web-browsing","application-default","Allow","strict","","any"
"1711","STD_SERVER_TO_POS_3884","Shared","app-team","universal","server","FILE-SRV-01","any","any","pos","IOT-GATEWAY-01","any","voip-generic","application-default","Allow","none","","any"
"1712","STD_IOT_TO_INSIDE_3190","Shared","app-team","universal","iot","APP-SRV-01","any","any","inside","VOIP-PBX-01","any","ssl","application-default","Allow","strict","","any"
"1713","STD_AD_TO_VOIP_3435","Shared","none","universal","ad","WEB-SRV-01","any","any","voip","WORKSTATIONS-FLOOR2","any","ntp","application-default","Allow","none","","any"
"1714","STD_VOIP_TO_AD_3009","Shared","none","universal","voip","WORKSTATIONS-FLOOR1","any","any","ad","API-GATEWAY-01","any","ntp","application-default","Allow","none","","any"
"1715","STD_OUTSIDE_TO_AD_3550","Shared","app-team","universal","outside","any","any","any","ad","MGMT-JUMPBOX-01","any","smtp","application-default","Allow","strict","","any"
"1716","STD_MGMT_TO_IOT_509","Shared","standard","universal","mgmt","VOIP-PBX-01","any","any","iot","WORKSTATIONS-FLOOR1","any","smtp","application-default","Allow","strict","","any"
"1717","STD_INSIDE_TO_IOT_3665","Shared","none","universal","inside","VOIP-PBX-01","any","any","iot","APP-SRV-01","any","snmp-base","application-default","Allow","strict","","any"
"1718","STD_AD_TO_IOT_3542","Shared","none","universal","ad","DB-SRV-01","any","any","iot","API-GATEWAY-01","any","mqtt","application-default","Allow","strict","","any"
"1719","STD_OUTSIDE_TO_VOIP_972","Shared","none","universal","outside","any","any","any","voip","APP-SRV-02","any","mqtt","application-default","Allow","strict","","any"
"1720","STD_AD_TO_POS_2838","Shared","app-team","universal","ad","IOT-GATEWAY-01","any","any","pos","WORKSTATIONS-FLOOR1","any","web-browsing","application-default","Allow","strict","","any"
"1721","STD_SERVER_TO_AD_555","Shared","none","universal","server","WEB-SRV-01","any","any","ad","WEB-SRV-01","any","voip-generic","application-default","Allow","strict","","any"
"1722","STD_MGMT_TO_POS_2715","Shared","none","universal","mgmt","VOIP-PBX-01","any","any","pos","WEB-SRV-02","any","snmp-base","application-default","Allow","strict","","any"
"1723","NEGATED_SINGLE_6","Shared","legacy","universal","any","[Negate]  203.0.6.0/24","any","any","mgmt","any","any","anydesk","application-default","Allow","none","","any"
"1724","STD_POS_TO_MGMT_1862","Shared","app-team","universal","pos","VOIP-PBX-01","any","any","mgmt","MGMT-JUMPBOX-01","any","voip-generic","application-default","Allow","none","","any"
"1725","STD_SERVER_TO_AD_1732","Shared","none","universal","server","WEB-SRV-02","any","any","ad","FILE-SRV-01","any","ping","application-default","Allow","none","","any"
"1726","STD_POS_TO_MGMT_3598","Shared","none","universal","pos","DC-01","any","any","mgmt","WORKSTATIONS-FLOOR2","any","ntp","application-default","Allow","strict","","any"
"1727","STD_SERVER_TO_POS_1607","Shared","none","universal","server","APP-SRV-01","any","any","pos","DC-01","any","ssl","application-default","Allow","strict","","any"
"1728","BROAD_INTERNAL_POS_TO_IOT_60","Shared","internal","universal","pos","any","any","any","iot","any","any","any","any","Allow","none","","any"
"1729","STD_SERVER_TO_IOT_414","Shared","standard","universal","server","API-GATEWAY-01","any","any","iot","WEB-SRV-02","any","smtp","application-default","Allow","strict","","any"
"1730","STD_IOT_TO_OUTSIDE_69","Shared","standard","universal","iot","APP-SRV-02","any","any","outside","8.8.8.8/32","any","ssl","application-default","Allow","strict","","any"
"1731","STD_SERVER_TO_INSIDE_3631","Shared","standard","universal","server","WEB-SRV-02","any","any","inside","DB-SRV-01","any","web-browsing","application-default","Allow","strict","","any"
"1732","STD_VOIP_TO_POS_1936","Shared","standard","universal","voip","MGMT-JUMPBOX-01","any","any","pos","WORKSTATIONS-FLOOR2","any","web-browsing","application-default","Allow","strict","","any"
"1733","STD_DMZ_TO_POS_3389","Shared","app-team","universal","dmz","IOT-GATEWAY-01","any","any","pos","WORKSTATIONS-FLOOR1","any","ssl","application-default","Allow","none","","any"
"1734","STD_IOT_TO_VOIP_3636","Shared","app-team","universal","iot","WORKSTATIONS-FLOOR1","any","any","voip","WORKSTATIONS-FLOOR1","any","ping","application-default","Allow","none","","any"
"1735","OPEN_OUTSIDE_TO_APP-SERVERS-G_95","Shared","none","universal","outside","any","any","any","dmz","APP-SERVERS-G","any","teamviewer","any","Allow","none","","any"
"1736","STD_MGMT_TO_OUTSIDE_3058","Shared","standard","universal","mgmt","APP-SRV-01","any","any","outside","1.1.1.1/32","any","ntp","application-default","Allow","strict","","any"
"1737","STD_INSIDE_TO_DMZ_3213","Shared","none","universal","inside","FILE-SRV-01","any","any","dmz","VOIP-PBX-01","any","voip-generic","application-default","Allow","strict","","any"
"1738","STD_OUTSIDE_TO_VOIP_3728","Shared","standard","universal","outside","any","any","any","voip","FILE-SRV-01","any","mqtt","application-default","Allow","none","","any"
"1739","STD_POS_TO_AD_2121","Shared","app-team","universal","pos","APP-SRV-02","any","any","ad","WORKSTATIONS-FLOOR1","any","ssl","application-default","Allow","none","","any"
"1740","STD_OUTSIDE_TO_DMZ_387","Shared","app-team","universal","outside","any","any","any","dmz","FILE-SRV-01","any","voip-generic","application-default","Allow","strict","","any"
"1741","STD_IOT_TO_POS_3573","Shared","app-team","universal","iot","FILE-SRV-01","any","any","pos","MGMT-JUMPBOX-01","any","voip-generic","application-default","Allow","strict","","any"
"1742","STD_OUTSIDE_TO_DMZ_3855","Shared","app-team","universal","outside","any","any","any","dmz","VOIP-PBX-01","any","mqtt","application-default","Allow","strict","","any"
"1743","STD_INSIDE_TO_VOIP_165","Shared","app-team","universal","inside","VOIP-PBX-01","any","any","voip","WEB-SRV-01","any","ssl","application-default","Allow","strict","","any"
"1744","STD_IOT_TO_INSIDE_2406","Shared","standard","universal","iot","API-GATEWAY-01","any","any","inside","WEB-SRV-02","any","snmp-base","application-default","Allow","strict","","any"
"1745","STD_INSIDE_TO_SERVER_676","Shared","none","universal","inside","APP-SRV-01","any","any","server","WORKSTATIONS-FLOOR2","any","sip","application-default","Allow","none","","any"
"1746","STD_IOT_TO_SERVER_1886","Shared","standard","universal","iot","APP-SRV-01","any","any","server","IOT-GATEWAY-01","any","mqtt","application-default","Allow","strict","","any"
"1747","STD_MGMT_TO_IOT_2453","Shared","none","universal","mgmt","WORKSTATIONS-FLOOR2","any","any","iot","MGMT-JUMPBOX-01","any","smtp","application-default","Allow","strict","","any"
"1748","STD_SERVER_TO_MGMT_2210","Shared","none","universal","server","DC-01","any","any","mgmt","IOT-GATEWAY-01","any","dns","application-default","Allow","strict","","any"
"1749","STD_DMZ_TO_POS_548","Shared","none","universal","dmz","WORKSTATIONS-FLOOR2","any","any","pos","APP-SRV-01","any","ssl","application-default","Allow","strict","","any"
"1750","OUTBOUND_SCOPED_6","Shared","outbound-standard","universal","mgmt","MGMT-JUMPBOX-01","any","any","outside","91.54.197.5/32","any","smtp","application-default","Allow","strict","","any"
"1751","STD_VOIP_TO_SERVER_819","Shared","app-team","universal","voip","DC-01","any","any","server","DC-01","any","ssl","application-default","Allow","strict","","any"
"1752","STD_POS_TO_OUTSIDE_3205","Shared","none","universal","pos","WEB-SRV-02","any","any","outside","9.9.9.9/32","any","mqtt","application-default","Allow","strict","","any"
"1753","STD_INSIDE_TO_VOIP_1720","Shared","standard","universal","inside","WORKSTATIONS-FLOOR1","any","any","voip","APP-SRV-02","any","ntp","application-default","Allow","strict","","any"
"1754","STD_VOIP_TO_AD_2002","Shared","standard","universal","voip","VOIP-PBX-01","any","any","ad","FILE-SRV-01","any","web-browsing","application-default","Allow","strict","","any"
"1755","STD_DMZ_TO_AD_1856","Shared","none","universal","dmz","IOT-GATEWAY-01","any","any","ad","WORKSTATIONS-FLOOR2","any","voip-generic","application-default","Allow","strict","","any"
"1756","STD_IOT_TO_DMZ_465","Shared","standard","universal","iot","DC-01","any","any","dmz","API-GATEWAY-01","any","ping","application-default","Allow","strict","","any"
"1757","STD_INSIDE_TO_VOIP_2074","Shared","app-team","universal","inside","APP-SRV-02","any","any","voip","DB-SRV-01","any","sip","application-default","Allow","strict","","any"
"1758","STD_INSIDE_TO_VOIP_3737","Shared","standard","universal","inside","WEB-SRV-01","any","any","voip","DC-01","any","snmp-base","application-default","Allow","strict","","any"
"1759","STD_AD_TO_OUTSIDE_1897","Shared","none","universal","ad","MGMT-JUMPBOX-01","any","any","outside","8.8.8.8/32","any","web-browsing","application-default","Allow","none","","any"
"1760","STD_SERVER_TO_INSIDE_348","Shared","none","universal","server","FILE-SRV-01","any","any","inside","DC-01","any","sip","application-default","Allow","none","","any"
"1761","STD_VOIP_TO_MGMT_2083","Shared","standard","universal","voip","API-GATEWAY-01","any","any","mgmt","APP-SRV-02","any","ssl","application-default","Allow","none","","any"
"1762","STD_SERVER_TO_POS_2384","Shared","standard","universal","server","IOT-GATEWAY-01","any","any","pos","WEB-SRV-01","any","web-browsing","application-default","Allow","none","","any"
"1763","STD_AD_TO_INSIDE_1973","Shared","none","universal","ad","FILE-SRV-01","any","any","inside","VOIP-PBX-01","any","mqtt","application-default","Allow","strict","","any"
"1764","STD_SERVER_TO_POS_2126","Shared","none","universal","server","VOIP-PBX-01","any","any","pos","FILE-SRV-01","any","dns","application-default","Allow","strict","","any"
"1765","STD_INSIDE_TO_SERVER_2606","Shared","standard","universal","inside","FILE-SRV-01","any","any","server","WORKSTATIONS-FLOOR1","any","dns","application-default","Allow","strict","","any"
"1766","STD_OUTSIDE_TO_DMZ_249","Shared","app-team","universal","outside","any","any","any","dmz","IOT-GATEWAY-01","any","ping","application-default","Allow","strict","","any"
"1767","STD_VOIP_TO_AD_845","Shared","none","universal","voip","API-GATEWAY-01","any","any","ad","DB-SRV-01","any","smtp","application-default","Allow","strict","","any"
"1768","STD_POS_TO_DMZ_2989","Shared","app-team","universal","pos","MGMT-JUMPBOX-01","any","any","dmz","WEB-SRV-02","any","snmp-base","application-default","Allow","strict","","any"
"1769","STD_OUTSIDE_TO_DMZ_179","Shared","none","universal","outside","any","any","any","dmz","APP-SRV-01","any","snmp-base","application-default","Allow","none","","any"
"1770","STD_IOT_TO_OUTSIDE_2245","Shared","standard","universal","iot","WEB-SRV-02","any","any","outside","8.8.8.8/32","any","ping","application-default","Allow","strict","","any"
"1771","STD_DMZ_TO_SERVER_884","Shared","none","universal","dmz","WEB-SRV-02","any","any","server","WORKSTATIONS-FLOOR2","any","snmp-base","application-default","Allow","strict","","any"
"1772","OUTBOUND_OPEN_48","Shared","legacy-open","universal","voip","any","any","any","outside","any","any","any","any","Allow","none","","any"
"1773","STD_IOT_TO_DMZ_1140","Shared","app-team","universal","iot","WEB-SRV-02","any","any","dmz","WEB-SRV-02","any","smtp","application-default","Allow","none","","any"
"1774","STD_MGMT_TO_IOT_687","Shared","app-team","universal","mgmt","DC-01","any","any","iot","WORKSTATIONS-FLOOR2","any","mqtt","application-default","Allow","strict","","any"
"1775","SCOPED_INTERNAL_IOT_TO_AD_75","Shared","standard","universal","iot","MGMT-JUMPBOX-01","any","any","ad","DB-SRV-01","any","sip","application-default","Allow","strict","","any"
"1776","STD_MGMT_TO_VOIP_3953","Shared","app-team","universal","mgmt","API-GATEWAY-01","any","any","voip","APP-SRV-02","any","sip","application-default","Allow","none","","any"
"1777","STD_VOIP_TO_POS_2527","Shared","standard","universal","voip","MGMT-JUMPBOX-01","any","any","pos","APP-SRV-02","any","ping","application-default","Allow","none","","any"
"1778","STD_AD_TO_POS_3680","Shared","none","universal","ad","IOT-GATEWAY-01","any","any","pos","APP-SRV-02","any","sip","application-default","Allow","strict","","any"
"1779","RISKY_OUTSIDE_TO_APP-SRV-02_28","Shared","remote-access","universal","outside","any","any","any","voip","APP-SRV-02","any","ms-rdp","application-default","Allow","none","","any"
"1780","STD_VOIP_TO_AD_1803","Shared","standard","universal","voip","VOIP-PBX-01","any","any","ad","APP-SRV-01","any","ssl","application-default","Allow","strict","","any"
"1781","STD_OUTSIDE_TO_INSIDE_627","Shared","none","universal","outside","any","any","any","inside","IOT-GATEWAY-01","any","mqtt","application-default","Allow","strict","","any"
"1782","STD_VOIP_TO_AD_2446","Shared","app-team","universal","voip","IOT-GATEWAY-01","any","any","ad","WORKSTATIONS-FLOOR1","any","mqtt","application-default","Allow","none","","any"
"1783","STD_INSIDE_TO_IOT_2994","Shared","none","universal","inside","IOT-GATEWAY-01","any","any","iot","DC-01","any","ssl","application-default","Allow","none","","any"
"1784","STD_AD_TO_DMZ_3340","Shared","app-team","universal","ad","VOIP-PBX-01","any","any","dmz","WEB-SRV-02","any","dns","application-default","Allow","strict","","any"
"1785","STD_OUTSIDE_TO_IOT_2207","Shared","none","universal","outside","any","any","any","iot","FILE-SRV-01","any","dns","application-default","Allow","none","","any"
"1786","STD_MGMT_TO_SERVER_3423","Shared","none","universal","mgmt","API-GATEWAY-01","any","any","server","WORKSTATIONS-FLOOR2","any","web-browsing","application-default","Allow","strict","","any"
"1787","STD_VOIP_TO_SERVER_1266","Shared","none","universal","voip","IOT-GATEWAY-01","any","any","server","WORKSTATIONS-FLOOR1","any","voip-generic","application-default","Allow","strict","","any"
"1788","STD_SERVER_TO_POS_654","Shared","none","universal","server","IOT-GATEWAY-01","any","any","pos","API-GATEWAY-01","any","ssl","application-default","Allow","strict","","any"
"1789","STD_DMZ_TO_SERVER_483","Shared","standard","universal","dmz","APP-SRV-02","any","any","server","MGMT-JUMPBOX-01","any","web-browsing","application-default","Allow","strict","","any"
"1790","SCOPED_INTERNAL_MGMT_TO_INSIDE_40","Shared","standard","universal","mgmt","APP-SRV-01","any","any","inside","FILE-SRV-01","any","ping","application-default","Allow","strict","","any"
"1791","STD_AD_TO_OUTSIDE_3706","Shared","none","universal","ad","WORKSTATIONS-FLOOR2","any","any","outside","8.8.8.8/32","any","smtp","application-default","Allow","strict","","any"
"1792","STD_AD_TO_DMZ_2004","Shared","none","universal","ad","WEB-SRV-01","any","any","dmz","APP-SRV-01","any","snmp-base","application-default","Allow","strict","","any"
"1793","BROAD_INTERNAL_INSIDE_TO_AD_44","Shared","internal","universal","inside","any","any","any","ad","any","any","any","any","Allow","none","","any"
"1794","STD_OUTSIDE_TO_IOT_3713","Shared","app-team","universal","outside","any","any","any","iot","MGMT-JUMPBOX-01","any","web-browsing","application-default","Allow","none","","any"
"1795","LEGACY_PORT_19","Shared","legacy-port","universal","outside","any","any","any","pos","APP-SRV-01","any","any","tcp-23","Allow","none","","any"
"1796","STD_DMZ_TO_SERVER_521","Shared","app-team","universal","dmz","VOIP-PBX-01","any","any","server","MGMT-JUMPBOX-01","any","ping","application-default","Allow","strict","","any"
"1797","STD_OUTSIDE_TO_DMZ_2261","Shared","app-team","universal","outside","any","any","any","dmz","IOT-GATEWAY-01","any","ssl","application-default","Allow","none","","any"
"1798","SCOPED_PARTNER_TO_WEB-SRV-02_34","Shared","partner-integration","universal","outside","PARTNER-VENDOR-B","any","any","dmz","WEB-SRV-02","any","ssl","application-default","Allow","strict","","any"
"1799","STD_AD_TO_POS_1793","Shared","app-team","universal","ad","APP-SRV-02","any","any","pos","API-GATEWAY-01","any","sip","application-default","Allow","none","","any"
"1800","OUTBOUND_SCOPED_15","Shared","outbound-standard","universal","server","APP-SRV-01","any","any","outside","VPN-CLIENT-RANGE","any","web-browsing","application-default","Allow","strict","","any"
"1801","OUTBOUND_OPEN_46","Shared","legacy-open","universal","server","any","any","any","outside","any","any","any","any","Allow","none","","any"
"1802","STD_MGMT_TO_OUTSIDE_1702","Shared","app-team","universal","mgmt","WEB-SRV-02","any","any","outside","1.1.1.1/32","any","mqtt","application-default","Allow","strict","","any"
"1803","STD_VOIP_TO_DMZ_453","Shared","standard","universal","voip","API-GATEWAY-01","any","any","dmz","WEB-SRV-01","any","mqtt","application-default","Allow","none","","any"
"1804","STD_IOT_TO_AD_1637","Shared","app-team","universal","iot","WEB-SRV-01","any","any","ad","DC-01","any","snmp-base","application-default","Allow","strict","","any"
"1805","DNS_OUTBOUND_7","Shared","none","universal","inside","WORKSTATIONS-FLOOR1","any","any","outside","1.1.1.1/32","any","any","application-default","Allow","none","","any"
"1806","STD_SERVER_TO_OUTSIDE_2873","Shared","app-team","universal","server","APP-SRV-02","any","any","outside","8.8.8.8/32","any","sip","application-default","Allow","none","","any"
"1807","STD_VOIP_TO_SERVER_1861","Shared","standard","universal","voip","APP-SRV-01","any","any","server","APP-SRV-01","any","ssl","application-default","Allow","strict","","any"
"1808","STD_SERVER_TO_OUTSIDE_3794","Shared","none","universal","server","DB-SRV-01","any","any","outside","1.1.1.1/32","any","web-browsing","application-default","Allow","strict","","any"
"1809","CORP_TO_AD_22","Shared","admin-access","universal","inside","any","any","any","ad","any","any","any","application-default","Allow","none","","any"
"1810","STD_POS_TO_SERVER_3364","Shared","app-team","universal","pos","FILE-SRV-01","any","any","server","MGMT-JUMPBOX-01","any","dns","application-default","Allow","strict","","any"
"1811","SCOPED_INTERNAL_INSIDE_TO_MGMT_49","Shared","standard","universal","inside","APP-SRV-01","any","any","mgmt","DB-SRV-01","any","ping","application-default","Allow","strict","","any"
"1812","STD_POS_TO_SERVER_1626","Shared","app-team","universal","pos","APP-SRV-02","any","any","server","WORKSTATIONS-FLOOR2","any","snmp-base","application-default","Allow","none","","any"
"1813","STD_SERVER_TO_DMZ_1669","Shared","standard","universal","server","WEB-SRV-02","any","any","dmz","VOIP-PBX-01","any","ping","application-default","Allow","strict","","any"
"1814","RISKY_OUTSIDE_TO_APP-SRV-01_11","Shared","remote-access","universal","outside","any","any","any","server","APP-SRV-01","any","ldap","application-default","Allow","none","","any"
"1815","STD_SERVER_TO_POS_538","Shared","none","universal","server","WEB-SRV-01","any","any","pos","WORKSTATIONS-FLOOR1","any","mqtt","application-default","Allow","strict","","any"
"1816","STD_SERVER_TO_DMZ_2914","Shared","standard","universal","server","APP-SRV-02","any","any","dmz","WEB-SRV-02","any","smtp","application-default","Allow","none","","any"
"1817","SCOPED_INTERNAL_VOIP_TO_POS_1","Shared","standard","universal","voip","APP-SRV-01","any","any","pos","DB-SRV-01","any","web-browsing","application-default","Allow","strict","","any"
"1818","BROAD_INTERNAL_VOIP_TO_INSIDE_64","Shared","internal","universal","voip","any","any","any","inside","any","any","any","any","Allow","none","","any"
"1819","STD_IOT_TO_VOIP_3218","Shared","app-team","universal","iot","WEB-SRV-01","any","any","voip","FILE-SRV-01","any","voip-generic","application-default","Allow","none","","any"
"1820","NEGATED_SINGLE_3","Shared","legacy","universal","any","[Negate]  203.0.3.0/24","any","any","dmz","any","any","anydesk","application-default","Allow","none","","any"
"1821","STD_DMZ_TO_OUTSIDE_1985","Shared","app-team","universal","dmz","FILE-SRV-01","any","any","outside","1.1.1.1/32","any","snmp-base","application-default","Allow","strict","","any"
"1822","STD_DMZ_TO_MGMT_1765","Shared","none","universal","dmz","IOT-GATEWAY-01","any","any","mgmt","API-GATEWAY-01","any","voip-generic","application-default","Allow","strict","","any"
"1823","STD_SERVER_TO_INSIDE_3155","Shared","standard","universal","server","FILE-SRV-01","any","any","inside","APP-SRV-01","any","ssl","application-default","Allow","strict","","any"
"1824","DNS_OUTBOUND_12","Shared","none","universal","server","APP-SRV-01","any","any","outside","9.9.9.9/32","any","dns","tcp-853","Allow","none","","any"
"1825","STD_SERVER_TO_VOIP_2650","Shared","app-team","universal","server","FILE-SRV-01","any","any","voip","DC-01","any","mqtt","application-default","Allow","none","","any"
"1826","STD_SERVER_TO_DMZ_3438","Shared","none","universal","server","MGMT-JUMPBOX-01","any","any","dmz","DC-01","any","ntp","application-default","Allow","strict","","any"
"1827","STD_DMZ_TO_INSIDE_1930","Shared","standard","universal","dmz","APP-SRV-02","any","any","inside","DC-01","any","ntp","application-default","Allow","strict","","any"
"1828","STD_SERVER_TO_OUTSIDE_733","Shared","none","universal","server","DB-SRV-01","any","any","outside","1.1.1.1/32","any","ssl","application-default","Allow","strict","","any"
"1829","OUTBOUND_SCOPED_24","Shared","outbound-standard","universal","mgmt","MGMT-JUMPBOX-01","any","any","outside","VPN-CLIENT-RANGE","any","sip","application-default","Allow","strict","","any"
"1830","STD_MGMT_TO_IOT_1167","Shared","none","universal","mgmt","VOIP-PBX-01","any","any","iot","DB-SRV-01","any","ssl","application-default","Allow","strict","","any"
"1831","STD_AD_TO_POS_3924","Shared","standard","universal","ad","WORKSTATIONS-FLOOR2","any","any","pos","FILE-SRV-01","any","snmp-base","application-default","Allow","none","","any"
"1832","STD_SERVER_TO_IOT_1027","Shared","standard","universal","server","FILE-SRV-01","any","any","iot","WORKSTATIONS-FLOOR2","any","dns","application-default","Allow","strict","","any"
"1833","OUTBOUND_SCOPED_49","Shared","outbound-standard","universal","server","WORKSTATIONS-FLOOR1","any","any","outside","118.110.140.61/32","any","ntp","application-default","Allow","strict","","any"
"1834","STD_POS_TO_AD_2687","Shared","standard","universal","pos","WEB-SRV-02","any","any","ad","API-GATEWAY-01","any","sip","application-default","Allow","strict","","any"
"1835","STD_DMZ_TO_AD_1400","Shared","app-team","universal","dmz","FILE-SRV-01","any","any","ad","WORKSTATIONS-FLOOR1","any","web-browsing","application-default","Allow","strict","","any"
"1836","STD_MGMT_TO_INSIDE_579","Shared","app-team","universal","mgmt","WEB-SRV-01","any","any","inside","IOT-GATEWAY-01","any","web-browsing","application-default","Allow","none","","any"
"1837","STD_DMZ_TO_INSIDE_3432","Shared","standard","universal","dmz","APP-SRV-02","any","any","inside","MGMT-JUMPBOX-01","any","web-browsing","application-default","Allow","strict","","any"
"1838","STD_POS_TO_SERVER_2988","Shared","app-team","universal","pos","VOIP-PBX-01","any","any","server","MGMT-JUMPBOX-01","any","smtp","application-default","Allow","strict","","any"
"1839","STD_IOT_TO_MGMT_657","Shared","standard","universal","iot","APP-SRV-02","any","any","mgmt","WORKSTATIONS-FLOOR1","any","mqtt","application-default","Allow","none","","any"
"1840","STD_OUTSIDE_TO_DMZ_3395","Shared","standard","universal","outside","any","any","any","dmz","WEB-SRV-02","any","voip-generic","application-default","Allow","strict","","any"
"1841","STD_DMZ_TO_INSIDE_110","Shared","standard","universal","dmz","APP-SRV-01","any","any","inside","DC-01","any","smtp","application-default","Allow","none","","any"
"1842","STD_DMZ_TO_IOT_102","Shared","app-team","universal","dmz","DB-SRV-01","any","any","iot","API-GATEWAY-01","any","web-browsing","application-default","Allow","none","","any"
"1843","STD_INSIDE_TO_AD_3829","Shared","none","universal","inside","FILE-SRV-01","any","any","ad","MGMT-JUMPBOX-01","any","snmp-base","application-default","Allow","none","","any"
"1844","STD_SERVER_TO_INSIDE_2304","Shared","app-team","universal","server","APP-SRV-02","any","any","inside","DC-01","any","voip-generic","application-default","Allow","strict","","any"
"1845","STD_POS_TO_MGMT_1131","Shared","app-team","universal","pos","DC-01","any","any","mgmt","MGMT-JUMPBOX-01","any","sip","application-default","Allow","strict","","any"
"1846","STD_VOIP_TO_IOT_891","Shared","none","universal","voip","WORKSTATIONS-FLOOR2","any","any","iot","WORKSTATIONS-FLOOR2","any","dns","application-default","Allow","none","","any"
"1847","STD_SERVER_TO_MGMT_793","Shared","app-team","universal","server","WEB-SRV-01","any","any","mgmt","API-GATEWAY-01","any","mqtt","application-default","Allow","none","","any"
"1848","STD_VOIP_TO_IOT_2824","Shared","standard","universal","voip","MGMT-JUMPBOX-01","any","any","iot","WORKSTATIONS-FLOOR1","any","ntp","application-default","Allow","strict","","any"
"1849","STD_IOT_TO_DMZ_2999","Shared","standard","universal","iot","MGMT-JUMPBOX-01","any","any","dmz","FILE-SRV-01","any","dns","application-default","Allow","strict","","any"
"1850","STD_VOIP_TO_INSIDE_3878","Shared","app-team","universal","voip","DB-SRV-01","any","any","inside","APP-SRV-02","any","ntp","application-default","Allow","strict","","any"
"1851","STD_SERVER_TO_MGMT_141","Shared","standard","universal","server","DB-SRV-01","any","any","mgmt","DC-01","any","smtp","application-default","Allow","strict","","any"
"1852","STD_INSIDE_TO_VOIP_3174","Shared","none","universal","inside","DB-SRV-01","any","any","voip","DB-SRV-01","any","ping","application-default","Allow","none","","any"
"1853","STD_VOIP_TO_AD_2826","Shared","app-team","universal","voip","IOT-GATEWAY-01","any","any","ad","APP-SRV-01","any","ntp","application-default","Allow","none","","any"
"1854","STD_INSIDE_TO_OUTSIDE_2649","Shared","standard","universal","inside","DB-SRV-01","any","any","outside","1.1.1.1/32","any","ntp","application-default","Allow","strict","","any"
"1855","STD_MGMT_TO_AD_983","Shared","standard","universal","mgmt","DC-01","any","any","ad","WORKSTATIONS-FLOOR2","any","mqtt","application-default","Allow","none","","any"
"1856","STD_DMZ_TO_VOIP_1153","Shared","app-team","universal","dmz","DC-01","any","any","voip","IOT-GATEWAY-01","any","ssl","application-default","Allow","strict","","any"
"1857","STD_IOT_TO_OUTSIDE_889","Shared","app-team","universal","iot","DB-SRV-01","any","any","outside","8.8.8.8/32","any","ping","application-default","Allow","strict","","any"
"1858","STD_OUTSIDE_TO_VOIP_35","Shared","none","universal","outside","any","any","any","voip","WEB-SRV-02","any","snmp-base","application-default","Allow","strict","","any"
"1859","STD_OUTSIDE_TO_INSIDE_1800","Shared","app-team","universal","outside","any","any","any","inside","WEB-SRV-02","any","snmp-base","application-default","Allow","strict","","any"
"1860","STD_DMZ_TO_AD_3380","Shared","none","universal","dmz","WEB-SRV-01","any","any","ad","MGMT-JUMPBOX-01","any","dns","application-default","Allow","strict","","any"
"1861","STD_DMZ_TO_INSIDE_859","Shared","app-team","universal","dmz","WEB-SRV-01","any","any","inside","WEB-SRV-01","any","voip-generic","application-default","Allow","none","","any"
"1862","STD_INSIDE_TO_OUTSIDE_3018","Shared","none","universal","inside","MGMT-JUMPBOX-01","any","any","outside","1.1.1.1/32","any","ntp","application-default","Allow","none","","any"
"1863","STD_INSIDE_TO_SERVER_3349","Shared","standard","universal","inside","APP-SRV-02","any","any","server","WEB-SRV-02","any","smtp","application-default","Allow","none","","any"
"1864","STD_DMZ_TO_POS_3872","Shared","standard","universal","dmz","MGMT-JUMPBOX-01","any","any","pos","DC-01","any","ntp","application-default","Allow","none","","any"
"1865","STD_IOT_TO_OUTSIDE_2937","Shared","app-team","universal","iot","APP-SRV-01","any","any","outside","9.9.9.9/32","any","web-browsing","application-default","Allow","strict","","any"
"1866","SCOPED_PARTNER_TO_WEB-SRV-02_67","Shared","partner-integration","universal","outside","PARTNER-VENDOR-A","any","any","dmz","WEB-SRV-02","any","ssl","application-default","Allow","strict","","any"
"1867","STD_OUTSIDE_TO_DMZ_3554","Shared","standard","universal","outside","any","any","any","dmz","WORKSTATIONS-FLOOR1","any","web-browsing","application-default","Allow","strict","","any"
"1868","STD_INSIDE_TO_VOIP_3711","Shared","standard","universal","inside","WORKSTATIONS-FLOOR1","any","any","voip","FILE-SRV-01","any","web-browsing","application-default","Allow","strict","","any"
"1869","STD_MGMT_TO_POS_3558","Shared","none","universal","mgmt","WORKSTATIONS-FLOOR1","any","any","pos","WORKSTATIONS-FLOOR1","any","ntp","application-default","Allow","strict","","any"
"1870","STD_VOIP_TO_AD_3635","Shared","standard","universal","voip","APP-SRV-02","any","any","ad","API-GATEWAY-01","any","snmp-base","application-default","Allow","strict","","any"
"1871","STD_SERVER_TO_INSIDE_3564","Shared","none","universal","server","WEB-SRV-01","any","any","inside","API-GATEWAY-01","any","ping","application-default","Allow","none","","any"
"1872","STD_AD_TO_DMZ_1264","Shared","standard","universal","ad","FILE-SRV-01","any","any","dmz","API-GATEWAY-01","any","sip","application-default","Allow","none","","any"
"1873","STD_DMZ_TO_IOT_2764","Shared","app-team","universal","dmz","APP-SRV-01","any","any","iot","MGMT-JUMPBOX-01","any","sip","application-default","Allow","strict","","any"
"1874","STD_INSIDE_TO_MGMT_2835","Shared","standard","universal","inside","MGMT-JUMPBOX-01","any","any","mgmt","WORKSTATIONS-FLOOR2","any","sip","application-default","Allow","strict","","any"
"1875","BROAD_INTERNAL_SERVER_TO_IOT_26","Shared","internal","universal","server","any","any","any","iot","any","any","any","any","Allow","none","","any"
"1876","STD_SERVER_TO_INSIDE_1487","Shared","none","universal","server","APP-SRV-01","any","any","inside","DB-SRV-01","any","snmp-base","application-default","Allow","strict","","any"
"1877","STD_POS_TO_MGMT_2930","Shared","standard","universal","pos","APP-SRV-02","any","any","mgmt","IOT-GATEWAY-01","any","voip-generic","application-default","Allow","strict","","any"
"1878","STD_POS_TO_OUTSIDE_3612","Shared","app-team","universal","pos","FILE-SRV-01","any","any","outside","1.1.1.1/32","any","voip-generic","application-default","Allow","strict","","any"
"1879","RISKY_OUTSIDE_TO_APP-SRV-01_77","Shared","remote-access","universal","outside","any","any","any","inside","APP-SRV-01","any","ms-ds-smb","application-default","Allow","none","","any"
"1880","STD_VOIP_TO_MGMT_2594","Shared","none","universal","voip","FILE-SRV-01","any","any","mgmt","WEB-SRV-01","any","mqtt","application-default","Allow","none","","any"
"1881","STD_SERVER_TO_INSIDE_2401","Shared","standard","universal","server","APP-SRV-02","any","any","inside","DB-SRV-01","any","smtp","application-default","Allow","strict","","any"
"1882","STD_INSIDE_TO_AD_206","Shared","standard","universal","inside","WEB-SRV-01","any","any","ad","WORKSTATIONS-FLOOR2","any","voip-generic","application-default","Allow","none","","any"
"1883","STD_MGMT_TO_AD_1948","Shared","none","universal","mgmt","APP-SRV-01","any","any","ad","VOIP-PBX-01","any","voip-generic","application-default","Allow","none","","any"
"1884","STD_DMZ_TO_POS_3451","Shared","none","universal","dmz","WORKSTATIONS-FLOOR1","any","any","pos","DB-SRV-01","any","ntp","application-default","Allow","strict","","any"
"1885","STD_VOIP_TO_DMZ_3275","Shared","app-team","universal","voip","WEB-SRV-01","any","any","dmz","DB-SRV-01","any","ssl","application-default","Allow","strict","","any"
"1886","SCOPED_INTERNAL_VOIP_TO_DMZ_19","Shared","standard","universal","voip","WORKSTATIONS-FLOOR1","any","any","dmz","DB-SRV-01","any","mqtt","application-default","Allow","strict","","any"
"1887","STD_IOT_TO_VOIP_1165","Shared","app-team","universal","iot","DB-SRV-01","any","any","voip","WORKSTATIONS-FLOOR1","any","web-browsing","application-default","Allow","strict","","any"
"1888","STD_POS_TO_OUTSIDE_1164","Shared","app-team","universal","pos","WORKSTATIONS-FLOOR2","any","any","outside","1.1.1.1/32","any","smtp","application-default","Allow","strict","","any"
"1889","STD_INSIDE_TO_IOT_1138","Shared","none","universal","inside","APP-SRV-01","any","any","iot","MGMT-JUMPBOX-01","any","ping","application-default","Allow","strict","","any"
"1890","STD_OUTSIDE_TO_POS_2302","Shared","none","universal","outside","any","any","any","pos","IOT-GATEWAY-01","any","ntp","application-default","Allow","strict","","any"
"1891","STD_VOIP_TO_INSIDE_2351","Shared","app-team","universal","voip","IOT-GATEWAY-01","any","any","inside","WEB-SRV-02","any","sip","application-default","Allow","strict","","any"
"1892","SCOPED_INTERNAL_IOT_TO_POS_37","Shared","standard","universal","iot","WORKSTATIONS-FLOOR1","any","any","pos","FILE-SRV-01","any","ntp","application-default","Allow","strict","","any"
"1893","STD_VOIP_TO_AD_3363","Shared","app-team","universal","voip","IOT-GATEWAY-01","any","any","ad","IOT-GATEWAY-01","any","dns","application-default","Allow","strict","","any"
"1894","REMOTE_ACCESS_13","Shared","remote-support","universal","outside","any","any","any","server","MGMT-JUMPBOX-01","any","logmein","application-default","Allow","none","","any"
"1895","STD_DMZ_TO_INSIDE_285","Shared","app-team","universal","dmz","DB-SRV-01","any","any","inside","IOT-GATEWAY-01","any","ntp","application-default","Allow","none","","any"
"1896","SCOPED_NO_PROFILE_4","Shared","partner-integration","universal","outside","PARTNER-VENDOR-A","any","any","dmz","API-GATEWAY-01","any","ssl","application-default","Allow","none","","any"
"1897","STD_OUTSIDE_TO_IOT_1055","Shared","none","universal","outside","any","any","any","iot","IOT-GATEWAY-01","any","smtp","application-default","Allow","strict","","any"
"1898","STD_MGMT_TO_INSIDE_1287","Shared","standard","universal","mgmt","IOT-GATEWAY-01","any","any","inside","DB-SRV-01","any","dns","application-default","Allow","strict","","any"
"1899","STD_AD_TO_SERVER_3938","Shared","app-team","universal","ad","WORKSTATIONS-FLOOR1","any","any","server","DB-SRV-01","any","sip","application-default","Allow","none","","any"
"1900","STD_MGMT_TO_IOT_2722","Shared","none","universal","mgmt","API-GATEWAY-01","any","any","iot","API-GATEWAY-01","any","mqtt","application-default","Allow","none","","any"
"1901","STD_DMZ_TO_IOT_2162","Shared","none","universal","dmz","IOT-GATEWAY-01","any","any","iot","WEB-SRV-01","any","dns","application-default","Allow","strict","","any"
"1902","STD_AD_TO_MGMT_1267","Shared","none","universal","ad","APP-SRV-01","any","any","mgmt","DC-01","any","web-browsing","application-default","Allow","strict","","any"
"1903","OPEN_OUTSIDE_TO_POS-TERMINALS-G_70","Shared","none","universal","outside","any","any","any","server","POS-TERMINALS-G","any","ms-ds-smb","application-default","Allow","none","","any"
"1904","STD_AD_TO_DMZ_81","Shared","none","universal","ad","WEB-SRV-02","any","any","dmz","VOIP-PBX-01","any","voip-generic","application-default","Allow","strict","","any"
"1905","STD_VOIP_TO_IOT_908","Shared","app-team","universal","voip","IOT-GATEWAY-01","any","any","iot","FILE-SRV-01","any","mqtt","application-default","Allow","strict","","any"
"1906","STD_DMZ_TO_SERVER_1101","Shared","none","universal","dmz","WEB-SRV-01","any","any","server","VOIP-PBX-01","any","web-browsing","application-default","Allow","strict","","any"
"1907","STD_VOIP_TO_OUTSIDE_3530","Shared","app-team","universal","voip","WORKSTATIONS-FLOOR2","any","any","outside","9.9.9.9/32","any","voip-generic","application-default","Allow","strict","","any"
"1908","STD_VOIP_TO_MGMT_299","Shared","none","universal","voip","API-GATEWAY-01","any","any","mgmt","FILE-SRV-01","any","voip-generic","application-default","Allow","strict","","any"
"1909","CORP_TO_AD_14","Shared","admin-access","universal","inside","any","any","any","ad","any","any","any","application-default","Allow","none","","any"
"1910","STD_VOIP_TO_INSIDE_1145","Shared","none","universal","voip","VOIP-PBX-01","any","any","inside","WORKSTATIONS-FLOOR2","any","mqtt","application-default","Allow","none","","any"
"1911","STD_DMZ_TO_INSIDE_1536","Shared","standard","universal","dmz","DC-01","any","any","inside","MGMT-JUMPBOX-01","any","web-browsing","application-default","Allow","strict","","any"
"1912","STD_DMZ_TO_POS_3602","Shared","standard","universal","dmz","WEB-SRV-01","any","any","pos","FILE-SRV-01","any","smtp","application-default","Allow","strict","","any"
"1913","STD_MGMT_TO_SERVER_3513","Shared","standard","universal","mgmt","WEB-SRV-01","any","any","server","WEB-SRV-02","any","sip","application-default","Allow","strict","","any"
"1914","STD_IOT_TO_INSIDE_912","Shared","none","universal","iot","APP-SRV-01","any","any","inside","WEB-SRV-01","any","sip","application-default","Allow","none","","any"
"1915","STD_DMZ_TO_MGMT_2969","Shared","standard","universal","dmz","API-GATEWAY-01","any","any","mgmt","MGMT-JUMPBOX-01","any","dns","application-default","Allow","none","","any"
"1916","STD_DMZ_TO_VOIP_2193","Shared","standard","universal","dmz","IOT-GATEWAY-01","any","any","voip","WORKSTATIONS-FLOOR2","any","ssl","application-default","Allow","strict","","any"
"1917","STD_SERVER_TO_IOT_1598","Shared","app-team","universal","server","WEB-SRV-01","any","any","iot","VOIP-PBX-01","any","dns","application-default","Allow","none","","any"
"1918","STD_INSIDE_TO_DMZ_3927","Shared","none","universal","inside","APP-SRV-01","any","any","dmz","DB-SRV-01","any","snmp-base","application-default","Allow","strict","","any"
"1919","SCOPED_INTERNAL_SERVER_TO_DMZ_27","Shared","standard","universal","server","APP-SRV-01","any","any","dmz","FILE-SRV-01","any","dns","application-default","Allow","strict","","any"
"1920","STD_INSIDE_TO_IOT_692","Shared","standard","universal","inside","FILE-SRV-01","any","any","iot","WEB-SRV-01","any","web-browsing","application-default","Allow","strict","","any"
"1921","STD_VOIP_TO_OUTSIDE_3481","Shared","app-team","universal","voip","WEB-SRV-01","any","any","outside","1.1.1.1/32","any","mqtt","application-default","Allow","none","","any"
"1922","STD_AD_TO_MGMT_3545","Shared","app-team","universal","ad","FILE-SRV-01","any","any","mgmt","API-GATEWAY-01","any","voip-generic","application-default","Allow","none","","any"
"1923","STD_VOIP_TO_POS_3934","Shared","none","universal","voip","DC-01","any","any","pos","WEB-SRV-02","any","ntp","application-default","Allow","none","","any"
"1924","STD_SERVER_TO_IOT_1172","Shared","app-team","universal","server","MGMT-JUMPBOX-01","any","any","iot","API-GATEWAY-01","any","ssl","application-default","Allow","strict","","any"
"1925","STD_VOIP_TO_OUTSIDE_1900","Shared","standard","universal","voip","DB-SRV-01","any","any","outside","9.9.9.9/32","any","web-browsing","application-default","Allow","strict","","any"
"1926","STD_VOIP_TO_OUTSIDE_2394","Shared","app-team","universal","voip","WEB-SRV-02","any","any","outside","1.1.1.1/32","any","mqtt","application-default","Allow","strict","","any"
"1927","STD_VOIP_TO_OUTSIDE_3138","Shared","app-team","universal","voip","FILE-SRV-01","any","any","outside","1.1.1.1/32","any","voip-generic","application-default","Allow","strict","","any"
"1928","STD_IOT_TO_AD_931","Shared","app-team","universal","iot","APP-SRV-01","any","any","ad","DC-01","any","ntp","application-default","Allow","strict","","any"
"1929","STD_SERVER_TO_INSIDE_3739","Shared","app-team","universal","server","APP-SRV-01","any","any","inside","APP-SRV-01","any","ping","application-default","Allow","none","","any"
"1930","STD_AD_TO_INSIDE_1295","Shared","app-team","universal","ad","DB-SRV-01","any","any","inside","VOIP-PBX-01","any","ssl","application-default","Allow","strict","","any"
"1931","LEGACY_PORT_20","Shared","legacy-port","universal","outside","any","any","any","ad","BACKUP-SRV-01","any","any","tcp-6379","Allow","none","","any"
"1932","STD_DMZ_TO_IOT_3112","Shared","standard","universal","dmz","API-GATEWAY-01","any","any","iot","DB-SRV-01","any","dns","application-default","Allow","strict","","any"
"1933","STD_SERVER_TO_IOT_1184","Shared","none","universal","server","IOT-GATEWAY-01","any","any","iot","IOT-GATEWAY-01","any","ntp","application-default","Allow","strict","","any"
"1934","STD_OUTSIDE_TO_MGMT_3012","Shared","standard","universal","outside","any","any","any","mgmt","DC-01","any","ssl","application-default","Allow","none","","any"
"1935","STD_MGMT_TO_DMZ_3683","Shared","standard","universal","mgmt","VOIP-PBX-01","any","any","dmz","APP-SRV-01","any","dns","application-default","Allow","none","","any"
"1936","STD_MGMT_TO_AD_42","Shared","standard","universal","mgmt","WORKSTATIONS-FLOOR1","any","any","ad","IOT-GATEWAY-01","any","smtp","application-default","Allow","none","","any"
"1937","STD_INSIDE_TO_MGMT_376","Shared","none","universal","inside","WORKSTATIONS-FLOOR2","any","any","mgmt","WEB-SRV-02","any","ssl","application-default","Allow","strict","","any"
"1938","STD_VOIP_TO_INSIDE_955","Shared","standard","universal","voip","WORKSTATIONS-FLOOR1","any","any","inside","WORKSTATIONS-FLOOR1","any","ping","application-default","Allow","strict","","any"
"1939","STD_SERVER_TO_VOIP_263","Shared","none","universal","server","WORKSTATIONS-FLOOR2","any","any","voip","WEB-SRV-02","any","sip","application-default","Allow","strict","","any"
"1940","STD_AD_TO_VOIP_2893","Shared","standard","universal","ad","WORKSTATIONS-FLOOR2","any","any","voip","DC-01","any","ping","application-default","Allow","strict","","any"
"1941","OUTBOUND_SCOPED_2","Shared","outbound-standard","universal","server","MGMT-JUMPBOX-01","any","any","outside","VPN-CLIENT-RANGE","any","smtp","application-default","Allow","strict","","any"
"1942","STD_POS_TO_MGMT_98","Shared","none","universal","pos","VOIP-PBX-01","any","any","mgmt","WORKSTATIONS-FLOOR2","any","dns","application-default","Allow","none","","any"
"1943","STD_SERVER_TO_OUTSIDE_3272","Shared","app-team","universal","server","APP-SRV-02","any","any","outside","9.9.9.9/32","any","ping","application-default","Allow","strict","","any"
"1944","OPEN_OUTSIDE_TO_POS-TERMINALS-G_112","Shared","legacy-open","universal","outside","any","any","any","dmz","POS-TERMINALS-G","any","logmein","application-default","Allow","none","","any"
"1945","SCOPED_PARTNER_TO_WEB-SRV-02_40","Shared","partner-integration","universal","outside","PARTNER-VENDOR-B","any","any","dmz","WEB-SRV-02","any","ssl","application-default","Allow","strict","","any"
"1946","SCOPED_PARTNER_TO_API-GATEWAY-01_41","Shared","partner-integration","universal","outside","THIRD-PARTY-PAYMENT-GW","any","any","dmz","API-GATEWAY-01","any","ssl","application-default","Allow","strict","","any"
"1947","OUTBOUND_OPEN_10","Shared","legacy-open","universal","server","any","any","any","outside","any","any","any","any","Allow","none","","any"
"1948","STD_OUTSIDE_TO_INSIDE_1181","Shared","app-team","universal","outside","any","any","any","inside","DB-SRV-01","any","sip","application-default","Allow","none","","any"
"1949","BROAD_INTERNAL_POS_TO_VOIP_45","Shared","internal","universal","pos","any","any","any","voip","any","any","any","any","Allow","none","","any"
"1950","STD_SERVER_TO_VOIP_828","Shared","app-team","universal","server","APP-SRV-02","any","any","voip","WEB-SRV-01","any","dns","application-default","Allow","none","","any"
"1951","STD_MGMT_TO_VOIP_390","Shared","app-team","universal","mgmt","WEB-SRV-01","any","any","voip","APP-SRV-02","any","ntp","application-default","Allow","strict","","any"
"1952","STD_POS_TO_OUTSIDE_2472","Shared","app-team","universal","pos","VOIP-PBX-01","any","any","outside","8.8.8.8/32","any","voip-generic","application-default","Allow","strict","","any"
"1953","STD_POS_TO_INSIDE_2355","Shared","standard","universal","pos","VOIP-PBX-01","any","any","inside","APP-SRV-02","any","mqtt","application-default","Allow","strict","","any"
"1954","OUTBOUND_SCOPED_21","Shared","outbound-standard","universal","inside","APP-SRV-01","any","any","outside","VPN-CLIENT-RANGE","any","dns","application-default","Allow","strict","","any"
"1955","STD_OUTSIDE_TO_VOIP_517","Shared","app-team","universal","outside","any","any","any","voip","WORKSTATIONS-FLOOR1","any","mqtt","application-default","Allow","none","","any"
"1956","DUPLICATE_NAME_TEST","Shared","none","universal","outside","any","any","any","dmz","WEB-SRV-01","any","ssl","application-default","Allow","strict","","any"
"1957","STD_IOT_TO_AD_3002","Shared","standard","universal","iot","WEB-SRV-02","any","any","ad","DB-SRV-01","any","web-browsing","application-default","Allow","strict","","any"
"1958","RISKY_OUTSIDE_TO_APP-SRV-01_64","Shared","remote-access","universal","outside","any","any","any","inside","APP-SRV-01","any","teamviewer","application-default","Allow","none","","any"
"1959","STD_DMZ_TO_AD_713","Shared","standard","universal","dmz","IOT-GATEWAY-01","any","any","ad","DB-SRV-01","any","ntp","application-default","Allow","strict","","any"
"1960","STD_INSIDE_TO_MGMT_3014","Shared","none","universal","inside","API-GATEWAY-01","any","any","mgmt","APP-SRV-01","any","snmp-base","application-default","Allow","none","","any"
"1961","STD_INSIDE_TO_VOIP_2376","Shared","none","universal","inside","DC-01","any","any","voip","IOT-GATEWAY-01","any","ping","application-default","Allow","strict","","any"
"1962","STD_VOIP_TO_INSIDE_2589","Shared","app-team","universal","voip","APP-SRV-02","any","any","inside","DB-SRV-01","any","voip-generic","application-default","Allow","strict","","any"
"1963","RISKY_OUTSIDE_TO_DC-01_68","Shared","remote-access","universal","outside","any","any","any","mgmt","DC-01","any","splashtop","application-default","Allow","none","","any"
"1964","STD_SERVER_TO_OUTSIDE_3280","Shared","app-team","universal","server","WEB-SRV-02","any","any","outside","1.1.1.1/32","any","snmp-base","application-default","Allow","strict","","any"
"1965","SCOPED_INTERNAL_INSIDE_TO_IOT_95","Shared","standard","universal","inside","WORKSTATIONS-FLOOR1","any","any","iot","APP-SRV-01","any","ping","application-default","Allow","strict","","any"
"1966","STD_POS_TO_DMZ_393","Shared","none","universal","pos","WEB-SRV-01","any","any","dmz","WORKSTATIONS-FLOOR2","any","ping","application-default","Allow","none","","any"
"1967","STD_INSIDE_TO_IOT_3696","Shared","standard","universal","inside","WEB-SRV-02","any","any","iot","VOIP-PBX-01","any","ping","application-default","Allow","none","","any"
"1968","STD_INSIDE_TO_VOIP_427","Shared","app-team","universal","inside","WEB-SRV-01","any","any","voip","APP-SRV-02","any","ping","application-default","Allow","none","","any"
"1969","STD_POS_TO_MGMT_827","Shared","none","universal","pos","API-GATEWAY-01","any","any","mgmt","MGMT-JUMPBOX-01","any","snmp-base","application-default","Allow","strict","","any"
"1970","STD_AD_TO_POS_2745","Shared","none","universal","ad","APP-SRV-01","any","any","pos","WEB-SRV-01","any","ping","application-default","Allow","strict","","any"
"1971","STD_INSIDE_TO_AD_1981","Shared","none","universal","inside","DC-01","any","any","ad","WEB-SRV-02","any","web-browsing","application-default","Allow","strict","","any"
"1972","LEGACY_PORT_67","Shared","legacy-port","universal","inside","any","any","any","mgmt","BACKUP-SRV-01","any","any","tcp-5900","Allow","none","","any"
"1973","STD_MGMT_TO_AD_3378","Shared","standard","universal","mgmt","IOT-GATEWAY-01","any","any","ad","WEB-SRV-01","any","ping","application-default","Allow","strict","","any"
"1974","STD_POS_TO_DMZ_3515","Shared","app-team","universal","pos","API-GATEWAY-01","any","any","dmz","IOT-GATEWAY-01","any","snmp-base","application-default","Allow","strict","","any"
"1975","STD_VOIP_TO_SERVER_308","Shared","app-team","universal","voip","FILE-SRV-01","any","any","server","WORKSTATIONS-FLOOR2","any","web-browsing","application-default","Allow","none","","any"
"1976","STD_DMZ_TO_POS_2173","Shared","standard","universal","dmz","APP-SRV-02","any","any","pos","APP-SRV-02","any","smtp","application-default","Allow","strict","","any"
"1977","OPEN_OUTSIDE_TO_APP-SERVERS-G_35","Shared","none","universal","outside","any","any","any","dmz","APP-SERVERS-G","any","kerberos","any","Allow","none","","any"
"1978","STD_AD_TO_VOIP_1992","Shared","app-team","universal","ad","WEB-SRV-02","any","any","voip","WEB-SRV-02","any","sip","application-default","Allow","none","","any"
"1979","DNS_OUTBOUND_22","Shared","none","universal","inside","WORKSTATIONS-FLOOR1","any","any","outside","8.8.8.8/32","any","dns","application-default","Allow","strict","","any"
"1980","STD_VOIP_TO_POS_1874","Shared","standard","universal","voip","APP-SRV-01","any","any","pos","MGMT-JUMPBOX-01","any","mqtt","application-default","Allow","none","","any"
"1981","STD_OUTSIDE_TO_MGMT_2367","Shared","none","universal","outside","any","any","any","mgmt","MGMT-JUMPBOX-01","any","ntp","application-default","Allow","strict","","any"
"1982","STD_OUTSIDE_TO_DMZ_3214","Shared","none","universal","outside","any","any","any","dmz","VOIP-PBX-01","any","ssl","application-default","Allow","none","","any"
"1983","STD_VOIP_TO_MGMT_3376","Shared","standard","universal","voip","WORKSTATIONS-FLOOR1","any","any","mgmt","DB-SRV-01","any","ssl","application-default","Allow","strict","","any"
"1984","STD_POS_TO_INSIDE_2118","Shared","none","universal","pos","APP-SRV-01","any","any","inside","DB-SRV-01","any","voip-generic","application-default","Allow","strict","","any"
"1985","STD_MGMT_TO_POS_1767","Shared","app-team","universal","mgmt","WORKSTATIONS-FLOOR2","any","any","pos","FILE-SRV-01","any","sip","application-default","Allow","none","","any"
"1986","STD_MGMT_TO_OUTSIDE_1253","Shared","standard","universal","mgmt","APP-SRV-02","any","any","outside","8.8.8.8/32","any","smtp","application-default","Allow","strict","","any"
"1987","SCOPED_INTERNAL_INSIDE_TO_SERVER_64","Shared","standard","universal","inside","MGMT-JUMPBOX-01","any","any","server","FILE-SRV-01","any","voip-generic","application-default","Allow","strict","","any"
"1988","STD_DMZ_TO_AD_1318","Shared","app-team","universal","dmz","FILE-SRV-01","any","any","ad","API-GATEWAY-01","any","sip","application-default","Allow","strict","","any"
"1989","STD_IOT_TO_DMZ_3818","Shared","none","universal","iot","API-GATEWAY-01","any","any","dmz","MGMT-JUMPBOX-01","any","ntp","application-default","Allow","strict","","any"
"1990","STD_DMZ_TO_INSIDE_3414","Shared","none","universal","dmz","DC-01","any","any","inside","APP-SRV-02","any","dns","application-default","Allow","strict","","any"
"1991","STD_SERVER_TO_DMZ_3667","Shared","standard","universal","server","WEB-SRV-01","any","any","dmz","WEB-SRV-02","any","voip-generic","application-default","Allow","strict","","any"
"1992","OPEN_OUTSIDE_TO_APP-SERVERS-G_131","Shared","legacy-open","universal","outside","any","any","any","pos","APP-SERVERS-G","any","teamviewer","any","Allow","none","","any"
"1993","SCOPED_NO_PROFILE_1","Shared","partner-integration","universal","outside","PARTNER-VENDOR-A","any","any","dmz","API-GATEWAY-01","any","ssl","application-default","Allow","none","","any"
"1994","STD_VOIP_TO_MGMT_2990","Shared","app-team","universal","voip","WEB-SRV-01","any","any","mgmt","FILE-SRV-01","any","ssl","application-default","Allow","strict","","any"
"1995","STD_POS_TO_SERVER_2665","Shared","none","universal","pos","APP-SRV-02","any","any","server","APP-SRV-02","any","dns","application-default","Allow","strict","","any"
"1996","STD_AD_TO_SERVER_2481","Shared","none","universal","ad","DB-SRV-01","any","any","server","FILE-SRV-01","any","smtp","application-default","Allow","strict","","any"
"1997","STD_IOT_TO_MGMT_1889","Shared","none","universal","iot","FILE-SRV-01","any","any","mgmt","APP-SRV-01","any","ntp","application-default","Allow","strict","","any"
"1998","STD_SERVER_TO_IOT_159","Shared","none","universal","server","MGMT-JUMPBOX-01","any","any","iot","WEB-SRV-02","any","web-browsing","application-default","Allow","strict","","any"
"1999","STD_POS_TO_DMZ_981","Shared","none","universal","pos","WEB-SRV-01","any","any","dmz","APP-SRV-01","any","ssl","application-default","Allow","none","","any"
"2000","STD_VOIP_TO_POS_707","Shared","standard","universal","voip","WEB-SRV-01","any","any","pos","IOT-GATEWAY-01","any","ntp","application-default","Allow","strict","","any"
"2001","OPEN_OUTSIDE_TO_POS-TERMINALS-G_110","Shared","legacy-open","universal","outside","any","any","any","mgmt","POS-TERMINALS-G","any","ms-rdp","any","Allow","none","","any"
"2002","STD_OUTSIDE_TO_SERVER_2462","Shared","app-team","universal","outside","any","any","any","server","DB-SRV-01","any","smtp","application-default","Allow","strict","","any"
"2003","STD_VOIP_TO_IOT_3756","Shared","app-team","universal","voip","IOT-GATEWAY-01","any","any","iot","DB-SRV-01","any","ping","application-default","Allow","strict","","any"
"2004","STD_AD_TO_VOIP_3257","Shared","app-team","universal","ad","VOIP-PBX-01","any","any","voip","API-GATEWAY-01","any","dns","application-default","Allow","strict","","any"
"2005","STD_VOIP_TO_INSIDE_1761","Shared","none","universal","voip","WEB-SRV-01","any","any","inside","MGMT-JUMPBOX-01","any","web-browsing","application-default","Allow","strict","","any"
"2006","STD_INSIDE_TO_DMZ_3066","Shared","standard","universal","inside","WORKSTATIONS-FLOOR1","any","any","dmz","APP-SRV-02","any","web-browsing","application-default","Allow","strict","","any"
"2007","STD_IOT_TO_SERVER_852","Shared","app-team","universal","iot","DB-SRV-01","any","any","server","VOIP-PBX-01","any","ssl","application-default","Allow","none","","any"
"2008","STD_AD_TO_INSIDE_2032","Shared","none","universal","ad","APP-SRV-01","any","any","inside","API-GATEWAY-01","any","dns","application-default","Allow","strict","","any"
"2009","STD_OUTSIDE_TO_SERVER_1651","Shared","none","universal","outside","any","any","any","server","MGMT-JUMPBOX-01","any","web-browsing","application-default","Allow","strict","","any"
"2010","STD_IOT_TO_MGMT_2569","Shared","none","universal","iot","VOIP-PBX-01","any","any","mgmt","DB-SRV-01","any","snmp-base","application-default","Allow","none","","any"
"2011","STD_AD_TO_SERVER_1403","Shared","app-team","universal","ad","WORKSTATIONS-FLOOR1","any","any","server","WEB-SRV-01","any","smtp","application-default","Allow","strict","","any"
"2012","STD_AD_TO_POS_2332","Shared","standard","universal","ad","APP-SRV-02","any","any","pos","WEB-SRV-01","any","smtp","application-default","Allow","strict","","any"
"2013","STD_AD_TO_DMZ_2281","Shared","app-team","universal","ad","WEB-SRV-01","any","any","dmz","APP-SRV-02","any","snmp-base","application-default","Allow","strict","","any"
"2014","STD_AD_TO_DMZ_2562","Shared","standard","universal","ad","APP-SRV-02","any","any","dmz","FILE-SRV-01","any","web-browsing","application-default","Allow","strict","","any"
"2015","STD_DMZ_TO_INSIDE_1432","Shared","none","universal","dmz","WORKSTATIONS-FLOOR1","any","any","inside","FILE-SRV-01","any","web-browsing","application-default","Allow","none","","any"
"2016","STD_DMZ_TO_IOT_761","Shared","app-team","universal","dmz","API-GATEWAY-01","any","any","iot","WEB-SRV-02","any","ssl","application-default","Allow","strict","","any"
"2017","OPEN_OUTSIDE_TO_APP-SERVERS-G_5","Shared","none","universal","outside","any","any","any","mgmt","APP-SERVERS-G","any","telnet","any","Allow","none","","any"
"2018","OPEN_OUTSIDE_TO_WEB-SERVERS-G_114","Shared","legacy-open","universal","outside","any","any","any","mgmt","WEB-SERVERS-G","any","logmein","application-default","Allow","none","","any"
"2019","RISKY_OUTSIDE_TO_FILE-SRV-01_23","Shared","remote-access","universal","outside","any","any","any","server","FILE-SRV-01","any","ms-ds-smb","application-default","Allow","none","","any"
"2020","STD_VOIP_TO_AD_2358","Shared","none","universal","voip","DB-SRV-01","any","any","ad","DB-SRV-01","any","voip-generic","application-default","Allow","none","","any"
"2021","STD_IOT_TO_POS_2361","Shared","standard","universal","iot","IOT-GATEWAY-01","any","any","pos","DB-SRV-01","any","smtp","application-default","Allow","none","","any"
"2022","SCOPED_INTERNAL_VOIP_TO_DMZ_41","Shared","standard","universal","voip","MGMT-JUMPBOX-01","any","any","dmz","FILE-SRV-01","any","ping","application-default","Allow","strict","","any"
"2023","SCOPED_INTERNAL_MGMT_TO_VOIP_28","Shared","standard","universal","mgmt","WORKSTATIONS-FLOOR1","any","any","voip","FILE-SRV-01","any","ntp","application-default","Allow","strict","","any"
"2024","VOIP_TO_DC_50","Shared","ad-auth","universal","voip","any","any","any","ad","DOMAIN-CONTROLLERS-G","any","ldap","application-default","Allow","none","","any"
"2025","STD_SERVER_TO_IOT_919","Shared","standard","universal","server","APP-SRV-01","any","any","iot","IOT-GATEWAY-01","any","ssl","application-default","Allow","strict","","any"
"2026","OUTBOUND_OPEN_28","Shared","legacy-open","universal","inside","any","any","any","outside","any","any","any","any","Allow","none","","any"
"2027","STD_AD_TO_VOIP_1278","Shared","standard","universal","ad","DC-01","any","any","voip","FILE-SRV-01","any","voip-generic","application-default","Allow","strict","","any"
"2028","BROAD_INTERNAL_POS_TO_VOIP_83","Shared","internal","universal","pos","any","any","any","voip","any","any","any","any","Allow","none","","any"
"2029","STD_DMZ_TO_AD_413","Shared","app-team","universal","dmz","WORKSTATIONS-FLOOR1","any","any","ad","WEB-SRV-02","any","ntp","application-default","Allow","strict","","any"
"2030","STD_SERVER_TO_DMZ_532","Shared","standard","universal","server","WORKSTATIONS-FLOOR1","any","any","dmz","VOIP-PBX-01","any","web-browsing","application-default","Allow","none","","any"
"2031","STD_DMZ_TO_SERVER_3796","Shared","app-team","universal","dmz","MGMT-JUMPBOX-01","any","any","server","WORKSTATIONS-FLOOR1","any","ping","application-default","Allow","strict","","any"
"2032","STD_SERVER_TO_AD_3398","Shared","standard","universal","server","WORKSTATIONS-FLOOR1","any","any","ad","API-GATEWAY-01","any","snmp-base","application-default","Allow","none","","any"
"2033","BROAD_INTERNAL_POS_TO_IOT_6","Shared","internal","universal","pos","any","any","any","iot","any","any","any","any","Allow","none","","any"
"2034","STD_VOIP_TO_SERVER_277","Shared","app-team","universal","voip","WEB-SRV-02","any","any","server","IOT-GATEWAY-01","any","mqtt","application-default","Allow","strict","","any"
"2035","STD_POS_TO_DMZ_2491","Shared","none","universal","pos","APP-SRV-01","any","any","dmz","IOT-GATEWAY-01","any","mqtt","application-default","Allow","strict","","any"
"2036","STD_OUTSIDE_TO_SERVER_1804","Shared","standard","universal","outside","any","any","any","server","DC-01","any","dns","application-default","Allow","none","","any"
"2037","SERVER_TO_DC_64","Shared","ad-auth","universal","server","WORKSTATIONS-FLOOR1","any","any","ad","DOMAIN-CONTROLLERS-G","any","ms-ds-smb","application-default","Allow","none","","any"
"2038","BROAD_INTERNAL_SERVER_TO_AD_25","Shared","internal","universal","server","any","any","any","ad","any","any","any","any","Allow","none","","any"
"2039","STD_SERVER_TO_AD_663","Shared","none","universal","server","MGMT-JUMPBOX-01","any","any","ad","IOT-GATEWAY-01","any","dns","application-default","Allow","strict","","any"
"2040","SCOPED_NO_PROFILE_8","Shared","partner-integration","universal","outside","PARTNER-VENDOR-A","any","any","dmz","API-GATEWAY-01","any","ssl","application-default","Allow","none","","any"
"2041","STD_INSIDE_TO_SERVER_2","Shared","none","universal","inside","WEB-SRV-02","any","any","server","WORKSTATIONS-FLOOR1","any","voip-generic","application-default","Allow","strict","","any"
"2042","STD_MGMT_TO_AD_2350","Shared","standard","universal","mgmt","WORKSTATIONS-FLOOR1","any","any","ad","FILE-SRV-01","any","sip","application-default","Allow","strict","","any"
"2043","BROAD_INTERNAL_VOIP_TO_SERVER_33","Shared","internal","universal","voip","any","any","any","server","any","any","any","any","Allow","none","","any"
"2044","STD_VOIP_TO_SERVER_369","Shared","app-team","universal","voip","WEB-SRV-01","any","any","server","DC-01","any","smtp","application-default","Allow","strict","","any"
"2045","OPEN_OUTSIDE_TO_APP-SERVERS-G_96","Shared","none","universal","outside","any","any","any","dmz","APP-SERVERS-G","any","ftp","application-default","Allow","none","","any"
"2046","POS_TO_DC_29","Shared","ad-auth","universal","pos","any","any","any","ad","DOMAIN-CONTROLLERS-G","any","kerberos","application-default","Allow","none","","any"
"2047","STD_OUTSIDE_TO_INSIDE_2697","Shared","app-team","universal","outside","any","any","any","inside","WEB-SRV-02","any","sip","application-default","Allow","none","","any"
"2048","RISKY_OUTSIDE_TO_DC-01_52","Shared","remote-access","universal","outside","any","any","any","voip","DC-01","any","logmein","application-default","Allow","none","","any"
"2049","STD_DMZ_TO_SERVER_1816","Shared","standard","universal","dmz","API-GATEWAY-01","any","any","server","DC-01","any","sip","application-default","Allow","strict","","any"
"2050","REMOTE_ACCESS_23","Shared","remote-support","universal","outside","any","any","any","inside","MGMT-JUMPBOX-01","any","anydesk","application-default","Allow","none","","any"
"2051","STD_POS_TO_VOIP_1965","Shared","standard","universal","pos","WORKSTATIONS-FLOOR1","any","any","voip","WEB-SRV-01","any","sip","application-default","Allow","strict","","any"
"2052","STD_IOT_TO_VOIP_1122","Shared","app-team","universal","iot","MGMT-JUMPBOX-01","any","any","voip","DB-SRV-01","any","dns","application-default","Allow","none","","any"
"2053","OPEN_OUTSIDE_TO_APP-SERVERS-G_25","Shared","none","universal","outside","any","any","any","mgmt","APP-SERVERS-G","any","any","application-default","Allow","none","","any"
"2054","STD_INSIDE_TO_DMZ_1425","Shared","none","universal","inside","DB-SRV-01","any","any","dmz","VOIP-PBX-01","any","dns","application-default","Allow","strict","","any"
"2055","STD_POS_TO_DMZ_1638","Shared","standard","universal","pos","VOIP-PBX-01","any","any","dmz","WORKSTATIONS-FLOOR1","any","sip","application-default","Allow","none","","any"
"2056","STD_INSIDE_TO_MGMT_2502","Shared","standard","universal","inside","DB-SRV-01","any","any","mgmt","API-GATEWAY-01","any","web-browsing","application-default","Allow","strict","","any"
"2057","STD_VOIP_TO_IOT_245","Shared","standard","universal","voip","VOIP-PBX-01","any","any","iot","WEB-SRV-02","any","mqtt","application-default","Allow","strict","","any"
"2058","STD_VOIP_TO_INSIDE_2347","Shared","app-team","universal","voip","DC-01","any","any","inside","WORKSTATIONS-FLOOR2","any","dns","application-default","Allow","none","","any"
"2059","STD_AD_TO_SERVER_2973","Shared","standard","universal","ad","WORKSTATIONS-FLOOR1","any","any","server","DB-SRV-01","any","ssl","application-default","Allow","strict","","any"
"2060","OPEN_OUTSIDE_TO_POS-TERMINALS-G_60","Shared","none","universal","outside","any","any","any","dmz","POS-TERMINALS-G","any","ms-ds-smb","any","Allow","none","","any"
"2061","OUTBOUND_OPEN_7","Shared","legacy-open","universal","voip","any","any","any","outside","any","any","any","any","Allow","none","","any"
"2062","STD_OUTSIDE_TO_INSIDE_840","Shared","none","universal","outside","any","any","any","inside","APP-SRV-01","any","ssl","application-default","Allow","strict","","any"
"2063","SCOPED_PARTNER_TO_WEB-SRV-02_3","Shared","partner-integration","universal","outside","PARTNER-VENDOR-A","any","any","dmz","WEB-SRV-02","any","ssl","application-default","Allow","strict","","any"
"2064","RISKY_OUTSIDE_TO_FILE-SRV-01_1","Shared","remote-access","universal","outside","any","any","any","dmz","FILE-SRV-01","any","ssh","application-default","Allow","none","","any"
"2065","STD_IOT_TO_DMZ_3792","Shared","app-team","universal","iot","MGMT-JUMPBOX-01","any","any","dmz","VOIP-PBX-01","any","ssl","application-default","Allow","none","","any"
"2066","STD_INSIDE_TO_MGMT_846","Shared","app-team","universal","inside","APP-SRV-01","any","any","mgmt","WORKSTATIONS-FLOOR2","any","mqtt","application-default","Allow","strict","","any"
"2067","STD_IOT_TO_DMZ_3193","Shared","app-team","universal","iot","API-GATEWAY-01","any","any","dmz","FILE-SRV-01","any","voip-generic","application-default","Allow","none","","any"
"2068","STD_IOT_TO_AD_2798","Shared","app-team","universal","iot","VOIP-PBX-01","any","any","ad","MGMT-JUMPBOX-01","any","snmp-base","application-default","Allow","none","","any"
"2069","STD_DMZ_TO_VOIP_1950","Shared","standard","universal","dmz","FILE-SRV-01","any","any","voip","WEB-SRV-01","any","voip-generic","application-default","Allow","none","","any"
"2070","STD_OUTSIDE_TO_VOIP_1362","Shared","app-team","universal","outside","any","any","any","voip","DC-01","any","web-browsing","application-default","Allow","none","","any"
"2071","STD_AD_TO_POS_3296","Shared","app-team","universal","ad","FILE-SRV-01","any","any","pos","IOT-GATEWAY-01","any","snmp-base","application-default","Allow","strict","","any"
"2072","STD_VOIP_TO_OUTSIDE_173","Shared","standard","universal","voip","WORKSTATIONS-FLOOR2","any","any","outside","9.9.9.9/32","any","voip-generic","application-default","Allow","strict","","any"
"2073","STD_IOT_TO_POS_1291","Shared","app-team","universal","iot","DC-01","any","any","pos","DB-SRV-01","any","sip","application-default","Allow","strict","","any"
"2074","BROAD_INTERNAL_POS_TO_AD_7","Shared","internal","universal","pos","any","any","any","ad","any","any","any","any","Allow","none","","any"
"2075","STD_SERVER_TO_IOT_2607","Shared","app-team","universal","server","WORKSTATIONS-FLOOR2","any","any","iot","DB-SRV-01","any","smtp","application-default","Allow","strict","","any"
"2076","STD_DMZ_TO_AD_156","Shared","none","universal","dmz","WORKSTATIONS-FLOOR1","any","any","ad","APP-SRV-01","any","smtp","application-default","Allow","none","","any"
"2077","STD_VOIP_TO_AD_2450","Shared","none","universal","voip","WEB-SRV-02","any","any","ad","APP-SRV-02","any","voip-generic","application-default","Allow","strict","","any"
"2078","STD_AD_TO_VOIP_1714","Shared","standard","universal","ad","FILE-SRV-01","any","any","voip","DC-01","any","voip-generic","application-default","Allow","strict","","any"
"2079","STD_AD_TO_MGMT_2020","Shared","standard","universal","ad","IOT-GATEWAY-01","any","any","mgmt","WORKSTATIONS-FLOOR2","any","sip","application-default","Allow","strict","","any"
"2080","STD_MGMT_TO_IOT_1019","Shared","app-team","universal","mgmt","WORKSTATIONS-FLOOR2","any","any","iot","WEB-SRV-02","any","ntp","application-default","Allow","strict","","any"
"2081","STD_INSIDE_TO_VOIP_3362","Shared","standard","universal","inside","DB-SRV-01","any","any","voip","WORKSTATIONS-FLOOR1","any","sip","application-default","Allow","none","","any"
"2082","STD_DMZ_TO_POS_2232","Shared","none","universal","dmz","IOT-GATEWAY-01","any","any","pos","DB-SRV-01","any","ssl","application-default","Allow","strict","","any"
"2083","STD_IOT_TO_AD_2896","Shared","app-team","universal","iot","FILE-SRV-01","any","any","ad","DC-01","any","ntp","application-default","Allow","strict","","any"
"2084","RISKY_OUTSIDE_TO_MGMT-JUMPBOX-01_72","Shared","remote-access","universal","outside","any","any","any","voip","MGMT-JUMPBOX-01","any","teamviewer","application-default","Allow","none","","any"
"2085","STD_DMZ_TO_INSIDE_1809","Shared","none","universal","dmz","APP-SRV-02","any","any","inside","API-GATEWAY-01","any","ping","application-default","Allow","none","","any"
"2086","STD_AD_TO_OUTSIDE_3816","Shared","standard","universal","ad","DC-01","any","any","outside","8.8.8.8/32","any","mqtt","application-default","Allow","strict","","any"
"2087","STD_OUTSIDE_TO_VOIP_2250","Shared","app-team","universal","outside","any","any","any","voip","API-GATEWAY-01","any","ssl","application-default","Allow","none","","any"
"2088","STD_OUTSIDE_TO_IOT_1304","Shared","standard","universal","outside","any","any","any","iot","IOT-GATEWAY-01","any","mqtt","application-default","Allow","strict","","any"
"2089","STD_VOIP_TO_INSIDE_3040","Shared","none","universal","voip","FILE-SRV-01","any","any","inside","MGMT-JUMPBOX-01","any","sip","application-default","Allow","none","","any"
"2090","STD_MGMT_TO_AD_3284","Shared","app-team","universal","mgmt","WEB-SRV-01","any","any","ad","WEB-SRV-01","any","smtp","application-default","Allow","none","","any"
"2091","STD_AD_TO_POS_2753","Shared","app-team","universal","ad","VOIP-PBX-01","any","any","pos","APP-SRV-01","any","ssl","application-default","Allow","strict","","any"
"2092","STD_SERVER_TO_VOIP_667","Shared","none","universal","server","DB-SRV-01","any","any","voip","WEB-SRV-01","any","snmp-base","application-default","Allow","strict","","any"
"2093","STD_OUTSIDE_TO_DMZ_2671","Shared","app-team","universal","outside","any","any","any","dmz","DC-01","any","dns","application-default","Allow","none","","any"
"2094","STD_DMZ_TO_SERVER_3781","Shared","app-team","universal","dmz","DB-SRV-01","any","any","server","APP-SRV-01","any","mqtt","application-default","Allow","strict","","any"
"2095","STD_OUTSIDE_TO_IOT_1556","Shared","none","universal","outside","any","any","any","iot","VOIP-PBX-01","any","snmp-base","application-default","Allow","strict","","any"
"2096","STD_MGMT_TO_VOIP_502","Shared","app-team","universal","mgmt","WEB-SRV-02","any","any","voip","APP-SRV-02","any","ntp","application-default","Allow","none","","any"
"2097","STD_VOIP_TO_AD_252","Shared","standard","universal","voip","DB-SRV-01","any","any","ad","API-GATEWAY-01","any","dns","application-default","Allow","strict","","any"
"2098","STD_SERVER_TO_OUTSIDE_824","Shared","app-team","universal","server","WORKSTATIONS-FLOOR1","any","any","outside","8.8.8.8/32","any","mqtt","application-default","Allow","none","","any"
"2099","STD_INSIDE_TO_SERVER_2317","Shared","none","universal","inside","APP-SRV-01","any","any","server","IOT-GATEWAY-01","any","voip-generic","application-default","Allow","strict","","any"
"2100","SCOPED_PARTNER_TO_WEB-SRV-01_68","Shared","partner-integration","universal","outside","THIRD-PARTY-PAYMENT-GW","any","any","dmz","WEB-SRV-01","any","ssl","application-default","Allow","strict","","any"
"2101","STD_SERVER_TO_DMZ_717","Shared","standard","universal","server","API-GATEWAY-01","any","any","dmz","API-GATEWAY-01","any","snmp-base","application-default","Allow","strict","","any"
"2102","STD_MGMT_TO_SERVER_1787","Shared","none","universal","mgmt","APP-SRV-02","any","any","server","FILE-SRV-01","any","voip-generic","application-default","Allow","strict","","any"
"2103","STD_MGMT_TO_VOIP_2187","Shared","none","universal","mgmt","WEB-SRV-02","any","any","voip","APP-SRV-01","any","ntp","application-default","Allow","strict","","any"
"2104","STD_SERVER_TO_AD_2067","Shared","app-team","universal","server","FILE-SRV-01","any","any","ad","APP-SRV-01","any","smtp","application-default","Allow","strict","","any"
"2105","STD_OUTSIDE_TO_MGMT_1003","Shared","standard","universal","outside","any","any","any","mgmt","MGMT-JUMPBOX-01","any","snmp-base","application-default","Allow","strict","","any"
"2106","STD_AD_TO_MGMT_1130","Shared","standard","universal","ad","VOIP-PBX-01","any","any","mgmt","WEB-SRV-02","any","sip","application-default","Allow","strict","","any"
"2107","STD_VOIP_TO_INSIDE_1766","Shared","none","universal","voip","DB-SRV-01","any","any","inside","WEB-SRV-02","any","smtp","application-default","Allow","strict","","any"
"2108","STD_SERVER_TO_MGMT_2982","Shared","app-team","universal","server","VOIP-PBX-01","any","any","mgmt","DC-01","any","ssl","application-default","Allow","none","","any"
"2109","STD_AD_TO_OUTSIDE_160","Shared","app-team","universal","ad","DB-SRV-01","any","any","outside","8.8.8.8/32","any","ping","application-default","Allow","strict","","any"
"2110","STD_OUTSIDE_TO_DMZ_1067","Shared","standard","universal","outside","any","any","any","dmz","APP-SRV-02","any","sip","application-default","Allow","strict","","any"
"2111","BROAD_INTERNAL_SERVER_TO_IOT_50","Shared","internal","universal","server","any","any","any","iot","any","any","any","any","Allow","none","","any"
"2112","STD_SERVER_TO_VOIP_1016","Shared","standard","universal","server","IOT-GATEWAY-01","any","any","voip","WEB-SRV-02","any","smtp","application-default","Allow","strict","","any"
"2113","STD_DMZ_TO_AD_3961","Shared","none","universal","dmz","FILE-SRV-01","any","any","ad","IOT-GATEWAY-01","any","mqtt","application-default","Allow","none","","any"
"2114","STD_IOT_TO_OUTSIDE_273","Shared","app-team","universal","iot","VOIP-PBX-01","any","any","outside","9.9.9.9/32","any","ssl","application-default","Allow","none","","any"
"2115","STD_DMZ_TO_OUTSIDE_3505","Shared","app-team","universal","dmz","IOT-GATEWAY-01","any","any","outside","8.8.8.8/32","any","ntp","application-default","Allow","strict","","any"
"2116","STD_OUTSIDE_TO_MGMT_2774","Shared","none","universal","outside","any","any","any","mgmt","MGMT-JUMPBOX-01","any","ntp","application-default","Allow","strict","","any"
"2117","STD_VOIP_TO_POS_3034","Shared","none","universal","voip","IOT-GATEWAY-01","any","any","pos","API-GATEWAY-01","any","ssl","application-default","Allow","strict","","any"
"2118","STD_POS_TO_MGMT_2287","Shared","none","universal","pos","IOT-GATEWAY-01","any","any","mgmt","MGMT-JUMPBOX-01","any","ping","application-default","Allow","none","","any"
"2119","STD_SERVER_TO_MGMT_2728","Shared","none","universal","server","DC-01","any","any","mgmt","WEB-SRV-01","any","dns","application-default","Allow","none","","any"
"2120","REMOTE_ACCESS_24","Shared","remote-support","universal","outside","any","any","any","server","APP-SRV-01","any","logmein","application-default","Allow","none","","any"
"2121","SCOPED_INTERNAL_INSIDE_TO_MGMT_87","Shared","standard","universal","inside","APP-SRV-01","any","any","mgmt","APP-SRV-01","any","smtp","application-default","Allow","strict","","any"
"2122","STD_OUTSIDE_TO_MGMT_1822","Shared","app-team","universal","outside","any","any","any","mgmt","DC-01","any","smtp","application-default","Allow","none","","any"
"2123","OPEN_OUTSIDE_TO_APP-SERVERS-G_85","Shared","legacy-open","universal","outside","any","any","any","dmz","APP-SERVERS-G","any","kerberos","application-default","Allow","none","","any"
"2124","REMOTE_ACCESS_6","Shared","remote-support","universal","outside","any","any","any","server","MGMT-JUMPBOX-01","any","teamviewer","application-default","Allow","none","","any"
"2125","STD_VOIP_TO_IOT_2254","Shared","app-team","universal","voip","DC-01","any","any","iot","WEB-SRV-02","any","smtp","application-default","Allow","strict","","any"
"2126","STD_MGMT_TO_INSIDE_3621","Shared","app-team","universal","mgmt","VOIP-PBX-01","any","any","inside","MGMT-JUMPBOX-01","any","dns","application-default","Allow","strict","","any"
"2127","STD_AD_TO_DMZ_3702","Shared","none","universal","ad","API-GATEWAY-01","any","any","dmz","DB-SRV-01","any","mqtt","application-default","Allow","strict","","any"
"2128","STD_MGMT_TO_INSIDE_2246","Shared","app-team","universal","mgmt","APP-SRV-01","any","any","inside","WEB-SRV-02","any","smtp","application-default","Allow","none","","any"
"2129","[Disabled] OLD_DISABLED_12","Shared","none","universal","outside","any","any","any","voip","APP-SRV-01","any","any","any","Allow","none","","any"
"2130","STD_IOT_TO_DMZ_139","Shared","app-team","universal","iot","WEB-SRV-01","any","any","dmz","VOIP-PBX-01","any","mqtt","application-default","Allow","strict","","any"
"2131","DNS_OUTBOUND_10","Shared","none","universal","mgmt","MGMT-JUMPBOX-01","any","any","outside","1.1.1.1/32","any","dns-over-https","tcp-853","Allow","strict","","any"
"2132","STD_INSIDE_TO_OUTSIDE_1899","Shared","standard","universal","inside","WEB-SRV-02","any","any","outside","1.1.1.1/32","any","voip-generic","application-default","Allow","none","","any"
"2133","SERVER_TO_DC_22","Shared","ad-auth","universal","server","WORKSTATIONS-FLOOR1","any","any","ad","DOMAIN-CONTROLLERS-G","any","kerberos","application-default","Allow","none","","any"
"2134","STD_SERVER_TO_MGMT_2143","Shared","standard","universal","server","DC-01","any","any","mgmt","WEB-SRV-01","any","sip","application-default","Allow","none","","any"
"2135","STD_OUTSIDE_TO_MGMT_1723","Shared","none","universal","outside","any","any","any","mgmt","MGMT-JUMPBOX-01","any","dns","application-default","Allow","strict","","any"
"2136","STD_IOT_TO_DMZ_1371","Shared","app-team","universal","iot","FILE-SRV-01","any","any","dmz","FILE-SRV-01","any","sip","application-default","Allow","none","","any"
"2137","SCOPED_INTERNAL_IOT_TO_SERVER_30","Shared","standard","universal","iot","MGMT-JUMPBOX-01","any","any","server","FILE-SRV-01","any","ntp","application-default","Allow","strict","","any"
"2138","POS_TO_DC_40","Shared","ad-auth","universal","pos","any","any","any","ad","DOMAIN-CONTROLLERS-G","any","kerberos","application-default","Allow","none","","any"
"2139","STD_IOT_TO_MGMT_1243","Shared","app-team","universal","iot","WORKSTATIONS-FLOOR2","any","any","mgmt","DB-SRV-01","any","sip","application-default","Allow","none","","any"
"2140","STD_OUTSIDE_TO_VOIP_3311","Shared","standard","universal","outside","any","any","any","voip","API-GATEWAY-01","any","mqtt","application-default","Allow","strict","","any"
"2141","STD_AD_TO_DMZ_188","Shared","standard","universal","ad","APP-SRV-02","any","any","dmz","APP-SRV-01","any","dns","application-default","Allow","strict","","any"
"2142","STD_INSIDE_TO_IOT_3397","Shared","app-team","universal","inside","MGMT-JUMPBOX-01","any","any","iot","IOT-GATEWAY-01","any","ssl","application-default","Allow","strict","","any"
"2143","SCOPED_INTERNAL_DMZ_TO_AD_58","Shared","standard","universal","dmz","APP-SRV-01","any","any","ad","FILE-SRV-01","any","ssl","application-default","Allow","strict","","any"
"2144","STD_DMZ_TO_IOT_1325","Shared","none","universal","dmz","WORKSTATIONS-FLOOR1","any","any","iot","API-GATEWAY-01","any","ping","application-default","Allow","none","","any"
"2145","STD_IOT_TO_DMZ_2661","Shared","app-team","universal","iot","APP-SRV-02","any","any","dmz","MGMT-JUMPBOX-01","any","ssl","application-default","Allow","strict","","any"
"2146","STD_SERVER_TO_VOIP_3949","Shared","app-team","universal","server","WEB-SRV-01","any","any","voip","WORKSTATIONS-FLOOR1","any","sip","application-default","Allow","strict","","any"
"2147","SERVER_TO_DC_6","Shared","ad-auth","universal","server","WORKSTATIONS-FLOOR1","any","any","ad","DOMAIN-CONTROLLERS-G","any","ldap","application-default","Allow","none","","any"
"2148","STD_OUTSIDE_TO_INSIDE_1179","Shared","standard","universal","outside","any","any","any","inside","DC-01","any","ntp","application-default","Allow","strict","","any"
"2149","SCOPED_PARTNER_TO_WEB-SRV-01_28","Shared","partner-integration","universal","outside","PARTNER-VENDOR-A","any","any","dmz","WEB-SRV-01","any","ssl","application-default","Allow","strict","","any"
"2150","STD_POS_TO_AD_868","Shared","standard","universal","pos","WEB-SRV-01","any","any","ad","APP-SRV-02","any","ping","application-default","Allow","none","","any"
"2151","STD_POS_TO_SERVER_1124","Shared","standard","universal","pos","DC-01","any","any","server","APP-SRV-02","any","snmp-base","application-default","Allow","none","","any"
"2152","STD_MGMT_TO_INSIDE_2504","Shared","app-team","universal","mgmt","MGMT-JUMPBOX-01","any","any","inside","FILE-SRV-01","any","sip","application-default","Allow","none","","any"
"2153","DNS_OUTBOUND_21","Shared","none","universal","inside","MGMT-JUMPBOX-01","any","any","outside","9.9.9.9/32","any","any","tcp-853","Allow","none","","any"
"2154","OPEN_OUTSIDE_TO_CRITICAL-INFRA-G_3","Shared","none","universal","outside","any","any","any","server","CRITICAL-INFRA-G","any","ldap","application-default","Allow","none","","any"
"2155","STD_OUTSIDE_TO_AD_3187","Shared","app-team","universal","outside","any","any","any","ad","WORKSTATIONS-FLOOR1","any","ntp","application-default","Allow","none","","any"
"2156","STD_DMZ_TO_AD_817","Shared","none","universal","dmz","DB-SRV-01","any","any","ad","IOT-GATEWAY-01","any","dns","application-default","Allow","strict","","any"
"2157","STD_MGMT_TO_VOIP_726","Shared","none","universal","mgmt","IOT-GATEWAY-01","any","any","voip","WORKSTATIONS-FLOOR2","any","ping","application-default","Allow","strict","","any"
"2158","STD_MGMT_TO_OUTSIDE_508","Shared","app-team","universal","mgmt","API-GATEWAY-01","any","any","outside","9.9.9.9/32","any","snmp-base","application-default","Allow","strict","","any"
"2159","STD_VOIP_TO_AD_634","Shared","standard","universal","voip","WEB-SRV-01","any","any","ad","MGMT-JUMPBOX-01","any","smtp","application-default","Allow","strict","","any"
"2160","STD_DMZ_TO_MGMT_2434","Shared","none","universal","dmz","WEB-SRV-02","any","any","mgmt","WEB-SRV-01","any","snmp-base","application-default","Allow","none","","any"
"2161","STD_DMZ_TO_VOIP_3822","Shared","standard","universal","dmz","IOT-GATEWAY-01","any","any","voip","API-GATEWAY-01","any","sip","application-default","Allow","strict","","any"
"2162","STD_INSIDE_TO_MGMT_999","Shared","standard","universal","inside","APP-SRV-02","any","any","mgmt","API-GATEWAY-01","any","web-browsing","application-default","Allow","none","","any"
"2163","STD_DMZ_TO_OUTSIDE_2045","Shared","app-team","universal","dmz","WEB-SRV-01","any","any","outside","8.8.8.8/32","any","sip","application-default","Allow","strict","","any"
"2164","STD_MGMT_TO_DMZ_3184","Shared","standard","universal","mgmt","WEB-SRV-01","any","any","dmz","APP-SRV-01","any","snmp-base","application-default","Allow","none","","any"
"2165","STD_DMZ_TO_MGMT_272","Shared","standard","universal","dmz","APP-SRV-01","any","any","mgmt","WEB-SRV-02","any","ntp","application-default","Allow","strict","","any"
"2166","STD_AD_TO_OUTSIDE_145","Shared","app-team","universal","ad","API-GATEWAY-01","any","any","outside","8.8.8.8/32","any","dns","application-default","Allow","strict","","any"
"2167","STD_IOT_TO_POS_3400","Shared","none","universal","iot","VOIP-PBX-01","any","any","pos","APP-SRV-01","any","web-browsing","application-default","Allow","strict","","any"
"2168","STD_OUTSIDE_TO_SERVER_201","Shared","none","universal","outside","any","any","any","server","APP-SRV-02","any","ssl","application-default","Allow","strict","","any"
"2169","STD_DMZ_TO_MGMT_3719","Shared","none","universal","dmz","APP-SRV-01","any","any","mgmt","IOT-GATEWAY-01","any","sip","application-default","Allow","none","","any"
"2170","STD_OUTSIDE_TO_DMZ_230","Shared","app-team","universal","outside","any","any","any","dmz","IOT-GATEWAY-01","any","mqtt","application-default","Allow","strict","","any"
"2171","RISKY_OUTSIDE_TO_DC-01_95","Shared","remote-access","universal","outside","any","any","any","dmz","DC-01","any","teamviewer","application-default","Allow","none","","any"
"2172","STD_AD_TO_OUTSIDE_3135","Shared","app-team","universal","ad","APP-SRV-01","any","any","outside","9.9.9.9/32","any","ping","application-default","Allow","strict","","any"
"2173","STD_VOIP_TO_IOT_450","Shared","standard","universal","voip","WORKSTATIONS-FLOOR2","any","any","iot","WEB-SRV-01","any","ssl","application-default","Allow","none","","any"
"2174","NEGATED_SINGLE_8","Shared","legacy","universal","any","[Negate]  203.0.8.0/24","any","any","dmz","any","any","anydesk","application-default","Allow","none","","any"
"2175","STD_OUTSIDE_TO_POS_3504","Shared","standard","universal","outside","any","any","any","pos","WORKSTATIONS-FLOOR2","any","web-browsing","application-default","Allow","strict","","any"
"2176","STD_SERVER_TO_DMZ_3517","Shared","standard","universal","server","WEB-SRV-02","any","any","dmz","IOT-GATEWAY-01","any","ntp","application-default","Allow","none","","any"
"2177","STD_VOIP_TO_OUTSIDE_3893","Shared","app-team","universal","voip","API-GATEWAY-01","any","any","outside","8.8.8.8/32","any","web-browsing","application-default","Allow","strict","","any"
"2178","STD_AD_TO_IOT_2203","Shared","none","universal","ad","DC-01","any","any","iot","DC-01","any","ntp","application-default","Allow","none","","any"
"2179","STD_IOT_TO_SERVER_396","Shared","app-team","universal","iot","DB-SRV-01","any","any","server","APP-SRV-02","any","web-browsing","application-default","Allow","none","","any"
"2180","STD_AD_TO_INSIDE_1396","Shared","app-team","universal","ad","WORKSTATIONS-FLOOR2","any","any","inside","WORKSTATIONS-FLOOR2","any","dns","application-default","Allow","strict","","any"
"2181","STD_OUTSIDE_TO_MGMT_2197","Shared","none","universal","outside","any","any","any","mgmt","VOIP-PBX-01","any","snmp-base","application-default","Allow","none","","any"
"2182","DNS_OUTBOUND_14","Shared","none","universal","server","WORKSTATIONS-FLOOR1","any","any","outside","8.8.8.8/32","any","dns","tcp-853","Allow","strict","","any"
"2183","LEGACY_PORT_47","Shared","legacy-port","universal","outside","any","any","any","inside","FILE-SRV-01","any","any","tcp-6379","Allow","none","","any"
"2184","STD_AD_TO_POS_1262","Shared","standard","universal","ad","WORKSTATIONS-FLOOR2","any","any","pos","MGMT-JUMPBOX-01","any","mqtt","application-default","Allow","strict","","any"
"2185","STD_SERVER_TO_MGMT_1132","Shared","app-team","universal","server","WORKSTATIONS-FLOOR2","any","any","mgmt","MGMT-JUMPBOX-01","any","web-browsing","application-default","Allow","none","","any"
"2186","RISKY_OUTSIDE_TO_APP-SRV-01_50","Shared","remote-access","universal","outside","any","any","any","voip","APP-SRV-01","any","vnc","application-default","Allow","none","","any"
"2187","STD_OUTSIDE_TO_INSIDE_1438","Shared","none","universal","outside","any","any","any","inside","FILE-SRV-01","any","voip-generic","application-default","Allow","strict","","any"
"2188","STD_IOT_TO_POS_2062","Shared","app-team","universal","iot","DC-01","any","any","pos","APP-SRV-01","any","smtp","application-default","Allow","strict","","any"
"2189","STD_MGMT_TO_SERVER_2019","Shared","app-team","universal","mgmt","APP-SRV-01","any","any","server","DB-SRV-01","any","snmp-base","application-default","Allow","none","","any"
"2190","STD_OUTSIDE_TO_AD_1068","Shared","none","universal","outside","any","any","any","ad","API-GATEWAY-01","any","sip","application-default","Allow","strict","","any"
"2191","STD_MGMT_TO_INSIDE_2868","Shared","none","universal","mgmt","WORKSTATIONS-FLOOR2","any","any","inside","VOIP-PBX-01","any","mqtt","application-default","Allow","strict","","any"
"2192","STD_IOT_TO_DMZ_1397","Shared","none","universal","iot","WEB-SRV-01","any","any","dmz","WORKSTATIONS-FLOOR1","any","sip","application-default","Allow","strict","","any"
"2193","STD_VOIP_TO_OUTSIDE_2948","Shared","standard","universal","voip","IOT-GATEWAY-01","any","any","outside","8.8.8.8/32","any","ping","application-default","Allow","strict","","any"
"2194","STD_AD_TO_SERVER_3479","Shared","app-team","universal","ad","DB-SRV-01","any","any","server","MGMT-JUMPBOX-01","any","mqtt","application-default","Allow","strict","","any"
"2195","SCOPED_PARTNER_TO_WEB-SRV-01_24","Shared","partner-integration","universal","outside","PARTNER-VENDOR-B","any","any","dmz","WEB-SRV-01","any","ssl","application-default","Allow","strict","","any"
"2196","STD_AD_TO_POS_2387","Shared","app-team","universal","ad","IOT-GATEWAY-01","any","any","pos","WEB-SRV-02","any","ntp","application-default","Allow","none","","any"
"2197","STD_SERVER_TO_INSIDE_909","Shared","none","universal","server","APP-SRV-02","any","any","inside","DB-SRV-01","any","ssl","application-default","Allow","none","","any"
"2198","RISKY_OUTSIDE_TO_APP-SRV-02_106","Shared","remote-access","universal","outside","any","any","any","dmz","APP-SRV-02","any","ftp","application-default","Allow","none","","any"
"2199","STD_IOT_TO_MGMT_3693","Shared","app-team","universal","iot","VOIP-PBX-01","any","any","mgmt","WORKSTATIONS-FLOOR2","any","dns","application-default","Allow","strict","","any"
"2200","STD_IOT_TO_POS_152","Shared","none","universal","iot","MGMT-JUMPBOX-01","any","any","pos","FILE-SRV-01","any","ssl","application-default","Allow","strict","","any"
"2201","STD_VOIP_TO_OUTSIDE_3619","Shared","app-team","universal","voip","WORKSTATIONS-FLOOR1","any","any","outside","1.1.1.1/32","any","ping","application-default","Allow","none","","any"
"2202","STD_MGMT_TO_INSIDE_795","Shared","none","universal","mgmt","DB-SRV-01","any","any","inside","DC-01","any","ntp","application-default","Allow","strict","","any"
"2203","STD_INSIDE_TO_DMZ_2627","Shared","none","universal","inside","WORKSTATIONS-FLOOR2","any","any","dmz","WEB-SRV-02","any","sip","application-default","Allow","none","","any"
"2204","STD_SERVER_TO_VOIP_3369","Shared","none","universal","server","WEB-SRV-01","any","any","voip","APP-SRV-02","any","snmp-base","application-default","Allow","strict","","any"
"2205","STD_IOT_TO_POS_2368","Shared","standard","universal","iot","API-GATEWAY-01","any","any","pos","APP-SRV-01","any","smtp","application-default","Allow","none","","any"
"2206","STD_DMZ_TO_VOIP_642","Shared","standard","universal","dmz","APP-SRV-01","any","any","voip","FILE-SRV-01","any","voip-generic","application-default","Allow","strict","","any"
"2207","STD_IOT_TO_OUTSIDE_2558","Shared","app-team","universal","iot","APP-SRV-02","any","any","outside","8.8.8.8/32","any","voip-generic","application-default","Allow","strict","","any"
"2208","STD_SERVER_TO_MGMT_531","Shared","standard","universal","server","MGMT-JUMPBOX-01","any","any","mgmt","WEB-SRV-02","any","snmp-base","application-default","Allow","strict","","any"
"2209","OUTBOUND_OPEN_18","Shared","legacy-open","universal","iot","any","any","any","outside","any","any","any","any","Allow","none","","any"
"2210","STD_MGMT_TO_POS_1938","Shared","standard","universal","mgmt","API-GATEWAY-01","any","any","pos","DB-SRV-01","any","web-browsing","application-default","Allow","none","","any"
"2211","STD_IOT_TO_MGMT_2861","Shared","app-team","universal","iot","APP-SRV-02","any","any","mgmt","WORKSTATIONS-FLOOR2","any","ssl","application-default","Allow","strict","","any"
"2212","STD_MGMT_TO_AD_1885","Shared","app-team","universal","mgmt","WEB-SRV-02","any","any","ad","APP-SRV-01","any","ping","application-default","Allow","strict","","any"
"2213","STD_IOT_TO_DMZ_1643","Shared","app-team","universal","iot","WEB-SRV-02","any","any","dmz","DC-01","any","sip","application-default","Allow","strict","","any"
"2214","STD_VOIP_TO_MGMT_2467","Shared","none","universal","voip","IOT-GATEWAY-01","any","any","mgmt","WEB-SRV-01","any","ping","application-default","Allow","strict","","any"
"2215","SCOPED_INTERNAL_VOIP_TO_POS_56","Shared","standard","universal","voip","MGMT-JUMPBOX-01","any","any","pos","FILE-SRV-01","any","snmp-base","application-default","Allow","strict","","any"
"2216","STD_AD_TO_SERVER_812","Shared","standard","universal","ad","WORKSTATIONS-FLOOR2","any","any","server","WEB-SRV-02","any","smtp","application-default","Allow","strict","","any"
"2217","STD_VOIP_TO_DMZ_2720","Shared","none","universal","voip","WEB-SRV-02","any","any","dmz","WEB-SRV-01","any","snmp-base","application-default","Allow","strict","","any"
"2218","STD_OUTSIDE_TO_POS_794","Shared","none","universal","outside","any","any","any","pos","WEB-SRV-01","any","snmp-base","application-default","Allow","strict","","any"
"2219","STD_INSIDE_TO_VOIP_3726","Shared","app-team","universal","inside","WORKSTATIONS-FLOOR2","any","any","voip","WEB-SRV-02","any","ssl","application-default","Allow","none","","any"
"2220","STD_POS_TO_SERVER_1631","Shared","standard","universal","pos","WEB-SRV-01","any","any","server","DB-SRV-01","any","ssl","application-default","Allow","strict","","any"
"2221","BROAD_INTERNAL_POS_TO_VOIP_37","Shared","internal","universal","pos","any","any","any","voip","any","any","any","any","Allow","none","","any"
"2222","BROAD_INTERNAL_POS_TO_INSIDE_72","Shared","internal","universal","pos","any","any","any","inside","any","any","any","any","Allow","none","","any"
"2223","STD_AD_TO_DMZ_3509","Shared","standard","universal","ad","DB-SRV-01","any","any","dmz","MGMT-JUMPBOX-01","any","voip-generic","application-default","Allow","none","","any"
"2224","STD_DMZ_TO_IOT_1088","Shared","standard","universal","dmz","APP-SRV-02","any","any","iot","DB-SRV-01","any","voip-generic","application-default","Allow","strict","","any"
"2225","STD_INSIDE_TO_OUTSIDE_1810","Shared","none","universal","inside","DB-SRV-01","any","any","outside","9.9.9.9/32","any","ping","application-default","Allow","none","","any"
"2226","STD_INSIDE_TO_VOIP_198","Shared","app-team","universal","inside","WEB-SRV-01","any","any","voip","APP-SRV-01","any","smtp","application-default","Allow","strict","","any"
"2227","STD_POS_TO_MGMT_1863","Shared","standard","universal","pos","WORKSTATIONS-FLOOR2","any","any","mgmt","API-GATEWAY-01","any","voip-generic","application-default","Allow","strict","","any"
"2228","STD_SERVER_TO_DMZ_3650","Shared","app-team","universal","server","FILE-SRV-01","any","any","dmz","WEB-SRV-01","any","ntp","application-default","Allow","strict","","any"
"2229","STD_DMZ_TO_OUTSIDE_231","Shared","none","universal","dmz","WEB-SRV-01","any","any","outside","9.9.9.9/32","any","mqtt","application-default","Allow","strict","","any"
"2230","SCOPED_INTERNAL_IOT_TO_SERVER_67","Shared","standard","universal","iot","APP-SRV-01","any","any","server","APP-SRV-01","any","dns","application-default","Allow","strict","","any"
"2231","STD_MGMT_TO_INSIDE_3054","Shared","none","universal","mgmt","WORKSTATIONS-FLOOR1","any","any","inside","VOIP-PBX-01","any","ping","application-default","Allow","none","","any"
"2232","STD_IOT_TO_POS_2686","Shared","none","universal","iot","FILE-SRV-01","any","any","pos","WORKSTATIONS-FLOOR1","any","ssl","application-default","Allow","strict","","any"
"2233","RISKY_OUTSIDE_TO_DC-01_62","Shared","remote-access","universal","outside","any","any","any","iot","DC-01","any","mysql","application-default","Allow","none","","any"
"2234","STD_SERVER_TO_VOIP_2115","Shared","standard","universal","server","WORKSTATIONS-FLOOR1","any","any","voip","WORKSTATIONS-FLOOR2","any","ping","application-default","Allow","strict","","any"
"2235","STD_INSIDE_TO_POS_103","Shared","app-team","universal","inside","FILE-SRV-01","any","any","pos","FILE-SRV-01","any","dns","application-default","Allow","strict","","any"
"2236","OPEN_OUTSIDE_TO_CRITICAL-INFRA-G_69","Shared","none","universal","outside","any","any","any","dmz","CRITICAL-INFRA-G","any","logmein","any","Allow","none","","any"
"2237","STD_POS_TO_DMZ_518","Shared","standard","universal","pos","WORKSTATIONS-FLOOR2","any","any","dmz","WEB-SRV-01","any","voip-generic","application-default","Allow","none","","any"
"2238","STD_POS_TO_OUTSIDE_295","Shared","standard","universal","pos","APP-SRV-01","any","any","outside","9.9.9.9/32","any","ping","application-default","Allow","none","","any"
"2239","STD_INSIDE_TO_SERVER_1582","Shared","app-team","universal","inside","APP-SRV-02","any","any","server","MGMT-JUMPBOX-01","any","mqtt","application-default","Allow","strict","","any"
"2240","STD_OUTSIDE_TO_DMZ_2218","Shared","none","universal","outside","any","any","any","dmz","APP-SRV-01","any","voip-generic","application-default","Allow","strict","","any"
"2241","TEMP_ACCESS_15","Shared","trial-vendor","universal","outside","any","any","any","mgmt","any","any","any","any","Allow","none","","any"
"2242","STD_IOT_TO_AD_3600","Shared","standard","universal","iot","WORKSTATIONS-FLOOR2","any","any","ad","APP-SRV-01","any","dns","application-default","Allow","strict","","any"
"2243","STD_VOIP_TO_POS_2779","Shared","none","universal","voip","APP-SRV-02","any","any","pos","WEB-SRV-02","any","ntp","application-default","Allow","none","","any"
"2244","STD_SERVER_TO_MGMT_1488","Shared","none","universal","server","DC-01","any","any","mgmt","MGMT-JUMPBOX-01","any","ntp","application-default","Allow","strict","","any"
"2245","STD_POS_TO_VOIP_2459","Shared","app-team","universal","pos","MGMT-JUMPBOX-01","any","any","voip","MGMT-JUMPBOX-01","any","mqtt","application-default","Allow","strict","","any"
"2246","STD_IOT_TO_INSIDE_3658","Shared","app-team","universal","iot","WEB-SRV-01","any","any","inside","VOIP-PBX-01","any","ping","application-default","Allow","strict","","any"
"2247","STD_IOT_TO_AD_3460","Shared","app-team","universal","iot","APP-SRV-01","any","any","ad","WEB-SRV-02","any","sip","application-default","Allow","strict","","any"
"2248","STD_OUTSIDE_TO_INSIDE_2238","Shared","standard","universal","outside","any","any","any","inside","WEB-SRV-02","any","web-browsing","application-default","Allow","strict","","any"
"2249","STD_IOT_TO_MGMT_1195","Shared","app-team","universal","iot","WEB-SRV-01","any","any","mgmt","WEB-SRV-01","any","snmp-base","application-default","Allow","none","","any"
"2250","STD_OUTSIDE_TO_SERVER_933","Shared","none","universal","outside","any","any","any","server","WORKSTATIONS-FLOOR2","any","smtp","application-default","Allow","strict","","any"
"2251","STD_MGMT_TO_VOIP_1064","Shared","app-team","universal","mgmt","WEB-SRV-01","any","any","voip","DC-01","any","smtp","application-default","Allow","strict","","any"
"2252","STD_AD_TO_MGMT_2839","Shared","standard","universal","ad","IOT-GATEWAY-01","any","any","mgmt","WORKSTATIONS-FLOOR2","any","snmp-base","application-default","Allow","strict","","any"
"2253","SCOPED_PARTNER_TO_WEB-SRV-02_4","Shared","partner-integration","universal","outside","PARTNER-VENDOR-A","any","any","dmz","WEB-SRV-02","any","ssl","application-default","Allow","strict","","any"
"2254","STD_VOIP_TO_IOT_1516","Shared","app-team","universal","voip","APP-SRV-02","any","any","iot","FILE-SRV-01","any","dns","application-default","Allow","strict","","any"
"2255","STD_IOT_TO_MGMT_2390","Shared","app-team","universal","iot","APP-SRV-01","any","any","mgmt","WEB-SRV-02","any","sip","application-default","Allow","strict","","any"
"2256","[Disabled] OLD_DISABLED_7","Shared","none","universal","outside","any","any","any","inside","FILE-SRV-01","any","any","any","Allow","none","","any"
"2257","STD_DMZ_TO_IOT_2657","Shared","app-team","universal","dmz","IOT-GATEWAY-01","any","any","iot","WORKSTATIONS-FLOOR2","any","mqtt","application-default","Allow","strict","","any"
"2258","STD_SERVER_TO_VOIP_2739","Shared","none","universal","server","WEB-SRV-01","any","any","voip","APP-SRV-01","any","ssl","application-default","Allow","strict","","any"
"2259","STD_AD_TO_INSIDE_597","Shared","app-team","universal","ad","WEB-SRV-01","any","any","inside","MGMT-JUMPBOX-01","any","ssl","application-default","Allow","strict","","any"
"2260","CORP_TO_AD_28","Shared","admin-access","universal","inside","any","any","any","ad","any","any","any","application-default","Allow","none","","any"
"2261","STD_AD_TO_OUTSIDE_2076","Shared","standard","universal","ad","APP-SRV-01","any","any","outside","8.8.8.8/32","any","sip","application-default","Allow","strict","","any"
"2262","STD_AD_TO_VOIP_3222","Shared","standard","universal","ad","FILE-SRV-01","any","any","voip","WORKSTATIONS-FLOOR2","any","ntp","application-default","Allow","none","","any"
"2263","STD_OUTSIDE_TO_AD_32","Shared","standard","universal","outside","any","any","any","ad","DB-SRV-01","any","snmp-base","application-default","Allow","none","","any"
"2264","DNS_OUTBOUND_30","Shared","none","universal","server","APP-SRV-01","any","any","outside","1.1.1.1/32","any","dns-over-https","application-default","Allow","none","","any"
"2265","STD_DMZ_TO_IOT_1655","Shared","app-team","universal","dmz","IOT-GATEWAY-01","any","any","iot","DB-SRV-01","any","mqtt","application-default","Allow","none","","any"
"2266","OPEN_OUTSIDE_TO_MGMT-HOSTS-G_56","Shared","legacy-open","universal","outside","any","any","any","mgmt","MGMT-HOSTS-G","any","kerberos","any","Allow","none","","any"
"2267","STD_INSIDE_TO_OUTSIDE_144","Shared","none","universal","inside","WORKSTATIONS-FLOOR2","any","any","outside","9.9.9.9/32","any","voip-generic","application-default","Allow","none","","any"
"2268","OPEN_OUTSIDE_TO_POS-TERMINALS-G_111","Shared","legacy-open","universal","outside","any","any","any","mgmt","POS-TERMINALS-G","any","kerberos","application-default","Allow","none","","any"
"2269","STD_AD_TO_OUTSIDE_2641","Shared","none","universal","ad","WORKSTATIONS-FLOOR2","any","any","outside","1.1.1.1/32","any","smtp","application-default","Allow","strict","","any"
"2270","STD_OUTSIDE_TO_INSIDE_2869","Shared","none","universal","outside","any","any","any","inside","WORKSTATIONS-FLOOR1","any","web-browsing","application-default","Allow","none","","any"
"2271","IOT_TO_DC_18","Shared","ad-auth","universal","iot","WORKSTATIONS-FLOOR1","any","any","ad","DOMAIN-CONTROLLERS-G","any","kerberos","application-default","Allow","none","","any"
"2272","STD_AD_TO_DMZ_2872","Shared","standard","universal","ad","DB-SRV-01","any","any","dmz","VOIP-PBX-01","any","ssl","application-default","Allow","strict","","any"
"2273","STD_IOT_TO_VOIP_2534","Shared","app-team","universal","iot","FILE-SRV-01","any","any","voip","WEB-SRV-02","any","sip","application-default","Allow","strict","","any"
"2274","VOIP_TO_DC_70","Shared","ad-auth","universal","voip","WORKSTATIONS-FLOOR2","any","any","ad","DOMAIN-CONTROLLERS-G","any","ms-ds-smb","application-default","Allow","none","","any"
"2275","STD_POS_TO_AD_1317","Shared","none","universal","pos","FILE-SRV-01","any","any","ad","IOT-GATEWAY-01","any","web-browsing","application-default","Allow","strict","","any"
"2276","STD_POS_TO_IOT_836","Shared","app-team","universal","pos","WORKSTATIONS-FLOOR2","any","any","iot","DC-01","any","voip-generic","application-default","Allow","strict","","any"
"2277","STD_AD_TO_INSIDE_2320","Shared","app-team","universal","ad","WEB-SRV-02","any","any","inside","APP-SRV-01","any","ping","application-default","Allow","strict","","any"
"2278","STD_DMZ_TO_IOT_1135","Shared","standard","universal","dmz","WEB-SRV-01","any","any","iot","APP-SRV-02","any","voip-generic","application-default","Allow","none","","any"
"2279","STD_INSIDE_TO_AD_1030","Shared","none","universal","inside","VOIP-PBX-01","any","any","ad","DC-01","any","snmp-base","application-default","Allow","strict","","any"
"2280","OPEN_OUTSIDE_TO_APP-SERVERS-G_113","Shared","legacy-open","universal","outside","any","any","any","dmz","APP-SERVERS-G","any","kerberos","any","Allow","none","","any"
"2281","TEMP_ACCESS_4","Shared","trial-vendor","universal","outside","any","any","any","mgmt","any","any","any","any","Allow","none","","any"
"2282","STD_VOIP_TO_IOT_2521","Shared","none","universal","voip","APP-SRV-02","any","any","iot","DB-SRV-01","any","sip","application-default","Allow","none","","any"
"2283","STD_IOT_TO_SERVER_246","Shared","standard","universal","iot","WEB-SRV-02","any","any","server","WORKSTATIONS-FLOOR2","any","snmp-base","application-default","Allow","strict","","any"
"2284","STD_POS_TO_DMZ_3211","Shared","app-team","universal","pos","VOIP-PBX-01","any","any","dmz","MGMT-JUMPBOX-01","any","voip-generic","application-default","Allow","none","","any"
"2285","STD_VOIP_TO_INSIDE_466","Shared","none","universal","voip","MGMT-JUMPBOX-01","any","any","inside","WORKSTATIONS-FLOOR2","any","mqtt","application-default","Allow","strict","","any"
"2286","STD_SERVER_TO_AD_3803","Shared","standard","universal","server","WORKSTATIONS-FLOOR1","any","any","ad","APP-SRV-01","any","ping","application-default","Allow","strict","","any"
"2287","STD_SERVER_TO_INSIDE_704","Shared","standard","universal","server","APP-SRV-02","any","any","inside","WORKSTATIONS-FLOOR2","any","sip","application-default","Allow","strict","","any"
"2288","VOIP_TO_DC_28","Shared","ad-auth","universal","voip","any","any","any","ad","DOMAIN-CONTROLLERS-G","any","kerberos","application-default","Allow","none","","any"
"2289","SCOPED_INTERNAL_VOIP_TO_DMZ_55","Shared","standard","universal","voip","WORKSTATIONS-FLOOR1","any","any","dmz","APP-SRV-01","any","voip-generic","application-default","Allow","strict","","any"
"2290","STD_AD_TO_VOIP_929","Shared","standard","universal","ad","WORKSTATIONS-FLOOR2","any","any","voip","WEB-SRV-02","any","web-browsing","application-default","Allow","strict","","any"
"2291","STD_VOIP_TO_DMZ_1527","Shared","app-team","universal","voip","IOT-GATEWAY-01","any","any","dmz","API-GATEWAY-01","any","ntp","application-default","Allow","strict","","any"
"2292","STD_MGMT_TO_POS_132","Shared","none","universal","mgmt","WEB-SRV-02","any","any","pos","API-GATEWAY-01","any","smtp","application-default","Allow","none","","any"
"2293","STD_SERVER_TO_OUTSIDE_1211","Shared","app-team","universal","server","APP-SRV-02","any","any","outside","8.8.8.8/32","any","ping","application-default","Allow","strict","","any"
"2294","STD_OUTSIDE_TO_MGMT_1073","Shared","app-team","universal","outside","any","any","any","mgmt","WEB-SRV-02","any","web-browsing","application-default","Allow","none","","any"
"2295","STD_MGMT_TO_IOT_2773","Shared","app-team","universal","mgmt","MGMT-JUMPBOX-01","any","any","iot","IOT-GATEWAY-01","any","smtp","application-default","Allow","none","","any"
"2296","STD_DMZ_TO_OUTSIDE_1680","Shared","none","universal","dmz","FILE-SRV-01","any","any","outside","9.9.9.9/32","any","ping","application-default","Allow","strict","","any"
"2297","STD_OUTSIDE_TO_DMZ_3931","Shared","standard","universal","outside","any","any","any","dmz","APP-SRV-01","any","sip","application-default","Allow","strict","","any"
"2298","RISKY_OUTSIDE_TO_DC-01_24","Shared","remote-access","universal","outside","any","any","any","pos","DC-01","any","ms-rdp","application-default","Allow","none","","any"
"2299","RISKY_OUTSIDE_TO_FILE-SRV-01_17","Shared","remote-access","universal","outside","any","any","any","inside","FILE-SRV-01","any","ms-rdp","application-default","Allow","none","","any"
"2300","STD_VOIP_TO_OUTSIDE_2926","Shared","standard","universal","voip","IOT-GATEWAY-01","any","any","outside","1.1.1.1/32","any","ssl","application-default","Allow","none","","any"
"2301","STD_POS_TO_INSIDE_1721","Shared","none","universal","pos","DB-SRV-01","any","any","inside","WORKSTATIONS-FLOOR2","any","mqtt","application-default","Allow","none","","any"
"2302","STD_SERVER_TO_MGMT_961","Shared","app-team","universal","server","WEB-SRV-01","any","any","mgmt","APP-SRV-02","any","snmp-base","application-default","Allow","none","","any"
"2303","STD_POS_TO_DMZ_163","Shared","standard","universal","pos","DC-01","any","any","dmz","API-GATEWAY-01","any","snmp-base","application-default","Allow","strict","","any"
"2304","STD_AD_TO_VOIP_1251","Shared","standard","universal","ad","DB-SRV-01","any","any","voip","WEB-SRV-02","any","ntp","application-default","Allow","strict","","any"
"2305","SCOPED_PARTNER_TO_WEB-SRV-02_32","Shared","partner-integration","universal","outside","PARTNER-VENDOR-A","any","any","dmz","WEB-SRV-02","any","ssl","application-default","Allow","strict","","any"
"2306","BROAD_INTERNAL_SERVER_TO_POS_55","Shared","internal","universal","server","any","any","any","pos","any","any","any","any","Allow","none","","any"
"2307","LEGACY_PORT_4","Shared","legacy-port","universal","inside","any","any","any","server","BACKUP-SRV-01","any","any","tcp-3389","Allow","none","","any"
"2308","STD_VOIP_TO_AD_1859","Shared","app-team","universal","voip","VOIP-PBX-01","any","any","ad","FILE-SRV-01","any","web-browsing","application-default","Allow","none","","any"
"2309","STD_POS_TO_AD_214","Shared","none","universal","pos","WORKSTATIONS-FLOOR2","any","any","ad","DB-SRV-01","any","smtp","application-default","Allow","none","","any"
"2310","BROAD_INTERNAL_IOT_TO_SERVER_8","Shared","internal","universal","iot","any","any","any","server","any","any","any","any","Allow","none","","any"
"2311","SCOPED_INTERNAL_SERVER_TO_VOIP_99","Shared","standard","universal","server","WORKSTATIONS-FLOOR1","any","any","voip","DB-SRV-01","any","voip-generic","application-default","Allow","strict","","any"
"2312","STD_SERVER_TO_POS_3084","Shared","standard","universal","server","IOT-GATEWAY-01","any","any","pos","WORKSTATIONS-FLOOR1","any","ssl","application-default","Allow","none","","any"
"2313","TEMP_ACCESS_18","Shared","trial-vendor","universal","outside","any","any","any","voip","any","any","any","any","Allow","none","","any"
"2314","SCOPED_INTERNAL_SERVER_TO_INSIDE_14","Shared","standard","universal","server","MGMT-JUMPBOX-01","any","any","inside","FILE-SRV-01","any","mqtt","application-default","Allow","strict","","any"
"2315","STD_POS_TO_OUTSIDE_269","Shared","standard","universal","pos","FILE-SRV-01","any","any","outside","9.9.9.9/32","any","mqtt","application-default","Allow","strict","","any"
"2316","STD_AD_TO_MGMT_2445","Shared","app-team","universal","ad","VOIP-PBX-01","any","any","mgmt","WEB-SRV-02","any","ping","application-default","Allow","strict","","any"
"2317","STD_IOT_TO_OUTSIDE_87","Shared","standard","universal","iot","API-GATEWAY-01","any","any","outside","8.8.8.8/32","any","sip","application-default","Allow","strict","","any"
"2318","STD_IOT_TO_POS_1104","Shared","standard","universal","iot","IOT-GATEWAY-01","any","any","pos","FILE-SRV-01","any","web-browsing","application-default","Allow","none","","any"
"2319","STD_POS_TO_OUTSIDE_2583","Shared","standard","universal","pos","WEB-SRV-02","any","any","outside","8.8.8.8/32","any","voip-generic","application-default","Allow","strict","","any"
"2320","STD_AD_TO_POS_3782","Shared","none","universal","ad","APP-SRV-02","any","any","pos","APP-SRV-01","any","voip-generic","application-default","Allow","strict","","any"
"2321","STD_AD_TO_DMZ_1615","Shared","standard","universal","ad","IOT-GATEWAY-01","any","any","dmz","WORKSTATIONS-FLOOR1","any","ntp","application-default","Allow","strict","","any"
"2322","STD_INSIDE_TO_DMZ_3127","Shared","none","universal","inside","IOT-GATEWAY-01","any","any","dmz","API-GATEWAY-01","any","ssl","application-default","Allow","none","","any"
"2323","STD_POS_TO_AD_1830","Shared","app-team","universal","pos","APP-SRV-01","any","any","ad","WORKSTATIONS-FLOOR2","any","sip","application-default","Allow","none","","any"
"2324","STD_AD_TO_SERVER_177","Shared","none","universal","ad","WEB-SRV-01","any","any","server","IOT-GATEWAY-01","any","ping","application-default","Allow","none","","any"
"2325","STD_OUTSIDE_TO_VOIP_3571","Shared","standard","universal","outside","any","any","any","voip","IOT-GATEWAY-01","any","voip-generic","application-default","Allow","strict","","any"
"2326","STD_POS_TO_AD_3868","Shared","app-team","universal","pos","IOT-GATEWAY-01","any","any","ad","DC-01","any","dns","application-default","Allow","strict","","any"
"2327","STD_INSIDE_TO_SERVER_3765","Shared","app-team","universal","inside","DC-01","any","any","server","DB-SRV-01","any","ntp","application-default","Allow","strict","","any"
"2328","STD_VOIP_TO_POS_3870","Shared","none","universal","voip","DB-SRV-01","any","any","pos","WEB-SRV-01","any","dns","application-default","Allow","none","","any"
"2329","STD_VOIP_TO_INSIDE_1042","Shared","standard","universal","voip","API-GATEWAY-01","any","any","inside","APP-SRV-01","any","web-browsing","application-default","Allow","none","","any"
"2330","STD_POS_TO_AD_1704","Shared","app-team","universal","pos","APP-SRV-02","any","any","ad","WEB-SRV-01","any","voip-generic","application-default","Allow","strict","","any"
"2331","STD_IOT_TO_OUTSIDE_1735","Shared","app-team","universal","iot","WEB-SRV-02","any","any","outside","8.8.8.8/32","any","ntp","application-default","Allow","none","","any"
"2332","STD_VOIP_TO_OUTSIDE_1008","Shared","app-team","universal","voip","DB-SRV-01","any","any","outside","1.1.1.1/32","any","ssl","application-default","Allow","none","","any"
"2333","STD_OUTSIDE_TO_SERVER_2844","Shared","standard","universal","outside","any","any","any","server","DB-SRV-01","any","smtp","application-default","Allow","none","","any"
"2334","STD_IOT_TO_INSIDE_2830","Shared","app-team","universal","iot","APP-SRV-01","any","any","inside","DC-01","any","ntp","application-default","Allow","none","","any"
"2335","STD_DMZ_TO_VOIP_3523","Shared","none","universal","dmz","WORKSTATIONS-FLOOR1","any","any","voip","FILE-SRV-01","any","sip","application-default","Allow","none","","any"
"2336","STD_VOIP_TO_IOT_310","Shared","app-team","universal","voip","MGMT-JUMPBOX-01","any","any","iot","DC-01","any","smtp","application-default","Allow","strict","","any"
"2337","STD_POS_TO_OUTSIDE_3220","Shared","standard","universal","pos","DB-SRV-01","any","any","outside","9.9.9.9/32","any","mqtt","application-default","Allow","none","","any"
"2338","SCOPED_INTERNAL_SERVER_TO_POS_76","Shared","standard","universal","server","APP-SRV-01","any","any","pos","APP-SRV-01","any","snmp-base","application-default","Allow","strict","","any"
"2339","STD_VOIP_TO_DMZ_1617","Shared","app-team","universal","voip","API-GATEWAY-01","any","any","dmz","VOIP-PBX-01","any","mqtt","application-default","Allow","strict","","any"
"2340","STD_VOIP_TO_INSIDE_3483","Shared","standard","universal","voip","VOIP-PBX-01","any","any","inside","APP-SRV-02","any","sip","application-default","Allow","none","","any"
"2341","STD_INSIDE_TO_POS_407","Shared","none","universal","inside","API-GATEWAY-01","any","any","pos","FILE-SRV-01","any","ntp","application-default","Allow","none","","any"
"2342","STD_OUTSIDE_TO_AD_3686","Shared","standard","universal","outside","any","any","any","ad","VOIP-PBX-01","any","ssl","application-default","Allow","strict","","any"
"2343","STD_OUTSIDE_TO_DMZ_2109","Shared","none","universal","outside","any","any","any","dmz","DB-SRV-01","any","snmp-base","application-default","Allow","none","","any"
"2344","STD_VOIP_TO_INSIDE_1355","Shared","none","universal","voip","WEB-SRV-02","any","any","inside","WORKSTATIONS-FLOOR1","any","snmp-base","application-default","Allow","strict","","any"
"2345","STD_POS_TO_AD_86","Shared","standard","universal","pos","WORKSTATIONS-FLOOR2","any","any","ad","WORKSTATIONS-FLOOR1","any","dns","application-default","Allow","none","","any"
"2346","STD_IOT_TO_VOIP_3022","Shared","standard","universal","iot","WORKSTATIONS-FLOOR2","any","any","voip","WORKSTATIONS-FLOOR2","any","snmp-base","application-default","Allow","none","","any"
"2347","STD_POS_TO_IOT_2613","Shared","app-team","universal","pos","DC-01","any","any","iot","MGMT-JUMPBOX-01","any","snmp-base","application-default","Allow","none","","any"
"2348","STD_SERVER_TO_IOT_3260","Shared","standard","universal","server","APP-SRV-01","any","any","iot","WORKSTATIONS-FLOOR2","any","web-browsing","application-default","Allow","none","","any"
"2349","STD_SERVER_TO_OUTSIDE_1297","Shared","none","universal","server","DB-SRV-01","any","any","outside","9.9.9.9/32","any","voip-generic","application-default","Allow","strict","","any"
"2350","STD_INSIDE_TO_DMZ_2651","Shared","app-team","universal","inside","WEB-SRV-01","any","any","dmz","WEB-SRV-02","any","smtp","application-default","Allow","strict","","any"
"2351","STD_OUTSIDE_TO_DMZ_60","Shared","none","universal","outside","any","any","any","dmz","WEB-SRV-01","any","voip-generic","application-default","Allow","strict","","any"
"2352","LEGACY_PORT_17","Shared","legacy-port","universal","outside","any","any","any","server","APP-SRV-01","any","any","tcp-6379","Allow","none","","any"
"2353","STD_POS_TO_OUTSIDE_592","Shared","none","universal","pos","VOIP-PBX-01","any","any","outside","8.8.8.8/32","any","voip-generic","application-default","Allow","strict","","any"
"2354","STD_INSIDE_TO_POS_772","Shared","standard","universal","inside","FILE-SRV-01","any","any","pos","WORKSTATIONS-FLOOR2","any","web-browsing","application-default","Allow","none","","any"
"2355","SCOPED_PARTNER_TO_WEB-SRV-01_20","Shared","partner-integration","universal","outside","PARTNER-VENDOR-A","any","any","dmz","WEB-SRV-01","any","ssl","application-default","Allow","strict","","any"
"2356","STD_AD_TO_INSIDE_1273","Shared","standard","universal","ad","APP-SRV-01","any","any","inside","DB-SRV-01","any","web-browsing","application-default","Allow","strict","","any"
"2357","SCOPED_INTERNAL_DMZ_TO_POS_38","Shared","standard","universal","dmz","MGMT-JUMPBOX-01","any","any","pos","FILE-SRV-01","any","mqtt","application-default","Allow","strict","","any"
"2358","STD_SERVER_TO_AD_2804","Shared","standard","universal","server","APP-SRV-02","any","any","ad","WEB-SRV-02","any","voip-generic","application-default","Allow","none","","any"
"2359","STD_IOT_TO_OUTSIDE_3469","Shared","app-team","universal","iot","APP-SRV-02","any","any","outside","1.1.1.1/32","any","web-browsing","application-default","Allow","none","","any"
"2360","STD_POS_TO_AD_1014","Shared","app-team","universal","pos","WORKSTATIONS-FLOOR1","any","any","ad","FILE-SRV-01","any","ntp","application-default","Allow","none","","any"
"2361","STD_MGMT_TO_OUTSIDE_1173","Shared","standard","universal","mgmt","DB-SRV-01","any","any","outside","8.8.8.8/32","any","smtp","application-default","Allow","strict","","any"
"2362","STD_AD_TO_INSIDE_738","Shared","none","universal","ad","DB-SRV-01","any","any","inside","APP-SRV-02","any","voip-generic","application-default","Allow","strict","","any"
"2363","STD_POS_TO_INSIDE_2590","Shared","none","universal","pos","VOIP-PBX-01","any","any","inside","MGMT-JUMPBOX-01","any","ssl","application-default","Allow","none","","any"
"2364","STD_OUTSIDE_TO_MGMT_317","Shared","standard","universal","outside","any","any","any","mgmt","APP-SRV-01","any","dns","application-default","Allow","none","","any"
"2365","STD_DMZ_TO_SERVER_1220","Shared","standard","universal","dmz","VOIP-PBX-01","any","any","server","VOIP-PBX-01","any","ssl","application-default","Allow","strict","","any"
"2366","STD_DMZ_TO_IOT_294","Shared","app-team","universal","dmz","WORKSTATIONS-FLOOR2","any","any","iot","WEB-SRV-02","any","dns","application-default","Allow","strict","","any"
"2367","NEGATED_RFC1918_14","Shared","none","universal","dmz","[Negate]  10.0.0.0-10.255.255.255;[Negate]  172.16.0.0-172.31.255.255;[Negate]  192.168.0.0-192.168.255.255","any","any","outside","any","any","web-browsing","application-default","Allow","strict","","any"
"2368","SCOPED_PARTNER_TO_API-GATEWAY-01_9","Shared","partner-integration","universal","outside","PARTNER-VENDOR-A","any","any","dmz","API-GATEWAY-01","any","ssl","application-default","Allow","strict","","any"
"2369","STD_OUTSIDE_TO_IOT_3392","Shared","standard","universal","outside","any","any","any","iot","API-GATEWAY-01","any","sip","application-default","Allow","strict","","any"
"2370","OPEN_OUTSIDE_TO_POS-TERMINALS-G_108","Shared","legacy-open","universal","outside","any","any","any","server","POS-TERMINALS-G","any","any","any","Allow","none","","any"
"2371","STD_OUTSIDE_TO_AD_418","Shared","none","universal","outside","any","any","any","ad","FILE-SRV-01","any","snmp-base","application-default","Allow","strict","","any"
"2372","STD_SERVER_TO_AD_1636","Shared","none","universal","server","APP-SRV-02","any","any","ad","DC-01","any","ssl","application-default","Allow","strict","","any"
"2373","STD_POS_TO_MGMT_318","Shared","standard","universal","pos","DB-SRV-01","any","any","mgmt","VOIP-PBX-01","any","mqtt","application-default","Allow","strict","","any"
"2374","STD_DMZ_TO_AD_2205","Shared","app-team","universal","dmz","WORKSTATIONS-FLOOR2","any","any","ad","VOIP-PBX-01","any","ssl","application-default","Allow","none","","any"
"2375","STD_AD_TO_OUTSIDE_3005","Shared","none","universal","ad","APP-SRV-02","any","any","outside","8.8.8.8/32","any","dns","application-default","Allow","strict","","any"
"2376","STD_INSIDE_TO_DMZ_1831","Shared","standard","universal","inside","API-GATEWAY-01","any","any","dmz","APP-SRV-01","any","ping","application-default","Allow","strict","","any"
"2377","STD_IOT_TO_MGMT_1194","Shared","app-team","universal","iot","IOT-GATEWAY-01","any","any","mgmt","WEB-SRV-02","any","mqtt","application-default","Allow","none","","any"
"2378","STD_OUTSIDE_TO_SERVER_821","Shared","none","universal","outside","any","any","any","server","WEB-SRV-02","any","ping","application-default","Allow","strict","","any"
"2379","SCOPED_NO_PROFILE_29","Shared","partner-integration","universal","outside","PARTNER-VENDOR-A","any","any","dmz","API-GATEWAY-01","any","ssl","application-default","Allow","none","","any"
"2380","STD_DMZ_TO_POS_693","Shared","none","universal","dmz","WORKSTATIONS-FLOOR2","any","any","pos","WORKSTATIONS-FLOOR2","any","ntp","application-default","Allow","strict","","any"
"2381","STD_DMZ_TO_INSIDE_745","Shared","standard","universal","dmz","APP-SRV-02","any","any","inside","WEB-SRV-01","any","smtp","application-default","Allow","none","","any"
"2382","STD_IOT_TO_SERVER_3130","Shared","none","universal","iot","DC-01","any","any","server","MGMT-JUMPBOX-01","any","ntp","application-default","Allow","strict","","any"
"2383","STD_POS_TO_SERVER_1976","Shared","none","universal","pos","API-GATEWAY-01","any","any","server","APP-SRV-01","any","ssl","application-default","Allow","strict","","any"
"2384","STD_AD_TO_VOIP_1929","Shared","app-team","universal","ad","MGMT-JUMPBOX-01","any","any","voip","API-GATEWAY-01","any","snmp-base","application-default","Allow","strict","","any"
"2385","STD_DMZ_TO_INSIDE_3909","Shared","standard","universal","dmz","FILE-SRV-01","any","any","inside","DC-01","any","voip-generic","application-default","Allow","none","","any"
"2386","RISKY_OUTSIDE_TO_APP-SRV-02_118","Shared","remote-access","universal","outside","any","any","any","voip","APP-SRV-02","any","vnc","application-default","Allow","none","","any"
"2387","STD_INSIDE_TO_VOIP_2416","Shared","standard","universal","inside","APP-SRV-01","any","any","voip","WORKSTATIONS-FLOOR1","any","dns","application-default","Allow","none","","any"
"2388","BROAD_INTERNAL_VOIP_TO_SERVER_78","Shared","internal","universal","voip","any","any","any","server","any","any","any","any","Allow","none","","any"
"2389","OUTBOUND_SCOPED_33","Shared","outbound-standard","universal","server","MGMT-JUMPBOX-01","any","any","outside","203.7.78.243/32","any","dns","application-default","Allow","strict","","any"
"2390","STD_OUTSIDE_TO_INSIDE_934","Shared","none","universal","outside","any","any","any","inside","APP-SRV-02","any","dns","application-default","Allow","strict","","any"
"2391","SCOPED_INTERNAL_IOT_TO_VOIP_7","Shared","standard","universal","iot","MGMT-JUMPBOX-01","any","any","voip","DB-SRV-01","any","voip-generic","application-default","Allow","strict","","any"
"2392","STD_IOT_TO_DMZ_2473","Shared","standard","universal","iot","VOIP-PBX-01","any","any","dmz","WEB-SRV-02","any","sip","application-default","Allow","strict","","any"
"2393","STD_INSIDE_TO_POS_104","Shared","standard","universal","inside","MGMT-JUMPBOX-01","any","any","pos","DB-SRV-01","any","snmp-base","application-default","Allow","strict","","any"
"2394","STD_OUTSIDE_TO_POS_176","Shared","app-team","universal","outside","any","any","any","pos","IOT-GATEWAY-01","any","voip-generic","application-default","Allow","none","","any"
"2395","STD_IOT_TO_OUTSIDE_1815","Shared","app-team","universal","iot","IOT-GATEWAY-01","any","any","outside","9.9.9.9/32","any","ntp","application-default","Allow","strict","","any"
"2396","STD_OUTSIDE_TO_VOIP_2611","Shared","standard","universal","outside","any","any","any","voip","API-GATEWAY-01","any","ntp","application-default","Allow","none","","any"
"2397","STD_IOT_TO_AD_3032","Shared","standard","universal","iot","API-GATEWAY-01","any","any","ad","API-GATEWAY-01","any","mqtt","application-default","Allow","strict","","any"
"2398","OPEN_OUTSIDE_TO_CRITICAL-INFRA-G_102","Shared","none","universal","outside","any","any","any","pos","CRITICAL-INFRA-G","any","kerberos","any","Allow","none","","any"
"2399","STD_SERVER_TO_VOIP_3776","Shared","none","universal","server","MGMT-JUMPBOX-01","any","any","voip","IOT-GATEWAY-01","any","smtp","application-default","Allow","strict","","any"
"2400","STD_VOIP_TO_SERVER_3610","Shared","app-team","universal","voip","WORKSTATIONS-FLOOR1","any","any","server","WORKSTATIONS-FLOOR2","any","dns","application-default","Allow","strict","","any"
"2401","REMOTE_ACCESS_12","Shared","remote-support","universal","outside","any","any","any","ad","APP-SRV-01","any","anydesk","application-default","Allow","none","","any"
"2402","STD_SERVER_TO_POS_3452","Shared","app-team","universal","server","WEB-SRV-01","any","any","pos","WEB-SRV-02","any","smtp","application-default","Allow","strict","","any"
"2403","STD_DMZ_TO_POS_975","Shared","standard","universal","dmz","WORKSTATIONS-FLOOR2","any","any","pos","IOT-GATEWAY-01","any","sip","application-default","Allow","strict","","any"
"2404","STD_POS_TO_VOIP_1782","Shared","app-team","universal","pos","WEB-SRV-01","any","any","voip","WEB-SRV-01","any","web-browsing","application-default","Allow","strict","","any"
"2405","STD_SERVER_TO_MGMT_2865","Shared","app-team","universal","server","MGMT-JUMPBOX-01","any","any","mgmt","WEB-SRV-01","any","voip-generic","application-default","Allow","strict","","any"
"2406","RISKY_OUTSIDE_TO_APP-SRV-01_117","Shared","remote-access","universal","outside","any","any","any","voip","APP-SRV-01","any","ms-rdp","application-default","Allow","none","","any"
"2407","SERVER_TO_DC_24","Shared","ad-auth","universal","server","WORKSTATIONS-FLOOR1","any","any","ad","DOMAIN-CONTROLLERS-G","any","ldap","application-default","Allow","none","","any"
"2408","STD_VOIP_TO_DMZ_3250","Shared","none","universal","voip","WEB-SRV-01","any","any","dmz","MGMT-JUMPBOX-01","any","dns","application-default","Allow","strict","","any"
"2409","STD_MGMT_TO_POS_3318","Shared","standard","universal","mgmt","API-GATEWAY-01","any","any","pos","API-GATEWAY-01","any","web-browsing","application-default","Allow","strict","","any"
"2410","STD_VOIP_TO_POS_3750","Shared","none","universal","voip","DC-01","any","any","pos","WEB-SRV-02","any","dns","application-default","Allow","strict","","any"
"2411","STD_SERVER_TO_OUTSIDE_3806","Shared","standard","universal","server","VOIP-PBX-01","any","any","outside","1.1.1.1/32","any","ping","application-default","Allow","none","","any"
"2412","STD_VOIP_TO_INSIDE_1695","Shared","standard","universal","voip","API-GATEWAY-01","any","any","inside","MGMT-JUMPBOX-01","any","smtp","application-default","Allow","none","","any"
"2413","STD_DMZ_TO_AD_3246","Shared","standard","universal","dmz","VOIP-PBX-01","any","any","ad","MGMT-JUMPBOX-01","any","ntp","application-default","Allow","strict","","any"
"2414","STD_DMZ_TO_POS_1499","Shared","none","universal","dmz","MGMT-JUMPBOX-01","any","any","pos","APP-SRV-01","any","ping","application-default","Allow","none","","any"
"2415","STD_VOIP_TO_IOT_3692","Shared","app-team","universal","voip","MGMT-JUMPBOX-01","any","any","iot","MGMT-JUMPBOX-01","any","mqtt","application-default","Allow","strict","","any"
"2416","RISKY_OUTSIDE_TO_FILE-SRV-01_36","Shared","remote-access","universal","outside","any","any","any","pos","FILE-SRV-01","any","mysql","application-default","Allow","none","","any"
"2417","STD_SERVER_TO_OUTSIDE_1126","Shared","none","universal","server","WEB-SRV-01","any","any","outside","9.9.9.9/32","any","sip","application-default","Allow","none","","any"
"2418","STD_POS_TO_INSIDE_911","Shared","standard","universal","pos","WEB-SRV-01","any","any","inside","IOT-GATEWAY-01","any","voip-generic","application-default","Allow","none","","any"
"2419","STD_AD_TO_POS_1640","Shared","none","universal","ad","APP-SRV-02","any","any","pos","WEB-SRV-01","any","web-browsing","application-default","Allow","none","","any"
"2420","STD_IOT_TO_VOIP_2780","Shared","none","universal","iot","VOIP-PBX-01","any","any","voip","MGMT-JUMPBOX-01","any","ping","application-default","Allow","none","","any"
"2421","STD_INSIDE_TO_DMZ_1670","Shared","standard","universal","inside","WEB-SRV-02","any","any","dmz","DC-01","any","snmp-base","application-default","Allow","strict","","any"
"2422","SCOPED_INTERNAL_IOT_TO_MGMT_85","Shared","standard","universal","iot","APP-SRV-01","any","any","mgmt","APP-SRV-01","any","mqtt","application-default","Allow","strict","","any"
"2423","STD_DMZ_TO_INSIDE_3083","Shared","app-team","universal","dmz","DB-SRV-01","any","any","inside","IOT-GATEWAY-01","any","sip","application-default","Allow","strict","","any"
"2424","STD_IOT_TO_POS_3813","Shared","none","universal","iot","WORKSTATIONS-FLOOR1","any","any","pos","API-GATEWAY-01","any","snmp-base","application-default","Allow","strict","","any"
"2425","STD_IOT_TO_VOIP_3355","Shared","standard","universal","iot","DB-SRV-01","any","any","voip","API-GATEWAY-01","any","voip-generic","application-default","Allow","strict","","any"
"2426","STD_VOIP_TO_POS_3433","Shared","standard","universal","voip","WEB-SRV-01","any","any","pos","API-GATEWAY-01","any","ping","application-default","Allow","strict","","any"
"2427","STD_OUTSIDE_TO_SERVER_3052","Shared","standard","universal","outside","any","any","any","server","WEB-SRV-02","any","dns","application-default","Allow","strict","","any"
"2428","STD_VOIP_TO_MGMT_560","Shared","app-team","universal","voip","WORKSTATIONS-FLOOR2","any","any","mgmt","IOT-GATEWAY-01","any","smtp","application-default","Allow","strict","","any"
"2429","STD_POS_TO_MGMT_3617","Shared","standard","universal","pos","APP-SRV-01","any","any","mgmt","APP-SRV-01","any","dns","application-default","Allow","strict","","any"
"2430","STD_MGMT_TO_DMZ_3065","Shared","standard","universal","mgmt","MGMT-JUMPBOX-01","any","any","dmz","API-GATEWAY-01","any","ping","application-default","Allow","strict","","any"
"2431","STD_POS_TO_OUTSIDE_1722","Shared","standard","universal","pos","WORKSTATIONS-FLOOR2","any","any","outside","1.1.1.1/32","any","dns","application-default","Allow","strict","","any"
"2432","STD_POS_TO_IOT_3172","Shared","app-team","universal","pos","VOIP-PBX-01","any","any","iot","MGMT-JUMPBOX-01","any","sip","application-default","Allow","strict","","any"
"2433","RISKY_OUTSIDE_TO_APP-SRV-01_45","Shared","remote-access","universal","outside","any","any","any","ad","APP-SRV-01","any","telnet","application-default","Allow","none","","any"
"2434","STD_AD_TO_DMZ_1141","Shared","none","universal","ad","WEB-SRV-02","any","any","dmz","APP-SRV-01","any","ntp","application-default","Allow","strict","","any"
"2435","STD_POS_TO_VOIP_686","Shared","app-team","universal","pos","WEB-SRV-02","any","any","voip","WEB-SRV-01","any","ping","application-default","Allow","strict","","any"
"2436","STD_AD_TO_OUTSIDE_1996","Shared","standard","universal","ad","DC-01","any","any","outside","9.9.9.9/32","any","ping","application-default","Allow","strict","","any"
"2437","STD_MGMT_TO_INSIDE_3141","Shared","app-team","universal","mgmt","IOT-GATEWAY-01","any","any","inside","APP-SRV-02","any","smtp","application-default","Allow","strict","","any"
"2438","STD_DMZ_TO_SERVER_490","Shared","app-team","universal","dmz","APP-SRV-01","any","any","server","APP-SRV-01","any","mqtt","application-default","Allow","none","","any"
"2439","STD_DMZ_TO_POS_559","Shared","none","universal","dmz","FILE-SRV-01","any","any","pos","WEB-SRV-02","any","web-browsing","application-default","Allow","strict","","any"
"2440","STD_AD_TO_POS_546","Shared","standard","universal","ad","IOT-GATEWAY-01","any","any","pos","APP-SRV-02","any","smtp","application-default","Allow","none","","any"
"2441","STD_VOIP_TO_SERVER_1393","Shared","standard","universal","voip","IOT-GATEWAY-01","any","any","server","DB-SRV-01","any","voip-generic","application-default","Allow","strict","","any"
"2442","STD_VOIP_TO_INSIDE_989","Shared","none","universal","voip","WORKSTATIONS-FLOOR2","any","any","inside","WEB-SRV-02","any","ntp","application-default","Allow","strict","","any"
"2443","LEGACY_PORT_43","Shared","legacy-port","universal","outside","any","any","any","iot","DC-02","any","any","tcp-8080","Allow","none","","any"
"2444","STD_MGMT_TO_DMZ_1408","Shared","standard","universal","mgmt","WORKSTATIONS-FLOOR1","any","any","dmz","MGMT-JUMPBOX-01","any","ping","application-default","Allow","strict","","any"
"2445","SCOPED_PARTNER_TO_API-GATEWAY-01_22","Shared","partner-integration","universal","outside","THIRD-PARTY-PAYMENT-GW","any","any","dmz","API-GATEWAY-01","any","ssl","application-default","Allow","strict","","any"
"2446","STD_VOIP_TO_DMZ_3485","Shared","standard","universal","voip","API-GATEWAY-01","any","any","dmz","MGMT-JUMPBOX-01","any","dns","application-default","Allow","strict","","any"
"2447","STD_IOT_TO_VOIP_2609","Shared","app-team","universal","iot","API-GATEWAY-01","any","any","voip","DB-SRV-01","any","ntp","application-default","Allow","none","","any"
"2448","STD_MGMT_TO_POS_3183","Shared","app-team","universal","mgmt","WEB-SRV-02","any","any","pos","APP-SRV-02","any","ssl","application-default","Allow","strict","","any"
"2449","STD_POS_TO_SERVER_691","Shared","app-team","universal","pos","WORKSTATIONS-FLOOR2","any","any","server","WEB-SRV-01","any","snmp-base","application-default","Allow","strict","","any"
"2450","OUTBOUND_OPEN_15","Shared","legacy-open","universal","mgmt","any","any","any","outside","any","any","any","any","Allow","none","","any"
"2451","STD_DMZ_TO_SERVER_3325","Shared","standard","universal","dmz","DC-01","any","any","server","APP-SRV-01","any","sip","application-default","Allow","strict","","any"
"2452","STD_OUTSIDE_TO_VOIP_1573","Shared","app-team","universal","outside","any","any","any","voip","WORKSTATIONS-FLOOR2","any","sip","application-default","Allow","strict","","any"
"2453","OPEN_OUTSIDE_TO_MGMT-HOSTS-G_13","Shared","legacy-open","universal","outside","any","any","any","pos","MGMT-HOSTS-G","any","ms-rdp","application-default","Allow","none","","any"
"2454","STD_MGMT_TO_IOT_2107","Shared","app-team","universal","mgmt","VOIP-PBX-01","any","any","iot","WEB-SRV-02","any","ping","application-default","Allow","none","","any"
"2455","STD_VOIP_TO_POS_3276","Shared","none","universal","voip","VOIP-PBX-01","any","any","pos","WORKSTATIONS-FLOOR1","any","voip-generic","application-default","Allow","strict","","any"
"2456","STD_OUTSIDE_TO_POS_2726","Shared","app-team","universal","outside","any","any","any","pos","DB-SRV-01","any","ntp","application-default","Allow","none","","any"
"2457","STD_OUTSIDE_TO_MGMT_1727","Shared","app-team","universal","outside","any","any","any","mgmt","WEB-SRV-02","any","ssl","application-default","Allow","strict","","any"
"2458","STD_SERVER_TO_INSIDE_2165","Shared","none","universal","server","MGMT-JUMPBOX-01","any","any","inside","MGMT-JUMPBOX-01","any","ping","application-default","Allow","none","","any"
"2459","SCOPED_PARTNER_TO_WEB-SRV-02_1","Shared","partner-integration","universal","outside","THIRD-PARTY-PAYMENT-GW","any","any","dmz","WEB-SRV-02","any","ssl","application-default","Allow","strict","","any"
"2460","STD_VOIP_TO_SERVER_3071","Shared","none","universal","voip","IOT-GATEWAY-01","any","any","server","DB-SRV-01","any","snmp-base","application-default","Allow","strict","","any"
"2461","STD_INSIDE_TO_POS_1519","Shared","standard","universal","inside","WORKSTATIONS-FLOOR2","any","any","pos","IOT-GATEWAY-01","any","ntp","application-default","Allow","strict","","any"
"2462","STD_DMZ_TO_INSIDE_1357","Shared","none","universal","dmz","WEB-SRV-01","any","any","inside","WEB-SRV-01","any","smtp","application-default","Allow","strict","","any"
"2463","STD_AD_TO_DMZ_2339","Shared","none","universal","ad","FILE-SRV-01","any","any","dmz","VOIP-PBX-01","any","smtp","application-default","Allow","none","","any"
"2464","OPEN_OUTSIDE_TO_CRITICAL-INFRA-G_71","Shared","legacy-open","universal","outside","any","any","any","dmz","CRITICAL-INFRA-G","any","telnet","application-default","Allow","none","","any"
"2465","STD_POS_TO_DMZ_834","Shared","standard","universal","pos","DB-SRV-01","any","any","dmz","DB-SRV-01","any","ntp","application-default","Allow","strict","","any"
"2466","STD_INSIDE_TO_IOT_368","Shared","app-team","universal","inside","VOIP-PBX-01","any","any","iot","APP-SRV-02","any","snmp-base","application-default","Allow","strict","","any"
"2467","STD_MGMT_TO_OUTSIDE_2486","Shared","app-team","universal","mgmt","VOIP-PBX-01","any","any","outside","8.8.8.8/32","any","ssl","application-default","Allow","strict","","any"
"2468","STD_VOIP_TO_IOT_3277","Shared","none","universal","voip","DB-SRV-01","any","any","iot","WORKSTATIONS-FLOOR1","any","web-browsing","application-default","Allow","none","","any"
"2469","SCOPED_PARTNER_TO_API-GATEWAY-01_17","Shared","partner-integration","universal","outside","THIRD-PARTY-PAYMENT-GW","any","any","dmz","API-GATEWAY-01","any","ssl","application-default","Allow","strict","","any"
"2470","BROAD_INTERNAL_VOIP_TO_POS_84","Shared","internal","universal","voip","any","any","any","pos","any","any","any","any","Allow","none","","any"
"2471","STD_DMZ_TO_IOT_2733","Shared","standard","universal","dmz","APP-SRV-01","any","any","iot","MGMT-JUMPBOX-01","any","dns","application-default","Allow","strict","","any"
"2472","STD_AD_TO_VOIP_3098","Shared","app-team","universal","ad","API-GATEWAY-01","any","any","voip","DB-SRV-01","any","sip","application-default","Allow","none","","any"
"2473","RISKY_OUTSIDE_TO_APP-SRV-02_44","Shared","remote-access","universal","outside","any","any","any","inside","APP-SRV-02","any","ftp","application-default","Allow","none","","any"
"2474","STD_VOIP_TO_IOT_2679","Shared","app-team","universal","voip","APP-SRV-01","any","any","iot","DB-SRV-01","any","sip","application-default","Allow","none","","any"
"2475","STD_AD_TO_OUTSIDE_2542","Shared","app-team","universal","ad","DC-01","any","any","outside","9.9.9.9/32","any","ntp","application-default","Allow","none","","any"
"2476","STD_OUTSIDE_TO_MGMT_1921","Shared","app-team","universal","outside","any","any","any","mgmt","APP-SRV-02","any","dns","application-default","Allow","none","","any"
"2477","CORP_TO_AD_7","Shared","admin-access","universal","dmz","any","any","any","ad","any","any","any","application-default","Allow","none","","any"
"2478","STD_INSIDE_TO_DMZ_3472","Shared","none","universal","inside","DC-01","any","any","dmz","MGMT-JUMPBOX-01","any","sip","application-default","Allow","strict","","any"
"2479","STD_IOT_TO_INSIDE_264","Shared","standard","universal","iot","WORKSTATIONS-FLOOR1","any","any","inside","WORKSTATIONS-FLOOR1","any","smtp","application-default","Allow","none","","any"
"2480","STD_INSIDE_TO_VOIP_2033","Shared","none","universal","inside","DB-SRV-01","any","any","voip","APP-SRV-02","any","snmp-base","application-default","Allow","strict","","any"
"2481","STD_SERVER_TO_OUTSIDE_1118","Shared","none","universal","server","MGMT-JUMPBOX-01","any","any","outside","8.8.8.8/32","any","voip-generic","application-default","Allow","strict","","any"
"2482","IOT_TO_DC_71","Shared","ad-auth","universal","iot","WORKSTATIONS-FLOOR2","any","any","ad","DOMAIN-CONTROLLERS-G","any","kerberos","application-default","Allow","none","","any"
"2483","STD_DMZ_TO_SERVER_984","Shared","none","universal","dmz","DB-SRV-01","any","any","server","WORKSTATIONS-FLOOR2","any","voip-generic","application-default","Allow","strict","","any"
"2484","STD_AD_TO_OUTSIDE_1301","Shared","none","universal","ad","VOIP-PBX-01","any","any","outside","8.8.8.8/32","any","dns","application-default","Allow","strict","","any"
"2485","STD_DMZ_TO_AD_1521","Shared","app-team","universal","dmz","WORKSTATIONS-FLOOR2","any","any","ad","IOT-GATEWAY-01","any","mqtt","application-default","Allow","none","","any"
"2486","STD_SERVER_TO_DMZ_14","Shared","app-team","universal","server","WEB-SRV-01","any","any","dmz","APP-SRV-02","any","ntp","application-default","Allow","strict","","any"
"2487","STD_VOIP_TO_MGMT_3546","Shared","standard","universal","voip","IOT-GATEWAY-01","any","any","mgmt","WORKSTATIONS-FLOOR1","any","mqtt","application-default","Allow","strict","","any"
"2488","CORP_TO_AD_6","Shared","admin-access","universal","dmz","any","any","any","ad","any","any","any","application-default","Allow","none","","any"
"2489","STD_DMZ_TO_MGMT_1697","Shared","none","universal","dmz","API-GATEWAY-01","any","any","mgmt","IOT-GATEWAY-01","any","web-browsing","application-default","Allow","strict","","any"
"2490","STD_VOIP_TO_AD_2703","Shared","standard","universal","voip","VOIP-PBX-01","any","any","ad","WORKSTATIONS-FLOOR1","any","web-browsing","application-default","Allow","none","","any"
"2491","STD_OUTSIDE_TO_POS_3210","Shared","app-team","universal","outside","any","any","any","pos","MGMT-JUMPBOX-01","any","mqtt","application-default","Allow","strict","","any"
"2492","SCOPED_INTERNAL_MGMT_TO_SERVER_62","Shared","standard","universal","mgmt","WORKSTATIONS-FLOOR1","any","any","server","APP-SRV-01","any","web-browsing","application-default","Allow","strict","","any"
"2493","STD_POS_TO_OUTSIDE_1186","Shared","standard","universal","pos","MGMT-JUMPBOX-01","any","any","outside","8.8.8.8/32","any","smtp","application-default","Allow","none","","any"
"2494","STD_OUTSIDE_TO_AD_291","Shared","app-team","universal","outside","any","any","any","ad","VOIP-PBX-01","any","ntp","application-default","Allow","strict","","any"
"2495","SCOPED_PARTNER_TO_WEB-SRV-02_54","Shared","partner-integration","universal","outside","THIRD-PARTY-PAYMENT-GW","any","any","dmz","WEB-SRV-02","any","ssl","application-default","Allow","strict","","any"
"2496","SCOPED_INTERNAL_VOIP_TO_AD_29","Shared","standard","universal","voip","APP-SRV-01","any","any","ad","APP-SRV-01","any","smtp","application-default","Allow","strict","","any"
"2497","STD_IOT_TO_OUTSIDE_862","Shared","standard","universal","iot","DB-SRV-01","any","any","outside","8.8.8.8/32","any","dns","application-default","Allow","none","","any"
"2498","STD_VOIP_TO_POS_1708","Shared","none","universal","voip","WORKSTATIONS-FLOOR1","any","any","pos","VOIP-PBX-01","any","web-browsing","application-default","Allow","strict","","any"
"2499","STD_OUTSIDE_TO_IOT_3401","Shared","app-team","universal","outside","any","any","any","iot","DB-SRV-01","any","mqtt","application-default","Allow","none","","any"
"2500","STD_VOIP_TO_INSIDE_1674","Shared","none","universal","voip","FILE-SRV-01","any","any","inside","WORKSTATIONS-FLOOR1","any","ping","application-default","Allow","none","","any"
"2501","STD_SERVER_TO_VOIP_2862","Shared","none","universal","server","WEB-SRV-01","any","any","voip","DB-SRV-01","any","web-browsing","application-default","Allow","none","","any"
"2502","STD_INSIDE_TO_POS_1967","Shared","none","universal","inside","WEB-SRV-01","any","any","pos","APP-SRV-02","any","snmp-base","application-default","Allow","strict","","any"
"2503","STD_POS_TO_MGMT_2457","Shared","none","universal","pos","MGMT-JUMPBOX-01","any","any","mgmt","WORKSTATIONS-FLOOR1","any","ntp","application-default","Allow","strict","","any"
"2504","SCOPED_INTERNAL_DMZ_TO_AD_60","Shared","standard","universal","dmz","MGMT-JUMPBOX-01","any","any","ad","FILE-SRV-01","any","voip-generic","application-default","Allow","strict","","any"
"2505","OPEN_OUTSIDE_TO_WEB-SERVERS-G_87","Shared","legacy-open","universal","outside","any","any","any","pos","WEB-SERVERS-G","any","logmein","application-default","Allow","none","","any"
"2506","STD_VOIP_TO_IOT_1941","Shared","app-team","universal","voip","DC-01","any","any","iot","API-GATEWAY-01","any","ntp","application-default","Allow","none","","any"
"2507","OPEN_OUTSIDE_TO_APP-SERVERS-G_74","Shared","none","universal","outside","any","any","any","pos","APP-SERVERS-G","any","ms-rdp","application-default","Allow","none","","any"
"2508","STD_AD_TO_DMZ_2180","Shared","none","universal","ad","WORKSTATIONS-FLOOR2","any","any","dmz","API-GATEWAY-01","any","mqtt","application-default","Allow","none","","any"
"2509","STD_IOT_TO_DMZ_2179","Shared","standard","universal","iot","DB-SRV-01","any","any","dmz","IOT-GATEWAY-01","any","sip","application-default","Allow","strict","","any"
"2510","STD_DMZ_TO_OUTSIDE_1146","Shared","none","universal","dmz","DC-01","any","any","outside","8.8.8.8/32","any","snmp-base","application-default","Allow","strict","","any"
"2511","STD_AD_TO_OUTSIDE_804","Shared","none","universal","ad","DB-SRV-01","any","any","outside","8.8.8.8/32","any","smtp","application-default","Allow","strict","","any"
"2512","STD_OUTSIDE_TO_IOT_68","Shared","standard","universal","outside","any","any","any","iot","APP-SRV-01","any","dns","application-default","Allow","none","","any"
"2513","SCOPED_PARTNER_TO_API-GATEWAY-01_13","Shared","partner-integration","universal","outside","PARTNER-VENDOR-A","any","any","dmz","API-GATEWAY-01","any","ssl","application-default","Allow","strict","","any"
"2514","STD_INSIDE_TO_AD_1953","Shared","standard","universal","inside","API-GATEWAY-01","any","any","ad","API-GATEWAY-01","any","voip-generic","application-default","Allow","strict","","any"
"2515","STD_VOIP_TO_MGMT_540","Shared","standard","universal","voip","WEB-SRV-02","any","any","mgmt","APP-SRV-01","any","voip-generic","application-default","Allow","strict","","any"
"2516","STD_POS_TO_SERVER_46","Shared","app-team","universal","pos","APP-SRV-02","any","any","server","DC-01","any","snmp-base","application-default","Allow","strict","","any"
"2517","STD_OUTSIDE_TO_VOIP_2087","Shared","standard","universal","outside","any","any","any","voip","WEB-SRV-01","any","ssl","application-default","Allow","strict","","any"
"2518","STD_MGMT_TO_SERVER_1525","Shared","none","universal","mgmt","DC-01","any","any","server","APP-SRV-01","any","ssl","application-default","Allow","none","","any"
"2519","STD_SERVER_TO_VOIP_2208","Shared","standard","universal","server","IOT-GATEWAY-01","any","any","voip","IOT-GATEWAY-01","any","dns","application-default","Allow","strict","","any"
"2520","STD_VOIP_TO_INSIDE_3158","Shared","none","universal","voip","WORKSTATIONS-FLOOR2","any","any","inside","WEB-SRV-01","any","ntp","application-default","Allow","none","","any"
"2521","SCOPED_PARTNER_TO_API-GATEWAY-01_78","Shared","partner-integration","universal","outside","PARTNER-VENDOR-B","any","any","dmz","API-GATEWAY-01","any","ssl","application-default","Allow","strict","","any"
"2522","STD_POS_TO_AD_3024","Shared","app-team","universal","pos","DC-01","any","any","ad","WEB-SRV-02","any","smtp","application-default","Allow","strict","","any"
"2523","STD_DMZ_TO_IOT_3524","Shared","standard","universal","dmz","APP-SRV-02","any","any","iot","IOT-GATEWAY-01","any","dns","application-default","Allow","strict","","any"
"2524","STD_SERVER_TO_DMZ_3231","Shared","standard","universal","server","WEB-SRV-01","any","any","dmz","VOIP-PBX-01","any","web-browsing","application-default","Allow","none","","any"
"2525","STD_SERVER_TO_POS_2289","Shared","app-team","universal","server","MGMT-JUMPBOX-01","any","any","pos","APP-SRV-01","any","ntp","application-default","Allow","strict","","any"
"2526","STD_INSIDE_TO_IOT_1706","Shared","none","universal","inside","APP-SRV-01","any","any","iot","DB-SRV-01","any","ping","application-default","Allow","strict","","any"
"2527","REMOTE_ACCESS_1","Shared","remote-support","universal","outside","any","any","any","inside","FILE-SRV-01","any","teamviewer","application-default","Allow","none","","any"
"2528","STD_SERVER_TO_AD_937","Shared","standard","universal","server","FILE-SRV-01","any","any","ad","WORKSTATIONS-FLOOR1","any","sip","application-default","Allow","strict","","any"
"2529","STD_POS_TO_DMZ_1764","Shared","none","universal","pos","APP-SRV-02","any","any","dmz","IOT-GATEWAY-01","any","voip-generic","application-default","Allow","strict","","any"
"2530","STD_OUTSIDE_TO_IOT_2272","Shared","none","universal","outside","any","any","any","iot","IOT-GATEWAY-01","any","smtp","application-default","Allow","strict","","any"
"2531","STD_AD_TO_OUTSIDE_2923","Shared","app-team","universal","ad","WEB-SRV-02","any","any","outside","9.9.9.9/32","any","sip","application-default","Allow","strict","","any"
"2532","STD_OUTSIDE_TO_IOT_3321","Shared","none","universal","outside","any","any","any","iot","DC-01","any","dns","application-default","Allow","strict","","any"
"2533","STD_AD_TO_SERVER_760","Shared","standard","universal","ad","FILE-SRV-01","any","any","server","FILE-SRV-01","any","voip-generic","application-default","Allow","strict","","any"
"2534","STD_POS_TO_OUTSIDE_2585","Shared","standard","universal","pos","IOT-GATEWAY-01","any","any","outside","9.9.9.9/32","any","smtp","application-default","Allow","strict","","any"
"2535","STD_DMZ_TO_OUTSIDE_1754","Shared","standard","universal","dmz","APP-SRV-02","any","any","outside","8.8.8.8/32","any","ssl","application-default","Allow","strict","","any"
"2536","STD_DMZ_TO_SERVER_2956","Shared","app-team","universal","dmz","API-GATEWAY-01","any","any","server","WEB-SRV-01","any","ssl","application-default","Allow","none","","any"
"2537","STD_MGMT_TO_AD_3484","Shared","none","universal","mgmt","WEB-SRV-02","any","any","ad","API-GATEWAY-01","any","dns","application-default","Allow","strict","","any"
"2538","STD_MGMT_TO_SERVER_49","Shared","none","universal","mgmt","FILE-SRV-01","any","any","server","APP-SRV-02","any","snmp-base","application-default","Allow","strict","","any"
"2539","STD_VOIP_TO_INSIDE_3462","Shared","none","universal","voip","APP-SRV-02","any","any","inside","WEB-SRV-02","any","ssl","application-default","Allow","strict","","any"
"2540","STD_OUTSIDE_TO_AD_2644","Shared","none","universal","outside","any","any","any","ad","WORKSTATIONS-FLOOR1","any","snmp-base","application-default","Allow","none","","any"
"2541","STD_VOIP_TO_DMZ_1147","Shared","app-team","universal","voip","APP-SRV-02","any","any","dmz","WORKSTATIONS-FLOOR1","any","voip-generic","application-default","Allow","strict","","any"
"2542","STD_SERVER_TO_MGMT_3738","Shared","standard","universal","server","DB-SRV-01","any","any","mgmt","APP-SRV-01","any","smtp","application-default","Allow","strict","","any"
"2543","STD_SERVER_TO_DMZ_3","Shared","none","universal","server","IOT-GATEWAY-01","any","any","dmz","APP-SRV-01","any","ntp","application-default","Allow","none","","any"
"2544","STD_VOIP_TO_INSIDE_1867","Shared","app-team","universal","voip","FILE-SRV-01","any","any","inside","WEB-SRV-01","any","smtp","application-default","Allow","none","","any"
"2545","STD_IOT_TO_AD_723","Shared","standard","universal","iot","WORKSTATIONS-FLOOR1","any","any","ad","FILE-SRV-01","any","snmp-base","application-default","Allow","none","","any"
"2546","STD_OUTSIDE_TO_VOIP_1821","Shared","app-team","universal","outside","any","any","any","voip","FILE-SRV-01","any","mqtt","application-default","Allow","strict","","any"
"2547","STD_INSIDE_TO_DMZ_510","Shared","app-team","universal","inside","APP-SRV-02","any","any","dmz","VOIP-PBX-01","any","dns","application-default","Allow","strict","","any"
"2548","STD_OUTSIDE_TO_IOT_3947","Shared","app-team","universal","outside","any","any","any","iot","FILE-SRV-01","any","smtp","application-default","Allow","strict","","any"
"2549","STD_POS_TO_IOT_2811","Shared","standard","universal","pos","VOIP-PBX-01","any","any","iot","DB-SRV-01","any","web-browsing","application-default","Allow","strict","","any"
"2550","STD_OUTSIDE_TO_IOT_2759","Shared","app-team","universal","outside","any","any","any","iot","API-GATEWAY-01","any","snmp-base","application-default","Allow","strict","","any"
"2551","OPEN_OUTSIDE_TO_CRITICAL-INFRA-G_15","Shared","legacy-open","universal","outside","any","any","any","pos","CRITICAL-INFRA-G","any","ms-rdp","any","Allow","none","","any"
"2552","SCOPED_PARTNER_TO_API-GATEWAY-01_76","Shared","partner-integration","universal","outside","PARTNER-VENDOR-B","any","any","dmz","API-GATEWAY-01","any","ssl","application-default","Allow","strict","","any"
"2553","STD_AD_TO_DMZ_2663","Shared","standard","universal","ad","DB-SRV-01","any","any","dmz","MGMT-JUMPBOX-01","any","sip","application-default","Allow","none","","any"
"2554","STD_OUTSIDE_TO_DMZ_3082","Shared","app-team","universal","outside","any","any","any","dmz","IOT-GATEWAY-01","any","dns","application-default","Allow","strict","","any"
"2555","STD_SERVER_TO_VOIP_3394","Shared","app-team","universal","server","DB-SRV-01","any","any","voip","VOIP-PBX-01","any","voip-generic","application-default","Allow","none","","any"
"2556","STD_AD_TO_MGMT_184","Shared","standard","universal","ad","API-GATEWAY-01","any","any","mgmt","DC-01","any","ssl","application-default","Allow","strict","","any"
"2557","STD_INSIDE_TO_MGMT_2499","Shared","standard","universal","inside","WORKSTATIONS-FLOOR1","any","any","mgmt","API-GATEWAY-01","any","sip","application-default","Allow","strict","","any"
"2558","STD_AD_TO_DMZ_2853","Shared","standard","universal","ad","DB-SRV-01","any","any","dmz","WORKSTATIONS-FLOOR1","any","ping","application-default","Allow","strict","","any"
"2559","STD_MGMT_TO_IOT_39","Shared","standard","universal","mgmt","API-GATEWAY-01","any","any","iot","DB-SRV-01","any","mqtt","application-default","Allow","strict","","any"
"2560","STD_DMZ_TO_INSIDE_1231","Shared","app-team","universal","dmz","DB-SRV-01","any","any","inside","WORKSTATIONS-FLOOR2","any","snmp-base","application-default","Allow","strict","","any"
"2561","POS_TO_DC_3","Shared","ad-auth","universal","pos","WORKSTATIONS-FLOOR2","any","any","ad","DOMAIN-CONTROLLERS-G","any","kerberos","application-default","Allow","none","","any"
"2562","STD_INSIDE_TO_POS_2812","Shared","standard","universal","inside","WORKSTATIONS-FLOOR2","any","any","pos","FILE-SRV-01","any","smtp","application-default","Allow","strict","","any"
"2563","STD_VOIP_TO_DMZ_1100","Shared","app-team","universal","voip","WORKSTATIONS-FLOOR2","any","any","dmz","WORKSTATIONS-FLOOR1","any","ssl","application-default","Allow","none","","any"
"2564","STD_SERVER_TO_OUTSIDE_1129","Shared","app-team","universal","server","IOT-GATEWAY-01","any","any","outside","9.9.9.9/32","any","mqtt","application-default","Allow","none","","any"
"2565","SCOPED_PARTNER_TO_API-GATEWAY-01_43","Shared","partner-integration","universal","outside","PARTNER-VENDOR-B","any","any","dmz","API-GATEWAY-01","any","ssl","application-default","Allow","strict","","any"
"2566","BROAD_INTERNAL_INSIDE_TO_AD_70","Shared","internal","universal","inside","any","any","any","ad","any","any","any","any","Allow","none","","any"
"2567","STD_VOIP_TO_AD_1548","Shared","standard","universal","voip","WEB-SRV-02","any","any","ad","APP-SRV-01","any","ssl","application-default","Allow","none","","any"
"2568","STD_INSIDE_TO_VOIP_675","Shared","none","universal","inside","FILE-SRV-01","any","any","voip","VOIP-PBX-01","any","ping","application-default","Allow","strict","","any"
"2569","CORP_TO_AD_12","Shared","admin-access","universal","inside","any","any","any","ad","any","any","any","application-default","Allow","none","","any"
"2570","STD_DMZ_TO_IOT_2108","Shared","standard","universal","dmz","DC-01","any","any","iot","MGMT-JUMPBOX-01","any","snmp-base","application-default","Allow","none","","any"
"2571","STD_INSIDE_TO_AD_3672","Shared","app-team","universal","inside","DC-01","any","any","ad","WORKSTATIONS-FLOOR2","any","ntp","application-default","Allow","none","","any"
"2572","STD_SERVER_TO_VOIP_3055","Shared","standard","universal","server","WEB-SRV-02","any","any","voip","DB-SRV-01","any","ping","application-default","Allow","strict","","any"
"2573","STD_DMZ_TO_MGMT_2766","Shared","none","universal","dmz","API-GATEWAY-01","any","any","mgmt","VOIP-PBX-01","any","ssl","application-default","Allow","strict","","any"
"2574","STD_OUTSIDE_TO_IOT_3857","Shared","app-team","universal","outside","any","any","any","iot","WEB-SRV-01","any","ssl","application-default","Allow","none","","any"
"2575","STD_POS_TO_SERVER_1526","Shared","app-team","universal","pos","WORKSTATIONS-FLOOR1","any","any","server","FILE-SRV-01","any","web-browsing","application-default","Allow","none","","any"
"2576","STD_MGMT_TO_DMZ_2871","Shared","none","universal","mgmt","DC-01","any","any","dmz","MGMT-JUMPBOX-01","any","voip-generic","application-default","Allow","none","","any"
"2577","STD_MGMT_TO_INSIDE_1351","Shared","standard","universal","mgmt","WEB-SRV-02","any","any","inside","MGMT-JUMPBOX-01","any","dns","application-default","Allow","strict","","any"
"2578","STD_IOT_TO_SERVER_3443","Shared","standard","universal","iot","APP-SRV-01","any","any","server","VOIP-PBX-01","any","ping","application-default","Allow","none","","any"
"2579","[Disabled] OLD_DISABLED_27","Shared","none","universal","outside","any","any","any","server","APP-SRV-01","any","any","any","Allow","none","","any"
"2580","STD_AD_TO_IOT_1520","Shared","none","universal","ad","DB-SRV-01","any","any","iot","APP-SRV-02","any","web-browsing","application-default","Allow","strict","","any"
"2581","STD_VOIP_TO_DMZ_3209","Shared","none","universal","voip","DC-01","any","any","dmz","WORKSTATIONS-FLOOR1","any","voip-generic","application-default","Allow","strict","","any"
"2582","STD_VOIP_TO_IOT_178","Shared","standard","universal","voip","DB-SRV-01","any","any","iot","WORKSTATIONS-FLOOR2","any","mqtt","application-default","Allow","strict","","any"
"2583","STD_VOIP_TO_SERVER_363","Shared","app-team","universal","voip","WEB-SRV-02","any","any","server","FILE-SRV-01","any","ping","application-default","Allow","strict","","any"
"2584","STD_IOT_TO_SERVER_283","Shared","app-team","universal","iot","APP-SRV-02","any","any","server","APP-SRV-01","any","ssl","application-default","Allow","strict","","any"
"2585","STD_MGMT_TO_AD_3886","Shared","none","universal","mgmt","MGMT-JUMPBOX-01","any","any","ad","DB-SRV-01","any","web-browsing","application-default","Allow","none","","any"
"2586","STD_SERVER_TO_MGMT_1648","Shared","none","universal","server","API-GATEWAY-01","any","any","mgmt","IOT-GATEWAY-01","any","dns","application-default","Allow","strict","","any"
"2587","STD_VOIP_TO_DMZ_503","Shared","none","universal","voip","API-GATEWAY-01","any","any","dmz","FILE-SRV-01","any","voip-generic","application-default","Allow","strict","","any"
"2588","OPEN_OUTSIDE_TO_APP-SERVERS-G_6","Shared","none","universal","outside","any","any","any","dmz","APP-SERVERS-G","any","logmein","application-default","Allow","none","","any"
"2589","TEMP_ACCESS_7","Shared","temp-poc","universal","outside","any","any","any","pos","any","any","any","any","Allow","none","","any"
"2590","STD_MGMT_TO_DMZ_161","Shared","standard","universal","mgmt","APP-SRV-01","any","any","dmz","APP-SRV-01","any","dns","application-default","Allow","none","","any"
"2591","STD_INSIDE_TO_IOT_980","Shared","app-team","universal","inside","WORKSTATIONS-FLOOR1","any","any","iot","WORKSTATIONS-FLOOR2","any","ntp","application-default","Allow","none","","any"
"2592","SCOPED_NO_PROFILE_9","Shared","partner-integration","universal","outside","PARTNER-VENDOR-A","any","any","dmz","WEB-SRV-01","any","ssl","application-default","Allow","none","","any"
"2593","STD_MGMT_TO_IOT_2632","Shared","app-team","universal","mgmt","WEB-SRV-02","any","any","iot","FILE-SRV-01","any","ping","application-default","Allow","none","","any"
"2594","STD_OUTSIDE_TO_AD_749","Shared","none","universal","outside","any","any","any","ad","IOT-GATEWAY-01","any","dns","application-default","Allow","strict","","any"
"2595","RISKY_OUTSIDE_TO_APP-SRV-02_83","Shared","remote-access","universal","outside","any","any","any","mgmt","APP-SRV-02","any","ms-rdp","application-default","Allow","none","","any"
"2596","STD_OUTSIDE_TO_INSIDE_43","Shared","app-team","universal","outside","any","any","any","inside","DB-SRV-01","any","dns","application-default","Allow","strict","","any"
"2597","STD_MGMT_TO_DMZ_1103","Shared","standard","universal","mgmt","API-GATEWAY-01","any","any","dmz","APP-SRV-01","any","ping","application-default","Allow","none","","any"
"2598","STD_INSIDE_TO_DMZ_3107","Shared","app-team","universal","inside","FILE-SRV-01","any","any","dmz","WEB-SRV-02","any","ssl","application-default","Allow","strict","","any"
"2599","SCOPED_INTERNAL_POS_TO_SERVER_72","Shared","standard","universal","pos","WORKSTATIONS-FLOOR1","any","any","server","FILE-SRV-01","any","web-browsing","application-default","Allow","strict","","any"
"2600","STD_MGMT_TO_IOT_1","Shared","none","universal","mgmt","APP-SRV-02","any","any","iot","FILE-SRV-01","any","snmp-base","application-default","Allow","none","","any"
"2601","STD_SERVER_TO_OUTSIDE_1448","Shared","standard","universal","server","DB-SRV-01","any","any","outside","8.8.8.8/32","any","ssl","application-default","Allow","strict","","any"
"2602","STD_IOT_TO_VOIP_1916","Shared","app-team","universal","iot","DC-01","any","any","voip","MGMT-JUMPBOX-01","any","ping","application-default","Allow","strict","","any"
"2603","STD_SERVER_TO_POS_2382","Shared","standard","universal","server","API-GATEWAY-01","any","any","pos","API-GATEWAY-01","any","web-browsing","application-default","Allow","none","","any"
"2604","TEMP_ACCESS_9","Shared","temp-poc","universal","outside","any","any","any","mgmt","any","any","any","any","Allow","none","","any"
"2605","LEGACY_PORT_29","Shared","legacy-port","universal","outside","any","any","any","mgmt","BACKUP-SRV-01","any","any","tcp-1433","Allow","none","","any"
"2606","STD_IOT_TO_SERVER_915","Shared","none","universal","iot","DC-01","any","any","server","WORKSTATIONS-FLOOR2","any","dns","application-default","Allow","strict","","any"
"2607","STD_INSIDE_TO_DMZ_874","Shared","none","universal","inside","WEB-SRV-01","any","any","dmz","VOIP-PBX-01","any","ssl","application-default","Allow","none","","any"
"2608","STD_AD_TO_SERVER_3881","Shared","app-team","universal","ad","API-GATEWAY-01","any","any","server","APP-SRV-02","any","voip-generic","application-default","Allow","none","","any"
"2609","STD_SERVER_TO_POS_398","Shared","standard","universal","server","DC-01","any","any","pos","DB-SRV-01","any","snmp-base","application-default","Allow","strict","","any"
"2610","RISKY_OUTSIDE_TO_FILE-SRV-01_92","Shared","remote-access","universal","outside","any","any","any","iot","FILE-SRV-01","any","ms-ds-smb","application-default","Allow","none","","any"
"2611","SCOPED_PARTNER_TO_API-GATEWAY-01_0","Shared","partner-integration","universal","outside","PARTNER-VENDOR-A","any","any","dmz","API-GATEWAY-01","any","ssl","application-default","Allow","strict","","any"
"2612","STD_DMZ_TO_POS_1332","Shared","none","universal","dmz","APP-SRV-01","any","any","pos","WEB-SRV-02","any","sip","application-default","Allow","strict","","any"
"2613","STD_AD_TO_DMZ_3436","Shared","app-team","universal","ad","APP-SRV-01","any","any","dmz","FILE-SRV-01","any","ssl","application-default","Allow","strict","","any"
"2614","STD_MGMT_TO_OUTSIDE_62","Shared","standard","universal","mgmt","FILE-SRV-01","any","any","outside","9.9.9.9/32","any","dns","application-default","Allow","strict","","any"
"2615","REMOTE_ACCESS_11","Shared","remote-support","universal","outside","any","any","any","mgmt","APP-SRV-01","any","teamviewer","application-default","Allow","none","","any"
"2616","STD_OUTSIDE_TO_SERVER_1109","Shared","none","universal","outside","any","any","any","server","API-GATEWAY-01","any","snmp-base","application-default","Allow","strict","","any"
"2617","STD_DMZ_TO_POS_1562","Shared","app-team","universal","dmz","VOIP-PBX-01","any","any","pos","APP-SRV-02","any","sip","application-default","Allow","strict","","any"
"2618","STD_INSIDE_TO_OUTSIDE_1329","Shared","standard","universal","inside","FILE-SRV-01","any","any","outside","1.1.1.1/32","any","smtp","application-default","Allow","none","","any"
"2619","STD_IOT_TO_VOIP_1909","Shared","standard","universal","iot","FILE-SRV-01","any","any","voip","DB-SRV-01","any","web-browsing","application-default","Allow","none","","any"
"2620","STD_SERVER_TO_AD_3748","Shared","app-team","universal","server","VOIP-PBX-01","any","any","ad","DC-01","any","voip-generic","application-default","Allow","strict","","any"
"2621","LEGACY_PORT_0","Shared","legacy-port","universal","outside","any","any","any","inside","FILE-SRV-01","any","any","tcp-8080","Allow","none","","any"
"2622","STD_IOT_TO_VOIP_142","Shared","app-team","universal","iot","MGMT-JUMPBOX-01","any","any","voip","WEB-SRV-01","any","smtp","application-default","Allow","none","","any"
"2623","STD_VOIP_TO_IOT_596","Shared","standard","universal","voip","FILE-SRV-01","any","any","iot","MGMT-JUMPBOX-01","any","voip-generic","application-default","Allow","strict","","any"
"2624","STD_VOIP_TO_POS_3630","Shared","standard","universal","voip","WORKSTATIONS-FLOOR2","any","any","pos","DB-SRV-01","any","snmp-base","application-default","Allow","strict","","any"
"2625","STD_INSIDE_TO_VOIP_2295","Shared","app-team","universal","inside","APP-SRV-02","any","any","voip","VOIP-PBX-01","any","smtp","application-default","Allow","strict","","any"
"2626","STD_INSIDE_TO_SERVER_938","Shared","standard","universal","inside","API-GATEWAY-01","any","any","server","FILE-SRV-01","any","voip-generic","application-default","Allow","strict","","any"
"2627","STD_OUTSIDE_TO_POS_3201","Shared","standard","universal","outside","any","any","any","pos","FILE-SRV-01","any","ntp","application-default","Allow","none","","any"
"2628","STD_VOIP_TO_IOT_3279","Shared","standard","universal","voip","APP-SRV-02","any","any","iot","API-GATEWAY-01","any","smtp","application-default","Allow","none","","any"
"2629","STD_DMZ_TO_MGMT_2539","Shared","app-team","universal","dmz","MGMT-JUMPBOX-01","any","any","mgmt","API-GATEWAY-01","any","smtp","application-default","Allow","strict","","any"
"2630","STD_INSIDE_TO_VOIP_1012","Shared","none","universal","inside","WEB-SRV-02","any","any","voip","WEB-SRV-02","any","mqtt","application-default","Allow","none","","any"
"2631","STD_SERVER_TO_IOT_2099","Shared","none","universal","server","DB-SRV-01","any","any","iot","WEB-SRV-02","any","snmp-base","application-default","Allow","none","","any"
"2632","STD_AD_TO_OUTSIDE_3080","Shared","standard","universal","ad","WEB-SRV-01","any","any","outside","9.9.9.9/32","any","web-browsing","application-default","Allow","none","","any"
"2633","STD_AD_TO_POS_1213","Shared","standard","universal","ad","WORKSTATIONS-FLOOR1","any","any","pos","DC-01","any","dns","application-default","Allow","strict","","any"
"2634","STD_DMZ_TO_MGMT_3582","Shared","none","universal","dmz","APP-SRV-02","any","any","mgmt","API-GATEWAY-01","any","web-browsing","application-default","Allow","none","","any"
"2635","STD_AD_TO_INSIDE_3736","Shared","app-team","universal","ad","MGMT-JUMPBOX-01","any","any","inside","MGMT-JUMPBOX-01","any","web-browsing","application-default","Allow","strict","","any"
"2636","OUTBOUND_OPEN_5","Shared","legacy-open","universal","inside","any","any","any","outside","any","any","any","any","Allow","none","","any"
"2637","STD_IOT_TO_MGMT_730","Shared","standard","universal","iot","DB-SRV-01","any","any","mgmt","WORKSTATIONS-FLOOR2","any","mqtt","application-default","Allow","none","","any"
"2638","OPEN_OUTSIDE_TO_MGMT-HOSTS-G_19","Shared","none","universal","outside","any","any","any","mgmt","MGMT-HOSTS-G","any","ms-rdp","any","Allow","none","","any"
"2639","STD_VOIP_TO_POS_2742","Shared","app-team","universal","voip","DC-01","any","any","pos","WORKSTATIONS-FLOOR1","any","ssl","application-default","Allow","none","","any"
"2640","STD_MGMT_TO_DMZ_2478","Shared","none","universal","mgmt","WORKSTATIONS-FLOOR2","any","any","dmz","WEB-SRV-01","any","dns","application-default","Allow","strict","","any"
"2641","BROAD_INTERNAL_IOT_TO_SERVER_28","Shared","internal","universal","iot","any","any","any","server","any","any","any","any","Allow","none","","any"
"2642","STD_POS_TO_VOIP_2723","Shared","none","universal","pos","VOIP-PBX-01","any","any","voip","FILE-SRV-01","any","dns","application-default","Allow","none","","any"
"2643","STD_DMZ_TO_VOIP_3688","Shared","app-team","universal","dmz","APP-SRV-02","any","any","voip","MGMT-JUMPBOX-01","any","sip","application-default","Allow","strict","","any"
"2644","SCOPED_INTERNAL_DMZ_TO_MGMT_24","Shared","standard","universal","dmz","MGMT-JUMPBOX-01","any","any","mgmt","FILE-SRV-01","any","smtp","application-default","Allow","strict","","any"
"2645","STD_IOT_TO_AD_3584","Shared","app-team","universal","iot","DC-01","any","any","ad","APP-SRV-02","any","ping","application-default","Allow","none","","any"
"2646","STD_MGMT_TO_SERVER_674","Shared","none","universal","mgmt","API-GATEWAY-01","any","any","server","APP-SRV-01","any","sip","application-default","Allow","strict","","any"
"2647","STD_MGMT_TO_INSIDE_2049","Shared","standard","universal","mgmt","WORKSTATIONS-FLOOR2","any","any","inside","APP-SRV-01","any","snmp-base","application-default","Allow","strict","","any"
"2648","STD_AD_TO_MGMT_1675","Shared","app-team","universal","ad","IOT-GATEWAY-01","any","any","mgmt","MGMT-JUMPBOX-01","any","mqtt","application-default","Allow","strict","","any"
"2649","STD_INSIDE_TO_OUTSIDE_3663","Shared","standard","universal","inside","WORKSTATIONS-FLOOR2","any","any","outside","8.8.8.8/32","any","ntp","application-default","Allow","strict","","any"
"2650","VOIP_TO_DC_52","Shared","ad-auth","universal","voip","WORKSTATIONS-FLOOR2","any","any","ad","DOMAIN-CONTROLLERS-G","any","ms-ds-smb","application-default","Allow","none","","any"
"2651","STD_OUTSIDE_TO_INSIDE_3538","Shared","app-team","universal","outside","any","any","any","inside","WORKSTATIONS-FLOOR1","any","ntp","application-default","Allow","strict","","any"
"2652","OPEN_OUTSIDE_TO_APP-SERVERS-G_147","Shared","none","universal","outside","any","any","any","dmz","APP-SERVERS-G","any","ldap","application-default","Allow","none","","any"
"2653","STD_MGMT_TO_INSIDE_1242","Shared","app-team","universal","mgmt","WEB-SRV-02","any","any","inside","APP-SRV-02","any","dns","application-default","Allow","strict","","any"
"2654","STD_SERVER_TO_POS_1717","Shared","none","universal","server","VOIP-PBX-01","any","any","pos","MGMT-JUMPBOX-01","any","ntp","application-default","Allow","none","","any"
"2655","STD_MGMT_TO_INSIDE_2271","Shared","none","universal","mgmt","WORKSTATIONS-FLOOR1","any","any","inside","WEB-SRV-02","any","ssl","application-default","Allow","strict","","any"
"2656","STD_IOT_TO_SERVER_397","Shared","standard","universal","iot","DB-SRV-01","any","any","server","VOIP-PBX-01","any","mqtt","application-default","Allow","strict","","any"
"2657","NEGATED_RFC1918_11","Shared","none","universal","server","[Negate]  10.0.0.0-10.255.255.255;[Negate]  172.16.0.0-172.31.255.255;[Negate]  192.168.0.0-192.168.255.255","any","any","outside","any","any","web-browsing","application-default","Allow","strict","","any"
"2658","STD_MGMT_TO_POS_757","Shared","standard","universal","mgmt","WEB-SRV-02","any","any","pos","API-GATEWAY-01","any","web-browsing","application-default","Allow","strict","","any"
"2659","STD_IOT_TO_INSIDE_3182","Shared","app-team","universal","iot","DB-SRV-01","any","any","inside","API-GATEWAY-01","any","ping","application-default","Allow","strict","","any"
"2660","STD_IOT_TO_AD_2139","Shared","standard","universal","iot","MGMT-JUMPBOX-01","any","any","ad","WEB-SRV-01","any","sip","application-default","Allow","strict","","any"
"2661","STD_AD_TO_OUTSIDE_2670","Shared","none","universal","ad","DB-SRV-01","any","any","outside","9.9.9.9/32","any","mqtt","application-default","Allow","none","","any"
"2662","STD_MGMT_TO_DMZ_1010","Shared","app-team","universal","mgmt","WEB-SRV-02","any","any","dmz","APP-SRV-01","any","web-browsing","application-default","Allow","none","","any"
"2663","OUTBOUND_SCOPED_17","Shared","outbound-standard","universal","inside","APP-SRV-01","any","any","outside","CLOUD-BACKUP-PROVIDER","any","ssl","application-default","Allow","strict","","any"
"2664","STD_OUTSIDE_TO_SERVER_3015","Shared","app-team","universal","outside","any","any","any","server","APP-SRV-02","any","ssl","application-default","Allow","strict","","any"
"2665","STD_INSIDE_TO_SERVER_1528","Shared","standard","universal","inside","FILE-SRV-01","any","any","server","FILE-SRV-01","any","smtp","application-default","Allow","strict","","any"
"2666","BROAD_INTERNAL_POS_TO_VOIP_3","Shared","internal","universal","pos","any","any","any","voip","any","any","any","any","Allow","none","","any"
"2667","STD_POS_TO_MGMT_2421","Shared","standard","universal","pos","DC-01","any","any","mgmt","DB-SRV-01","any","smtp","application-default","Allow","none","","any"
"2668","STD_SERVER_TO_VOIP_75","Shared","none","universal","server","WEB-SRV-01","any","any","voip","DC-01","any","web-browsing","application-default","Allow","strict","","any"
"2669","POS_TO_DC_61","Shared","ad-auth","universal","pos","any","any","any","ad","DOMAIN-CONTROLLERS-G","any","ms-ds-smb","application-default","Allow","none","","any"
"2670","STD_MGMT_TO_DMZ_1998","Shared","app-team","universal","mgmt","MGMT-JUMPBOX-01","any","any","dmz","DB-SRV-01","any","ntp","application-default","Allow","strict","","any"
"2671","STD_OUTSIDE_TO_INSIDE_2855","Shared","none","universal","outside","any","any","any","inside","WORKSTATIONS-FLOOR1","any","web-browsing","application-default","Allow","none","","any"
"2672","STD_VOIP_TO_DMZ_2592","Shared","standard","universal","voip","DB-SRV-01","any","any","dmz","DC-01","any","ntp","application-default","Allow","strict","","any"
"2673","STD_IOT_TO_VOIP_2096","Shared","none","universal","iot","APP-SRV-02","any","any","voip","FILE-SRV-01","any","ntp","application-default","Allow","strict","","any"
"2674","STD_MGMT_TO_DMZ_3656","Shared","none","universal","mgmt","API-GATEWAY-01","any","any","dmz","API-GATEWAY-01","any","voip-generic","application-default","Allow","none","","any"
"2675","STD_OUTSIDE_TO_INSIDE_410","Shared","none","universal","outside","any","any","any","inside","DB-SRV-01","any","ntp","application-default","Allow","strict","","any"
"2676","STD_IOT_TO_OUTSIDE_1475","Shared","app-team","universal","iot","IOT-GATEWAY-01","any","any","outside","8.8.8.8/32","any","web-browsing","application-default","Allow","none","","any"
"2677","STD_SERVER_TO_POS_464","Shared","app-team","universal","server","API-GATEWAY-01","any","any","pos","WORKSTATIONS-FLOOR1","any","ping","application-default","Allow","none","","any"
"2678","STD_SERVER_TO_AD_2372","Shared","none","universal","server","WEB-SRV-02","any","any","ad","WORKSTATIONS-FLOOR1","any","voip-generic","application-default","Allow","strict","","any"
"2679","LEGACY_PORT_30","Shared","legacy-port","universal","outside","any","any","any","mgmt","BACKUP-SRV-01","any","any","tcp-445","Allow","none","","any"
"2680","STD_AD_TO_MGMT_522","Shared","app-team","universal","ad","WORKSTATIONS-FLOOR2","any","any","mgmt","WORKSTATIONS-FLOOR2","any","smtp","application-default","Allow","strict","","any"
"2681","STD_SERVER_TO_IOT_2012","Shared","app-team","universal","server","MGMT-JUMPBOX-01","any","any","iot","WORKSTATIONS-FLOOR2","any","smtp","application-default","Allow","strict","","any"
"2682","STD_OUTSIDE_TO_DMZ_271","Shared","standard","universal","outside","any","any","any","dmz","APP-SRV-02","any","dns","application-default","Allow","none","","any"
"2683","STD_SERVER_TO_OUTSIDE_2034","Shared","none","universal","server","WORKSTATIONS-FLOOR2","any","any","outside","8.8.8.8/32","any","ssl","application-default","Allow","strict","","any"
"2684","STD_INSIDE_TO_MGMT_1840","Shared","standard","universal","inside","VOIP-PBX-01","any","any","mgmt","WORKSTATIONS-FLOOR1","any","smtp","application-default","Allow","strict","","any"
"2685","STD_INSIDE_TO_VOIP_1236","Shared","standard","universal","inside","API-GATEWAY-01","any","any","voip","VOIP-PBX-01","any","mqtt","application-default","Allow","strict","","any"
"2686","OPEN_OUTSIDE_TO_MGMT-HOSTS-G_117","Shared","none","universal","outside","any","any","any","dmz","MGMT-HOSTS-G","any","kerberos","application-default","Allow","none","","any"
"2687","POS_TO_DC_79","Shared","ad-auth","universal","pos","any","any","any","ad","DOMAIN-CONTROLLERS-G","any","ldap","application-default","Allow","none","","any"
"2688","STD_IOT_TO_POS_3001","Shared","standard","universal","iot","WORKSTATIONS-FLOOR1","any","any","pos","VOIP-PBX-01","any","smtp","application-default","Allow","strict","","any"
"2689","STD_SERVER_TO_DMZ_322","Shared","app-team","universal","server","MGMT-JUMPBOX-01","any","any","dmz","MGMT-JUMPBOX-01","any","snmp-base","application-default","Allow","none","","any"
"2690","STD_SERVER_TO_VOIP_3053","Shared","app-team","universal","server","API-GATEWAY-01","any","any","voip","IOT-GATEWAY-01","any","ping","application-default","Allow","strict","","any"
"2691","STD_AD_TO_IOT_3918","Shared","standard","universal","ad","DC-01","any","any","iot","DB-SRV-01","any","voip-generic","application-default","Allow","strict","","any"
"2692","STD_DMZ_TO_SERVER_3649","Shared","none","universal","dmz","WORKSTATIONS-FLOOR1","any","any","server","MGMT-JUMPBOX-01","any","ssl","application-default","Allow","none","","any"
"2693","STD_VOIP_TO_IOT_951","Shared","standard","universal","voip","IOT-GATEWAY-01","any","any","iot","WORKSTATIONS-FLOOR2","any","dns","application-default","Allow","strict","","any"
"2694","STD_POS_TO_VOIP_1587","Shared","app-team","universal","pos","API-GATEWAY-01","any","any","voip","APP-SRV-01","any","mqtt","application-default","Allow","strict","","any"
"2695","SCOPED_INTERNAL_INSIDE_TO_MGMT_34","Shared","standard","universal","inside","WORKSTATIONS-FLOOR1","any","any","mgmt","APP-SRV-01","any","mqtt","application-default","Allow","strict","","any"
"2696","STD_DMZ_TO_SERVER_3560","Shared","standard","universal","dmz","IOT-GATEWAY-01","any","any","server","MGMT-JUMPBOX-01","any","smtp","application-default","Allow","strict","","any"
"2697","STD_IOT_TO_DMZ_1578","Shared","app-team","universal","iot","IOT-GATEWAY-01","any","any","dmz","DB-SRV-01","any","web-browsing","application-default","Allow","strict","","any"
"2698","STD_VOIP_TO_SERVER_528","Shared","none","universal","voip","IOT-GATEWAY-01","any","any","server","WEB-SRV-02","any","dns","application-default","Allow","strict","","any"
"2699","STD_DMZ_TO_MGMT_2909","Shared","standard","universal","dmz","WEB-SRV-01","any","any","mgmt","API-GATEWAY-01","any","ping","application-default","Allow","strict","","any"
"2700","STD_MGMT_TO_INSIDE_1738","Shared","standard","universal","mgmt","APP-SRV-01","any","any","inside","WORKSTATIONS-FLOOR2","any","mqtt","application-default","Allow","none","","any"
"2701","STD_POS_TO_VOIP_722","Shared","app-team","universal","pos","APP-SRV-01","any","any","voip","WORKSTATIONS-FLOOR2","any","ssl","application-default","Allow","strict","","any"
"2702","POS_TO_DC_2","Shared","ad-auth","universal","pos","any","any","any","ad","DOMAIN-CONTROLLERS-G","any","ms-ds-smb","application-default","Allow","none","","any"
"2703","STD_DMZ_TO_INSIDE_423","Shared","none","universal","dmz","APP-SRV-01","any","any","inside","APP-SRV-01","any","smtp","application-default","Allow","strict","","any"
"2704","STD_DMZ_TO_INSIDE_3795","Shared","none","universal","dmz","VOIP-PBX-01","any","any","inside","FILE-SRV-01","any","sip","application-default","Allow","strict","","any"
"2705","STD_DMZ_TO_MGMT_2166","Shared","app-team","universal","dmz","DB-SRV-01","any","any","mgmt","WEB-SRV-02","any","voip-generic","application-default","Allow","strict","","any"
"2706","STD_SERVER_TO_POS_3681","Shared","standard","universal","server","WEB-SRV-02","any","any","pos","WORKSTATIONS-FLOOR1","any","mqtt","application-default","Allow","none","","any"
"2707","STD_POS_TO_INSIDE_2058","Shared","app-team","universal","pos","DC-01","any","any","inside","DB-SRV-01","any","voip-generic","application-default","Allow","strict","","any"
"2708","STD_POS_TO_DMZ_2464","Shared","standard","universal","pos","VOIP-PBX-01","any","any","dmz","DC-01","any","sip","application-default","Allow","none","","any"
"2709","STD_POS_TO_SERVER_391","Shared","app-team","universal","pos","WORKSTATIONS-FLOOR1","any","any","server","FILE-SRV-01","any","web-browsing","application-default","Allow","strict","","any"
"2710","OPEN_OUTSIDE_TO_POS-TERMINALS-G_49","Shared","none","universal","outside","any","any","any","pos","POS-TERMINALS-G","any","splashtop","any","Allow","none","","any"
"2711","STD_DMZ_TO_MGMT_3869","Shared","none","universal","dmz","WEB-SRV-02","any","any","mgmt","WEB-SRV-02","any","dns","application-default","Allow","none","","any"
"2712","STD_POS_TO_IOT_905","Shared","standard","universal","pos","WEB-SRV-02","any","any","iot","DB-SRV-01","any","sip","application-default","Allow","strict","","any"
"2713","STD_OUTSIDE_TO_IOT_1739","Shared","standard","universal","outside","any","any","any","iot","API-GATEWAY-01","any","ntp","application-default","Allow","none","","any"
"2714","RISKY_OUTSIDE_TO_APP-SRV-02_10","Shared","remote-access","universal","outside","any","any","any","dmz","APP-SRV-02","any","telnet","application-default","Allow","none","","any"
"2715","STD_SERVER_TO_AD_2029","Shared","standard","universal","server","DB-SRV-01","any","any","ad","APP-SRV-01","any","ping","application-default","Allow","none","","any"
"2716","STD_DMZ_TO_AD_2689","Shared","none","universal","dmz","API-GATEWAY-01","any","any","ad","WORKSTATIONS-FLOOR2","any","ssl","application-default","Allow","strict","","any"
"2717","STD_INSIDE_TO_POS_2544","Shared","none","universal","inside","WEB-SRV-01","any","any","pos","WEB-SRV-02","any","ping","application-default","Allow","none","","any"
"2718","STD_POS_TO_IOT_1843","Shared","standard","universal","pos","VOIP-PBX-01","any","any","iot","API-GATEWAY-01","any","ntp","application-default","Allow","strict","","any"
"2719","STD_VOIP_TO_POS_3952","Shared","standard","universal","voip","WORKSTATIONS-FLOOR2","any","any","pos","APP-SRV-01","any","dns","application-default","Allow","none","","any"
"2720","STD_DMZ_TO_SERVER_280","Shared","standard","universal","dmz","FILE-SRV-01","any","any","server","WORKSTATIONS-FLOOR1","any","web-browsing","application-default","Allow","none","","any"
"2721","STD_DMZ_TO_VOIP_3324","Shared","none","universal","dmz","FILE-SRV-01","any","any","voip","FILE-SRV-01","any","sip","application-default","Allow","strict","","any"
"2722","STD_AD_TO_VOIP_1778","Shared","app-team","universal","ad","MGMT-JUMPBOX-01","any","any","voip","APP-SRV-02","any","smtp","application-default","Allow","strict","","any"
"2723","STD_POS_TO_MGMT_7","Shared","app-team","universal","pos","DB-SRV-01","any","any","mgmt","FILE-SRV-01","any","dns","application-default","Allow","strict","","any"
"2724","STD_SERVER_TO_INSIDE_1316","Shared","none","universal","server","DB-SRV-01","any","any","inside","DC-01","any","ssl","application-default","Allow","strict","","any"
"2725","STD_IOT_TO_MGMT_797","Shared","none","universal","iot","VOIP-PBX-01","any","any","mgmt","WEB-SRV-01","any","ping","application-default","Allow","strict","","any"
"2726","STD_AD_TO_INSIDE_425","Shared","app-team","universal","ad","WORKSTATIONS-FLOOR2","any","any","inside","WEB-SRV-01","any","web-browsing","application-default","Allow","none","","any"
"2727","STD_AD_TO_IOT_2754","Shared","none","universal","ad","APP-SRV-01","any","any","iot","API-GATEWAY-01","any","snmp-base","application-default","Allow","strict","","any"
"2728","STD_MGMT_TO_VOIP_2212","Shared","app-team","universal","mgmt","MGMT-JUMPBOX-01","any","any","voip","VOIP-PBX-01","any","smtp","application-default","Allow","none","","any"
"2729","STD_MGMT_TO_AD_2582","Shared","standard","universal","mgmt","FILE-SRV-01","any","any","ad","MGMT-JUMPBOX-01","any","web-browsing","application-default","Allow","strict","","any"
"2730","STD_POS_TO_INSIDE_2825","Shared","standard","universal","pos","APP-SRV-02","any","any","inside","WEB-SRV-01","any","smtp","application-default","Allow","strict","","any"
"2731","STD_MGMT_TO_OUTSIDE_977","Shared","none","universal","mgmt","DC-01","any","any","outside","9.9.9.9/32","any","snmp-base","application-default","Allow","none","","any"
"2732","STD_VOIP_TO_OUTSIDE_3253","Shared","standard","universal","voip","WORKSTATIONS-FLOOR2","any","any","outside","9.9.9.9/32","any","sip","application-default","Allow","strict","","any"
"2733","STD_VOIP_TO_IOT_2953","Shared","app-team","universal","voip","WORKSTATIONS-FLOOR2","any","any","iot","APP-SRV-01","any","ssl","application-default","Allow","strict","","any"
"2734","STD_POS_TO_SERVER_808","Shared","none","universal","pos","WORKSTATIONS-FLOOR1","any","any","server","DB-SRV-01","any","smtp","application-default","Allow","strict","","any"
"2735","STD_SERVER_TO_AD_1744","Shared","standard","universal","server","WORKSTATIONS-FLOOR1","any","any","ad","WEB-SRV-01","any","mqtt","application-default","Allow","none","","any"
"2736","STD_IOT_TO_VOIP_223","Shared","none","universal","iot","WORKSTATIONS-FLOOR2","any","any","voip","IOT-GATEWAY-01","any","sip","application-default","Allow","none","","any"
"2737","[Disabled] OLD_DISABLED_1","Shared","none","universal","outside","any","any","any","iot","FILE-SRV-01","any","any","any","Allow","none","","any"
"2738","STD_MGMT_TO_AD_1783","Shared","app-team","universal","mgmt","WORKSTATIONS-FLOOR2","any","any","ad","VOIP-PBX-01","any","voip-generic","application-default","Allow","strict","","any"
"2739","STD_VOIP_TO_IOT_2595","Shared","none","universal","voip","WEB-SRV-01","any","any","iot","DB-SRV-01","any","sip","application-default","Allow","strict","","any"
"2740","STD_IOT_TO_MGMT_2929","Shared","app-team","universal","iot","APP-SRV-01","any","any","mgmt","WORKSTATIONS-FLOOR1","any","web-browsing","application-default","Allow","strict","","any"
"2741","LEGACY_PORT_2","Shared","legacy-port","universal","inside","any","any","any","iot","APP-SRV-01","any","any","tcp-23","Allow","none","","any"
"2742","STD_AD_TO_OUTSIDE_3539","Shared","standard","universal","ad","APP-SRV-01","any","any","outside","8.8.8.8/32","any","mqtt","application-default","Allow","none","","any"
"2743","STD_OUTSIDE_TO_POS_3281","Shared","standard","universal","outside","any","any","any","pos","WORKSTATIONS-FLOOR1","any","snmp-base","application-default","Allow","none","","any"
"2744","STD_MGMT_TO_DMZ_2874","Shared","none","universal","mgmt","APP-SRV-02","any","any","dmz","APP-SRV-01","any","ping","application-default","Allow","strict","","any"
"2745","STD_POS_TO_VOIP_3305","Shared","app-team","universal","pos","IOT-GATEWAY-01","any","any","voip","WORKSTATIONS-FLOOR1","any","dns","application-default","Allow","none","","any"
"2746","STD_DMZ_TO_AD_2426","Shared","app-team","universal","dmz","FILE-SRV-01","any","any","ad","MGMT-JUMPBOX-01","any","ssl","application-default","Allow","strict","","any"
"2747","BROAD_INTERNAL_IOT_TO_VOIP_15","Shared","internal","universal","iot","any","any","any","voip","any","any","any","any","Allow","none","","any"
"2748","STD_DMZ_TO_INSIDE_3265","Shared","standard","universal","dmz","WORKSTATIONS-FLOOR2","any","any","inside","VOIP-PBX-01","any","smtp","application-default","Allow","none","","any"
"2749","STD_VOIP_TO_MGMT_1870","Shared","none","universal","voip","WEB-SRV-01","any","any","mgmt","MGMT-JUMPBOX-01","any","smtp","application-default","Allow","strict","","any"
"2750","STD_DMZ_TO_AD_815","Shared","none","universal","dmz","FILE-SRV-01","any","any","ad","MGMT-JUMPBOX-01","any","ntp","application-default","Allow","strict","","any"
"2751","STD_VOIP_TO_DMZ_2475","Shared","app-team","universal","voip","WEB-SRV-01","any","any","dmz","API-GATEWAY-01","any","voip-generic","application-default","Allow","none","","any"
"2752","STD_SERVER_TO_IOT_1442","Shared","standard","universal","server","DB-SRV-01","any","any","iot","APP-SRV-02","any","snmp-base","application-default","Allow","strict","","any"
"2753","STD_POS_TO_IOT_2700","Shared","app-team","universal","pos","MGMT-JUMPBOX-01","any","any","iot","MGMT-JUMPBOX-01","any","sip","application-default","Allow","strict","","any"
"2754","STD_INSIDE_TO_AD_96","Shared","none","universal","inside","WEB-SRV-02","any","any","ad","WEB-SRV-01","any","dns","application-default","Allow","none","","any"
"2755","STD_MGMT_TO_DMZ_2875","Shared","app-team","universal","mgmt","IOT-GATEWAY-01","any","any","dmz","IOT-GATEWAY-01","any","mqtt","application-default","Allow","none","","any"
"2756","STD_SERVER_TO_POS_3343","Shared","none","universal","server","VOIP-PBX-01","any","any","pos","DB-SRV-01","any","web-browsing","application-default","Allow","none","","any"
"2757","STD_OUTSIDE_TO_VOIP_944","Shared","none","universal","outside","any","any","any","voip","APP-SRV-01","any","snmp-base","application-default","Allow","strict","","any"
"2758","STD_SERVER_TO_MGMT_3315","Shared","standard","universal","server","WEB-SRV-01","any","any","mgmt","MGMT-JUMPBOX-01","any","ntp","application-default","Allow","strict","","any"
"2759","STD_IOT_TO_POS_647","Shared","none","universal","iot","MGMT-JUMPBOX-01","any","any","pos","DC-01","any","smtp","application-default","Allow","strict","","any"
"2760","STD_VOIP_TO_INSIDE_1257","Shared","none","universal","voip","WORKSTATIONS-FLOOR1","any","any","inside","FILE-SRV-01","any","sip","application-default","Allow","none","","any"
"2761","STD_DMZ_TO_SERVER_3468","Shared","standard","universal","dmz","WORKSTATIONS-FLOOR2","any","any","server","WORKSTATIONS-FLOOR1","any","ssl","application-default","Allow","strict","","any"
"2762","STD_SERVER_TO_DMZ_460","Shared","app-team","universal","server","VOIP-PBX-01","any","any","dmz","WORKSTATIONS-FLOOR1","any","ntp","application-default","Allow","strict","","any"
"2763","NEGATED_RFC1918_13","Shared","none","universal","server","[Negate]  10.0.0.0-10.255.255.255;[Negate]  172.16.0.0-172.31.255.255;[Negate]  192.168.0.0-192.168.255.255","any","any","outside","any","any","web-browsing","application-default","Allow","strict","","any"
"2764","STD_OUTSIDE_TO_INSIDE_2155","Shared","standard","universal","outside","any","any","any","inside","VOIP-PBX-01","any","dns","application-default","Allow","strict","","any"
"2765","RISKY_OUTSIDE_TO_FILE-SRV-01_104","Shared","remote-access","universal","outside","any","any","any","iot","FILE-SRV-01","any","telnet","application-default","Allow","none","","any"
"2766","STD_MGMT_TO_IOT_3883","Shared","standard","universal","mgmt","WORKSTATIONS-FLOOR2","any","any","iot","DB-SRV-01","any","snmp-base","application-default","Allow","strict","","any"
"2767","STD_DMZ_TO_OUTSIDE_1484","Shared","app-team","universal","dmz","FILE-SRV-01","any","any","outside","1.1.1.1/32","any","sip","application-default","Allow","strict","","any"
"2768","OPEN_OUTSIDE_TO_MGMT-HOSTS-G_92","Shared","legacy-open","universal","outside","any","any","any","server","MGMT-HOSTS-G","any","ssh","any","Allow","none","","any"
"2769","STD_OUTSIDE_TO_INSIDE_2621","Shared","app-team","universal","outside","any","any","any","inside","FILE-SRV-01","any","snmp-base","application-default","Allow","none","","any"
"2770","STD_OUTSIDE_TO_MGMT_635","Shared","app-team","universal","outside","any","any","any","mgmt","WEB-SRV-02","any","dns","application-default","Allow","strict","","any"
"2771","STD_POS_TO_OUTSIDE_3720","Shared","app-team","universal","pos","APP-SRV-01","any","any","outside","1.1.1.1/32","any","ntp","application-default","Allow","strict","","any"
"2772","STD_IOT_TO_VOIP_2239","Shared","app-team","universal","iot","FILE-SRV-01","any","any","voip","APP-SRV-01","any","dns","application-default","Allow","none","","any"
"2773","STD_MGMT_TO_POS_2531","Shared","standard","universal","mgmt","VOIP-PBX-01","any","any","pos","DC-01","any","ping","application-default","Allow","none","","any"
"2774","STD_SERVER_TO_AD_2315","Shared","none","universal","server","FILE-SRV-01","any","any","ad","WORKSTATIONS-FLOOR2","any","ssl","application-default","Allow","strict","","any"
"2775","STD_OUTSIDE_TO_MGMT_2513","Shared","app-team","universal","outside","any","any","any","mgmt","FILE-SRV-01","any","voip-generic","application-default","Allow","strict","","any"
"2776","STD_OUTSIDE_TO_IOT_2615","Shared","app-team","universal","outside","any","any","any","iot","APP-SRV-02","any","smtp","application-default","Allow","none","","any"
"2777","STD_POS_TO_SERVER_1888","Shared","standard","universal","pos","VOIP-PBX-01","any","any","server","IOT-GATEWAY-01","any","sip","application-default","Allow","strict","","any"
"2778","STD_MGMT_TO_INSIDE_2927","Shared","standard","universal","mgmt","IOT-GATEWAY-01","any","any","inside","WEB-SRV-01","any","mqtt","application-default","Allow","strict","","any"
"2779","STD_VOIP_TO_OUTSIDE_1401","Shared","standard","universal","voip","FILE-SRV-01","any","any","outside","9.9.9.9/32","any","ntp","application-default","Allow","none","","any"
"2780","STD_VOIP_TO_AD_986","Shared","none","universal","voip","MGMT-JUMPBOX-01","any","any","ad","WEB-SRV-01","any","sip","application-default","Allow","none","","any"
"2781","SERVER_TO_DC_55","Shared","ad-auth","universal","server","WORKSTATIONS-FLOOR1","any","any","ad","DOMAIN-CONTROLLERS-G","any","ms-ds-smb","application-default","Allow","none","","any"
"2782","STD_OUTSIDE_TO_MGMT_1123","Shared","standard","universal","outside","any","any","any","mgmt","IOT-GATEWAY-01","any","ping","application-default","Allow","strict","","any"
"2783","REMOTE_ACCESS_9","Shared","remote-support","universal","outside","any","any","any","iot","MGMT-JUMPBOX-01","any","logmein","application-default","Allow","none","","any"
"2784","SCOPED_PARTNER_TO_WEB-SRV-02_47","Shared","partner-integration","universal","outside","PARTNER-VENDOR-B","any","any","dmz","WEB-SRV-02","any","ssl","application-default","Allow","strict","","any"
"2785","STD_IOT_TO_AD_248","Shared","standard","universal","iot","WORKSTATIONS-FLOOR1","any","any","ad","FILE-SRV-01","any","dns","application-default","Allow","strict","","any"
"2786","STD_AD_TO_SERVER_3749","Shared","standard","universal","ad","DC-01","any","any","server","WEB-SRV-01","any","web-browsing","application-default","Allow","none","","any"
"2787","STD_IOT_TO_DMZ_361","Shared","app-team","universal","iot","DC-01","any","any","dmz","IOT-GATEWAY-01","any","ntp","application-default","Allow","strict","","any"
"2788","IOT_TO_DC_65","Shared","ad-auth","universal","iot","WORKSTATIONS-FLOOR1","any","any","ad","DOMAIN-CONTROLLERS-G","any","kerberos","application-default","Allow","none","","any"
"2789","STD_OUTSIDE_TO_DMZ_552","Shared","app-team","universal","outside","any","any","any","dmz","DC-01","any","sip","application-default","Allow","none","","any"
"2790","STD_POS_TO_OUTSIDE_3115","Shared","none","universal","pos","APP-SRV-02","any","any","outside","8.8.8.8/32","any","ping","application-default","Allow","none","","any"
"2791","STD_OUTSIDE_TO_POS_595","Shared","standard","universal","outside","any","any","any","pos","APP-SRV-02","any","voip-generic","application-default","Allow","none","","any"
"2792","REMOTE_ACCESS_2","Shared","remote-support","universal","outside","any","any","any","inside","APP-SRV-01","any","splashtop","application-default","Allow","none","","any"
"2793","STD_DMZ_TO_AD_873","Shared","none","universal","dmz","WEB-SRV-02","any","any","ad","WORKSTATIONS-FLOOR2","any","voip-generic","application-default","Allow","strict","","any"
"2794","STD_POS_TO_MGMT_3666","Shared","none","universal","pos","WORKSTATIONS-FLOOR1","any","any","mgmt","DC-01","any","snmp-base","application-default","Allow","none","","any"
"2795","STD_POS_TO_SERVER_1059","Shared","app-team","universal","pos","WEB-SRV-02","any","any","server","WEB-SRV-01","any","sip","application-default","Allow","strict","","any"
"2796","STD_INSIDE_TO_DMZ_1690","Shared","app-team","universal","inside","VOIP-PBX-01","any","any","dmz","DC-01","any","sip","application-default","Allow","strict","","any"
"2797","STD_INSIDE_TO_VOIP_2352","Shared","standard","universal","inside","WEB-SRV-01","any","any","voip","API-GATEWAY-01","any","sip","application-default","Allow","strict","","any"
"2798","STD_DMZ_TO_AD_2442","Shared","none","universal","dmz","MGMT-JUMPBOX-01","any","any","ad","WEB-SRV-01","any","smtp","application-default","Allow","none","","any"
"2799","STD_DMZ_TO_OUTSIDE_1731","Shared","none","universal","dmz","IOT-GATEWAY-01","any","any","outside","9.9.9.9/32","any","ntp","application-default","Allow","strict","","any"
"2800","STD_VOIP_TO_OUTSIDE_561","Shared","app-team","universal","voip","WORKSTATIONS-FLOOR1","any","any","outside","1.1.1.1/32","any","dns","application-default","Allow","strict","","any"
"2801","SCOPED_INTERNAL_POS_TO_SERVER_13","Shared","standard","universal","pos","MGMT-JUMPBOX-01","any","any","server","APP-SRV-01","any","ssl","application-default","Allow","strict","","any"
"2802","BROAD_INTERNAL_VOIP_TO_SERVER_31","Shared","internal","universal","voip","any","any","any","server","any","any","any","any","Allow","none","","any"
"2803","STD_MGMT_TO_DMZ_1187","Shared","standard","universal","mgmt","FILE-SRV-01","any","any","dmz","DB-SRV-01","any","ssl","application-default","Allow","none","","any"
"2804","STD_MGMT_TO_AD_1911","Shared","app-team","universal","mgmt","APP-SRV-02","any","any","ad","WORKSTATIONS-FLOOR2","any","voip-generic","application-default","Allow","strict","","any"
"2805","CORP_TO_POS_25","Shared","admin-access","universal","server","any","any","any","pos","any","any","any","application-default","Allow","none","","any"
"2806","LEGACY_PORT_45","Shared","legacy-port","universal","inside","any","any","any","voip","FILE-SRV-01","any","any","tcp-8080","Allow","none","","any"
"2807","STD_POS_TO_OUTSIDE_1779","Shared","none","universal","pos","APP-SRV-02","any","any","outside","9.9.9.9/32","any","sip","application-default","Allow","strict","","any"
"2808","STD_DMZ_TO_SERVER_3754","Shared","app-team","universal","dmz","DB-SRV-01","any","any","server","IOT-GATEWAY-01","any","voip-generic","application-default","Allow","none","","any"
"2809","STD_OUTSIDE_TO_IOT_958","Shared","app-team","universal","outside","any","any","any","iot","WORKSTATIONS-FLOOR2","any","mqtt","application-default","Allow","strict","","any"
"2810","STD_DMZ_TO_OUTSIDE_1204","Shared","none","universal","dmz","WEB-SRV-01","any","any","outside","8.8.8.8/32","any","ntp","application-default","Allow","strict","","any"
"2811","STD_AD_TO_SERVER_1835","Shared","app-team","universal","ad","DC-01","any","any","server","VOIP-PBX-01","any","mqtt","application-default","Allow","strict","","any"
"2812","STD_SERVER_TO_IOT_116","Shared","app-team","universal","server","MGMT-JUMPBOX-01","any","any","iot","IOT-GATEWAY-01","any","ssl","application-default","Allow","strict","","any"
"2813","STD_VOIP_TO_AD_3156","Shared","standard","universal","voip","WORKSTATIONS-FLOOR2","any","any","ad","WORKSTATIONS-FLOOR2","any","snmp-base","application-default","Allow","strict","","any"
"2814","STD_VOIP_TO_DMZ_1634","Shared","none","universal","voip","DC-01","any","any","dmz","APP-SRV-02","any","ntp","application-default","Allow","strict","","any"
"2815","RISKY_OUTSIDE_TO_DC-01_15","Shared","remote-access","universal","outside","any","any","any","iot","DC-01","any","vnc","application-default","Allow","none","","any"
"2816","STD_INSIDE_TO_POS_454","Shared","app-team","universal","inside","MGMT-JUMPBOX-01","any","any","pos","MGMT-JUMPBOX-01","any","mqtt","application-default","Allow","strict","","any"
"2817","LEGACY_PORT_16","Shared","legacy-port","universal","outside","any","any","any","iot","BACKUP-SRV-01","any","any","tcp-445","Allow","none","","any"
"2818","LEGACY_PORT_52","Shared","legacy-port","universal","inside","any","any","any","ad","FILE-SRV-01","any","any","tcp-5900","Allow","none","","any"
"2819","STD_MGMT_TO_POS_2905","Shared","app-team","universal","mgmt","WORKSTATIONS-FLOOR1","any","any","pos","MGMT-JUMPBOX-01","any","snmp-base","application-default","Allow","none","","any"
"2820","STD_DMZ_TO_SERVER_2398","Shared","standard","universal","dmz","VOIP-PBX-01","any","any","server","WEB-SRV-01","any","snmp-base","application-default","Allow","strict","","any"
"2821","STD_MGMT_TO_VOIP_354","Shared","app-team","universal","mgmt","MGMT-JUMPBOX-01","any","any","voip","API-GATEWAY-01","any","web-browsing","application-default","Allow","strict","","any"
"2822","STD_AD_TO_OUTSIDE_3306","Shared","standard","universal","ad","DB-SRV-01","any","any","outside","9.9.9.9/32","any","mqtt","application-default","Allow","strict","","any"
"2823","STD_OUTSIDE_TO_INSIDE_2000","Shared","standard","universal","outside","any","any","any","inside","WORKSTATIONS-FLOOR1","any","snmp-base","application-default","Allow","none","","any"
"2824","STD_OUTSIDE_TO_INSIDE_1940","Shared","app-team","universal","outside","any","any","any","inside","WEB-SRV-02","any","web-browsing","application-default","Allow","strict","","any"
"2825","STD_MGMT_TO_SERVER_3256","Shared","none","universal","mgmt","DB-SRV-01","any","any","server","FILE-SRV-01","any","ntp","application-default","Allow","none","","any"
"2826","STD_DMZ_TO_OUTSIDE_802","Shared","standard","universal","dmz","DB-SRV-01","any","any","outside","1.1.1.1/32","any","ping","application-default","Allow","strict","","any"
"2827","DNS_OUTBOUND_6","Shared","none","universal","mgmt","APP-SRV-01","any","any","outside","9.9.9.9/32","any","dns-over-https","tcp-853","Allow","none","","any"
"2828","STD_INSIDE_TO_IOT_2510","Shared","app-team","universal","inside","WORKSTATIONS-FLOOR1","any","any","iot","FILE-SRV-01","any","voip-generic","application-default","Allow","strict","","any"
"2829","BROAD_INTERNAL_POS_TO_VOIP_80","Shared","internal","universal","pos","any","any","any","voip","any","any","any","any","Allow","none","","any"
"2830","STD_POS_TO_MGMT_1380","Shared","standard","universal","pos","WEB-SRV-02","any","any","mgmt","APP-SRV-01","any","snmp-base","application-default","Allow","none","","any"
"2831","STD_DMZ_TO_OUTSIDE_3784","Shared","app-team","universal","dmz","WEB-SRV-01","any","any","outside","8.8.8.8/32","any","ping","application-default","Allow","strict","","any"
"2832","STD_VOIP_TO_DMZ_284","Shared","app-team","universal","voip","MGMT-JUMPBOX-01","any","any","dmz","VOIP-PBX-01","any","dns","application-default","Allow","strict","","any"
"2833","STD_INSIDE_TO_IOT_2729","Shared","none","universal","inside","WEB-SRV-02","any","any","iot","VOIP-PBX-01","any","mqtt","application-default","Allow","strict","","any"
"2834","STD_OUTSIDE_TO_AD_366","Shared","standard","universal","outside","any","any","any","ad","APP-SRV-02","any","web-browsing","application-default","Allow","strict","","any"
"2835","BROAD_INTERNAL_SERVER_TO_VOIP_11","Shared","internal","universal","server","any","any","any","voip","any","any","any","any","Allow","none","","any"
"2836","STD_IOT_TO_AD_1842","Shared","app-team","universal","iot","MGMT-JUMPBOX-01","any","any","ad","MGMT-JUMPBOX-01","any","ping","application-default","Allow","strict","","any"
"2837","STD_IOT_TO_SERVER_349","Shared","app-team","universal","iot","WORKSTATIONS-FLOOR2","any","any","server","APP-SRV-02","any","dns","application-default","Allow","strict","","any"
"2838","CORP_TO_POS_1","Shared","admin-access","universal","server","any","any","any","pos","any","any","any","application-default","Allow","none","","any"
"2839","STD_DMZ_TO_IOT_2971","Shared","app-team","universal","dmz","WORKSTATIONS-FLOOR2","any","any","iot","WORKSTATIONS-FLOOR1","any","mqtt","application-default","Allow","strict","","any"
"2840","STD_INSIDE_TO_IOT_708","Shared","standard","universal","inside","FILE-SRV-01","any","any","iot","APP-SRV-01","any","ntp","application-default","Allow","strict","","any"
"2841","STD_MGMT_TO_OUTSIDE_1606","Shared","app-team","universal","mgmt","IOT-GATEWAY-01","any","any","outside","9.9.9.9/32","any","smtp","application-default","Allow","none","","any"
"2842","SCOPED_PARTNER_TO_API-GATEWAY-01_58","Shared","partner-integration","universal","outside","THIRD-PARTY-PAYMENT-GW","any","any","dmz","API-GATEWAY-01","any","ssl","application-default","Allow","strict","","any"
"2843","STD_SERVER_TO_VOIP_1616","Shared","standard","universal","server","APP-SRV-02","any","any","voip","APP-SRV-01","any","web-browsing","application-default","Allow","strict","","any"
"2844","STD_INSIDE_TO_AD_1922","Shared","standard","universal","inside","FILE-SRV-01","any","any","ad","WORKSTATIONS-FLOOR1","any","ntp","application-default","Allow","strict","","any"
"2845","STD_POS_TO_SERVER_3549","Shared","standard","universal","pos","WEB-SRV-01","any","any","server","FILE-SRV-01","any","smtp","application-default","Allow","strict","","any"
"2846","STD_VOIP_TO_SERVER_1750","Shared","none","universal","voip","IOT-GATEWAY-01","any","any","server","APP-SRV-02","any","ntp","application-default","Allow","none","","any"
"2847","STD_OUTSIDE_TO_DMZ_3247","Shared","none","universal","outside","any","any","any","dmz","VOIP-PBX-01","any","mqtt","application-default","Allow","strict","","any"
"2848","STD_MGMT_TO_POS_1834","Shared","none","universal","mgmt","WORKSTATIONS-FLOOR1","any","any","pos","WEB-SRV-02","any","dns","application-default","Allow","none","","any"
"2849","STD_MGMT_TO_DMZ_823","Shared","none","universal","mgmt","WEB-SRV-02","any","any","dmz","APP-SRV-02","any","dns","application-default","Allow","strict","","any"
"2850","STD_MGMT_TO_AD_3291","Shared","none","universal","mgmt","WORKSTATIONS-FLOOR1","any","any","ad","DC-01","any","mqtt","application-default","Allow","strict","","any"
"2851","CORP_TO_POS_10","Shared","admin-access","universal","server","any","any","any","pos","any","any","any","application-default","Allow","none","","any"
"2852","OUTBOUND_SCOPED_39","Shared","outbound-standard","universal","server","APP-SRV-01","any","any","outside","VPN-CLIENT-RANGE","any","web-browsing","application-default","Allow","strict","","any"
"2853","STD_INSIDE_TO_IOT_1677","Shared","app-team","universal","inside","WORKSTATIONS-FLOOR2","any","any","iot","APP-SRV-02","any","ping","application-default","Allow","strict","","any"
"2854","STD_AD_TO_IOT_1002","Shared","none","universal","ad","DB-SRV-01","any","any","iot","IOT-GATEWAY-01","any","ping","application-default","Allow","strict","","any"
"2855","STD_MGMT_TO_SERVER_854","Shared","app-team","universal","mgmt","WORKSTATIONS-FLOOR1","any","any","server","WEB-SRV-02","any","mqtt","application-default","Allow","strict","","any"
"2856","STD_SERVER_TO_MGMT_1832","Shared","none","universal","server","MGMT-JUMPBOX-01","any","any","mgmt","APP-SRV-01","any","snmp-base","application-default","Allow","strict","","any"
"2857","STD_OUTSIDE_TO_INSIDE_105","Shared","app-team","universal","outside","any","any","any","inside","FILE-SRV-01","any","snmp-base","application-default","Allow","none","","any"
"2858","STD_OUTSIDE_TO_POS_1538","Shared","none","universal","outside","any","any","any","pos","WEB-SRV-01","any","mqtt","application-default","Allow","strict","","any"
"2859","LEGACY_PORT_56","Shared","legacy-port","universal","outside","any","any","any","inside","BACKUP-SRV-01","any","any","tcp-445","Allow","none","","any"
"2860","STD_SERVER_TO_VOIP_2857","Shared","none","universal","server","MGMT-JUMPBOX-01","any","any","voip","APP-SRV-02","any","ssl","application-default","Allow","strict","","any"
"2861","STD_IOT_TO_OUTSIDE_3594","Shared","standard","universal","iot","WEB-SRV-02","any","any","outside","1.1.1.1/32","any","mqtt","application-default","Allow","none","","any"
"2862","OPEN_OUTSIDE_TO_APP-SERVERS-G_68","Shared","none","universal","outside","any","any","any","dmz","APP-SERVERS-G","any","postgres","application-default","Allow","none","","any"
"2863","SCOPED_INTERNAL_VOIP_TO_SERVER_31","Shared","standard","universal","voip","WORKSTATIONS-FLOOR1","any","any","server","APP-SRV-01","any","dns","application-default","Allow","strict","","any"
"2864","STD_MGMT_TO_INSIDE_3757","Shared","app-team","universal","mgmt","WORKSTATIONS-FLOOR2","any","any","inside","DC-01","any","snmp-base","application-default","Allow","none","","any"
"2865","RISKY_OUTSIDE_TO_FILE-SRV-01_69","Shared","remote-access","universal","outside","any","any","any","iot","FILE-SRV-01","any","mysql","application-default","Allow","none","","any"
"2866","STD_POS_TO_SERVER_2758","Shared","none","universal","pos","IOT-GATEWAY-01","any","any","server","DC-01","any","sip","application-default","Allow","strict","","any"
"2867","STD_AD_TO_VOIP_1558","Shared","app-team","universal","ad","IOT-GATEWAY-01","any","any","voip","WEB-SRV-02","any","mqtt","application-default","Allow","strict","","any"
"2868","STD_DMZ_TO_OUTSIDE_158","Shared","app-team","universal","dmz","APP-SRV-02","any","any","outside","8.8.8.8/32","any","web-browsing","application-default","Allow","strict","","any"
"2869","SCOPED_NO_PROFILE_15","Shared","partner-integration","universal","outside","PARTNER-VENDOR-A","any","any","dmz","WEB-SRV-01","any","ssl","application-default","Allow","none","","any"
"2870","STD_INSIDE_TO_AD_950","Shared","standard","universal","inside","WEB-SRV-02","any","any","ad","API-GATEWAY-01","any","dns","application-default","Allow","none","","any"
"2871","STD_MGMT_TO_POS_939","Shared","app-team","universal","mgmt","WORKSTATIONS-FLOOR2","any","any","pos","IOT-GATEWAY-01","any","smtp","application-default","Allow","strict","","any"
"2872","STD_IOT_TO_OUTSIDE_665","Shared","none","universal","iot","API-GATEWAY-01","any","any","outside","1.1.1.1/32","any","ssl","application-default","Allow","strict","","any"
"2873","STD_INSIDE_TO_AD_1781","Shared","app-team","universal","inside","WORKSTATIONS-FLOOR2","any","any","ad","FILE-SRV-01","any","mqtt","application-default","Allow","strict","","any"
"2874","OPEN_OUTSIDE_TO_POS-TERMINALS-G_105","Shared","legacy-open","universal","outside","any","any","any","mgmt","POS-TERMINALS-G","any","ssh","any","Allow","none","","any"
"2875","IOT_TO_DC_45","Shared","ad-auth","universal","iot","any","any","any","ad","DOMAIN-CONTROLLERS-G","any","ms-ds-smb","application-default","Allow","none","","any"
"2876","STD_INSIDE_TO_VOIP_913","Shared","none","universal","inside","WEB-SRV-01","any","any","voip","VOIP-PBX-01","any","web-browsing","application-default","Allow","none","","any"
"2877","STD_OUTSIDE_TO_IOT_3755","Shared","none","universal","outside","any","any","any","iot","APP-SRV-02","any","web-browsing","application-default","Allow","none","","any"
"2878","STD_INSIDE_TO_DMZ_2151","Shared","standard","universal","inside","MGMT-JUMPBOX-01","any","any","dmz","IOT-GATEWAY-01","any","dns","application-default","Allow","none","","any"
"2879","STD_AD_TO_VOIP_2625","Shared","none","universal","ad","WEB-SRV-01","any","any","voip","VOIP-PBX-01","any","ping","application-default","Allow","strict","","any"
"2880","STD_AD_TO_IOT_3245","Shared","standard","universal","ad","IOT-GATEWAY-01","any","any","iot","WORKSTATIONS-FLOOR2","any","ssl","application-default","Allow","strict","","any"
"2881","STD_VOIP_TO_IOT_128","Shared","app-team","universal","voip","WORKSTATIONS-FLOOR2","any","any","iot","DC-01","any","ping","application-default","Allow","strict","","any"
"2882","STD_VOIP_TO_OUTSIDE_1040","Shared","app-team","universal","voip","DB-SRV-01","any","any","outside","9.9.9.9/32","any","ping","application-default","Allow","strict","","any"
"2883","STD_SERVER_TO_INSIDE_1384","Shared","none","universal","server","IOT-GATEWAY-01","any","any","inside","APP-SRV-01","any","sip","application-default","Allow","none","","any"
"2884","STD_VOIP_TO_MGMT_2519","Shared","standard","universal","voip","FILE-SRV-01","any","any","mgmt","FILE-SRV-01","any","mqtt","application-default","Allow","none","","any"
"2885","STD_MGMT_TO_DMZ_1514","Shared","standard","universal","mgmt","MGMT-JUMPBOX-01","any","any","dmz","WORKSTATIONS-FLOOR2","any","dns","application-default","Allow","none","","any"
"2886","STD_AD_TO_MGMT_1661","Shared","app-team","universal","ad","API-GATEWAY-01","any","any","mgmt","WORKSTATIONS-FLOOR2","any","ntp","application-default","Allow","strict","","any"
"2887","STD_SERVER_TO_IOT_462","Shared","standard","universal","server","VOIP-PBX-01","any","any","iot","MGMT-JUMPBOX-01","any","ntp","application-default","Allow","strict","","any"
"2888","STD_IOT_TO_POS_1552","Shared","standard","universal","iot","DC-01","any","any","pos","MGMT-JUMPBOX-01","any","snmp-base","application-default","Allow","none","","any"
"2889","STD_POS_TO_INSIDE_2370","Shared","standard","universal","pos","DB-SRV-01","any","any","inside","VOIP-PBX-01","any","dns","application-default","Allow","strict","","any"
"2890","STD_POS_TO_VOIP_1719","Shared","standard","universal","pos","WORKSTATIONS-FLOOR2","any","any","voip","DC-01","any","ping","application-default","Allow","none","","any"
"2891","STD_SERVER_TO_VOIP_1671","Shared","none","universal","server","APP-SRV-01","any","any","voip","IOT-GATEWAY-01","any","snmp-base","application-default","Allow","none","","any"
"2892","STD_IOT_TO_MGMT_3679","Shared","app-team","universal","iot","APP-SRV-01","any","any","mgmt","APP-SRV-02","any","dns","application-default","Allow","none","","any"
"2893","NEGATED_SINGLE_5","Shared","legacy","universal","any","[Negate]  203.0.5.0/24","any","any","mgmt","any","any","anydesk","application-default","Allow","none","","any"
"2894","STD_INSIDE_TO_MGMT_696","Shared","app-team","universal","inside","WEB-SRV-02","any","any","mgmt","VOIP-PBX-01","any","snmp-base","application-default","Allow","strict","","any"
"2895","STD_VOIP_TO_OUTSIDE_2338","Shared","none","universal","voip","WEB-SRV-01","any","any","outside","8.8.8.8/32","any","web-browsing","application-default","Allow","strict","","any"
"2896","STD_VOIP_TO_INSIDE_2369","Shared","none","universal","voip","FILE-SRV-01","any","any","inside","APP-SRV-02","any","mqtt","application-default","Allow","strict","","any"
"2897","STD_VOIP_TO_INSIDE_2337","Shared","app-team","universal","voip","APP-SRV-01","any","any","inside","DC-01","any","web-browsing","application-default","Allow","strict","","any"
"2898","STD_INSIDE_TO_DMZ_2716","Shared","standard","universal","inside","FILE-SRV-01","any","any","dmz","IOT-GATEWAY-01","any","ssl","application-default","Allow","strict","","any"
"2899","POS_TO_DC_4","Shared","ad-auth","universal","pos","WORKSTATIONS-FLOOR1","any","any","ad","DOMAIN-CONTROLLERS-G","any","ldap","application-default","Allow","none","","any"
"2900","STD_POS_TO_DMZ_2199","Shared","none","universal","pos","APP-SRV-01","any","any","dmz","VOIP-PBX-01","any","dns","application-default","Allow","strict","","any"
"2901","STD_INSIDE_TO_SERVER_126","Shared","app-team","universal","inside","WEB-SRV-01","any","any","server","APP-SRV-01","any","sip","application-default","Allow","none","","any"
"2902","STD_VOIP_TO_AD_3880","Shared","standard","universal","voip","FILE-SRV-01","any","any","ad","MGMT-JUMPBOX-01","any","snmp-base","application-default","Allow","strict","","any"
"2903","STD_VOIP_TO_IOT_2133","Shared","none","universal","voip","WORKSTATIONS-FLOOR1","any","any","iot","WORKSTATIONS-FLOOR1","any","ssl","application-default","Allow","strict","","any"
"2904","STD_OUTSIDE_TO_MGMT_2230","Shared","app-team","universal","outside","any","any","any","mgmt","IOT-GATEWAY-01","any","ntp","application-default","Allow","strict","","any"
"2905","STD_POS_TO_OUTSIDE_527","Shared","standard","universal","pos","IOT-GATEWAY-01","any","any","outside","8.8.8.8/32","any","dns","application-default","Allow","strict","","any"
"2906","STD_POS_TO_MGMT_3960","Shared","app-team","universal","pos","IOT-GATEWAY-01","any","any","mgmt","IOT-GATEWAY-01","any","dns","application-default","Allow","none","","any"
"2907","STD_POS_TO_OUTSIDE_2966","Shared","none","universal","pos","APP-SRV-01","any","any","outside","9.9.9.9/32","any","dns","application-default","Allow","none","","any"
"2908","STD_IOT_TO_SERVER_702","Shared","none","universal","iot","DC-01","any","any","server","MGMT-JUMPBOX-01","any","web-browsing","application-default","Allow","strict","","any"
"2909","STD_VOIP_TO_POS_345","Shared","app-team","universal","voip","DC-01","any","any","pos","API-GATEWAY-01","any","snmp-base","application-default","Allow","strict","","any"
"2910","STD_IOT_TO_SERVER_2810","Shared","standard","universal","iot","WORKSTATIONS-FLOOR1","any","any","server","APP-SRV-02","any","mqtt","application-default","Allow","strict","","any"
"2911","RISKY_OUTSIDE_TO_DC-01_100","Shared","remote-access","universal","outside","any","any","any","inside","DC-01","any","kerberos","application-default","Allow","none","","any"
"2912","STD_OUTSIDE_TO_AD_1479","Shared","app-team","universal","outside","any","any","any","ad","VOIP-PBX-01","any","mqtt","application-default","Allow","strict","","any"
"2913","STD_INSIDE_TO_OUTSIDE_982","Shared","none","universal","inside","FILE-SRV-01","any","any","outside","1.1.1.1/32","any","ssl","application-default","Allow","strict","","any"
"2914","OUTBOUND_OPEN_14","Shared","legacy-open","universal","voip","any","any","any","outside","any","any","any","any","Allow","none","","any"
"2915","STD_INSIDE_TO_POS_3189","Shared","standard","universal","inside","DB-SRV-01","any","any","pos","WORKSTATIONS-FLOOR1","any","ssl","application-default","Allow","none","","any"
"2916","DNS_OUTBOUND_35","Shared","none","universal","server","WORKSTATIONS-FLOOR1","any","any","outside","9.9.9.9/32","any","dns","application-default","Allow","strict","","any"
"2917","CORP_TO_POS_21","Shared","admin-access","universal","dmz","any","any","any","pos","any","any","any","application-default","Allow","none","","any"
"2918","STD_AD_TO_VOIP_880","Shared","app-team","universal","ad","WEB-SRV-02","any","any","voip","DC-01","any","ssl","application-default","Allow","strict","","any"
"2919","STD_OUTSIDE_TO_SERVER_3068","Shared","none","universal","outside","any","any","any","server","VOIP-PBX-01","any","dns","application-default","Allow","none","","any"
"2920","STD_INSIDE_TO_IOT_927","Shared","standard","universal","inside","IOT-GATEWAY-01","any","any","iot","MGMT-JUMPBOX-01","any","ping","application-default","Allow","strict","","any"
"2921","OPEN_OUTSIDE_TO_WEB-SERVERS-G_41","Shared","none","universal","outside","any","any","any","dmz","WEB-SERVERS-G","any","any","application-default","Allow","none","","any"
"2922","STD_IOT_TO_POS_219","Shared","none","universal","iot","WEB-SRV-01","any","any","pos","WORKSTATIONS-FLOOR1","any","sip","application-default","Allow","strict","","any"
"2923","STD_VOIP_TO_POS_3624","Shared","none","universal","voip","WORKSTATIONS-FLOOR1","any","any","pos","APP-SRV-01","any","mqtt","application-default","Allow","strict","","any"
"2924","BROAD_INTERNAL_IOT_TO_AD_20","Shared","internal","universal","iot","any","any","any","ad","any","any","any","any","Allow","none","","any"
"2925","STD_OUTSIDE_TO_DMZ_44","Shared","standard","universal","outside","any","any","any","dmz","WEB-SRV-02","any","mqtt","application-default","Allow","strict","","any"
"2926","STD_VOIP_TO_POS_1372","Shared","standard","universal","voip","WEB-SRV-02","any","any","pos","WORKSTATIONS-FLOOR2","any","web-browsing","application-default","Allow","strict","","any"
"2927","STD_MGMT_TO_IOT_1759","Shared","app-team","universal","mgmt","APP-SRV-01","any","any","iot","DC-01","any","ntp","application-default","Allow","strict","","any"
"2928","STD_MGMT_TO_OUTSIDE_755","Shared","none","universal","mgmt","IOT-GATEWAY-01","any","any","outside","1.1.1.1/32","any","snmp-base","application-default","Allow","strict","","any"
"2929","STD_SERVER_TO_OUTSIDE_323","Shared","standard","universal","server","APP-SRV-02","any","any","outside","9.9.9.9/32","any","web-browsing","application-default","Allow","strict","","any"
"2930","STD_MGMT_TO_INSIDE_3609","Shared","standard","universal","mgmt","WEB-SRV-01","any","any","inside","FILE-SRV-01","any","smtp","application-default","Allow","strict","","any"
"2931","STD_AD_TO_INSIDE_3386","Shared","standard","universal","ad","WORKSTATIONS-FLOOR1","any","any","inside","WORKSTATIONS-FLOOR1","any","ping","application-default","Allow","strict","","any"
"2932","STD_AD_TO_MGMT_3861","Shared","none","universal","ad","APP-SRV-02","any","any","mgmt","APP-SRV-02","any","mqtt","application-default","Allow","none","","any"
"2933","STD_IOT_TO_INSIDE_1605","Shared","none","universal","iot","APP-SRV-01","any","any","inside","VOIP-PBX-01","any","smtp","application-default","Allow","none","","any"
"2934","STD_AD_TO_MGMT_3455","Shared","app-team","universal","ad","IOT-GATEWAY-01","any","any","mgmt","MGMT-JUMPBOX-01","any","dns","application-default","Allow","strict","","any"
"2935","STD_IOT_TO_OUTSIDE_2330","Shared","standard","universal","iot","API-GATEWAY-01","any","any","outside","9.9.9.9/32","any","voip-generic","application-default","Allow","strict","","any"
"2936","STD_IOT_TO_MGMT_3492","Shared","standard","universal","iot","FILE-SRV-01","any","any","mgmt","VOIP-PBX-01","any","ping","application-default","Allow","strict","","any"
"2937","STD_DMZ_TO_POS_1844","Shared","none","universal","dmz","APP-SRV-01","any","any","pos","WEB-SRV-01","any","ntp","application-default","Allow","strict","","any"
"2938","[Disabled] OLD_DISABLED_5","Shared","none","universal","outside","any","any","any","iot","APP-SRV-01","any","any","any","Allow","none","","any"
"2939","STD_DMZ_TO_POS_1058","Shared","none","universal","dmz","WORKSTATIONS-FLOOR2","any","any","pos","IOT-GATEWAY-01","any","dns","application-default","Allow","none","","any"
"2940","STD_AD_TO_POS_2311","Shared","none","universal","ad","MGMT-JUMPBOX-01","any","any","pos","APP-SRV-02","any","dns","application-default","Allow","strict","","any"
"2941","STD_POS_TO_AD_2064","Shared","standard","universal","pos","DC-01","any","any","ad","API-GATEWAY-01","any","ssl","application-default","Allow","strict","","any"
"2942","RISKY_OUTSIDE_TO_DC-01_113","Shared","remote-access","universal","outside","any","any","any","server","DC-01","any","mysql","application-default","Allow","none","","any"
"2943","STD_AD_TO_VOIP_2016","Shared","standard","universal","ad","DC-01","any","any","voip","WEB-SRV-01","any","voip-generic","application-default","Allow","none","","any"
"2944","STD_IOT_TO_AD_2524","Shared","standard","universal","iot","DC-01","any","any","ad","VOIP-PBX-01","any","mqtt","application-default","Allow","none","","any"
"2945","STD_DMZ_TO_POS_1125","Shared","none","universal","dmz","VOIP-PBX-01","any","any","pos","WEB-SRV-02","any","sip","application-default","Allow","none","","any"
"2946","STD_IOT_TO_INSIDE_2623","Shared","app-team","universal","iot","VOIP-PBX-01","any","any","inside","WORKSTATIONS-FLOOR2","any","smtp","application-default","Allow","none","","any"
"2947","STD_OUTSIDE_TO_MGMT_2806","Shared","standard","universal","outside","any","any","any","mgmt","DC-01","any","dns","application-default","Allow","none","","any"
"2948","STD_DMZ_TO_AD_2884","Shared","standard","universal","dmz","WEB-SRV-01","any","any","ad","MGMT-JUMPBOX-01","any","ntp","application-default","Allow","strict","","any"
"2949","STD_INSIDE_TO_OUTSIDE_2279","Shared","app-team","universal","inside","WORKSTATIONS-FLOOR1","any","any","outside","9.9.9.9/32","any","sip","application-default","Allow","strict","","any"
"2950","STD_INSIDE_TO_DMZ_2832","Shared","app-team","universal","inside","APP-SRV-02","any","any","dmz","WORKSTATIONS-FLOOR1","any","mqtt","application-default","Allow","strict","","any"
"2951","OPEN_OUTSIDE_TO_POS-TERMINALS-G_148","Shared","none","universal","outside","any","any","any","server","POS-TERMINALS-G","any","kerberos","application-default","Allow","none","","any"
"2952","STD_IOT_TO_SERVER_2147","Shared","app-team","universal","iot","APP-SRV-01","any","any","server","VOIP-PBX-01","any","mqtt","application-default","Allow","strict","","any"
"2953","STD_POS_TO_MGMT_3618","Shared","app-team","universal","pos","IOT-GATEWAY-01","any","any","mgmt","API-GATEWAY-01","any","mqtt","application-default","Allow","strict","","any"
"2954","STD_AD_TO_SERVER_193","Shared","none","universal","ad","WEB-SRV-02","any","any","server","WORKSTATIONS-FLOOR1","any","ntp","application-default","Allow","none","","any"
"2955","STD_AD_TO_IOT_20","Shared","none","universal","ad","MGMT-JUMPBOX-01","any","any","iot","WEB-SRV-02","any","sip","application-default","Allow","none","","any"
"2956","SCOPED_INTERNAL_MGMT_TO_POS_52","Shared","standard","universal","mgmt","APP-SRV-01","any","any","pos","FILE-SRV-01","any","voip-generic","application-default","Allow","strict","","any"
"2957","STD_IOT_TO_INSIDE_932","Shared","none","universal","iot","WORKSTATIONS-FLOOR2","any","any","inside","WEB-SRV-02","any","ssl","application-default","Allow","strict","","any"
"2958","STD_POS_TO_OUTSIDE_2579","Shared","none","universal","pos","DB-SRV-01","any","any","outside","9.9.9.9/32","any","ping","application-default","Allow","strict","","any"
"2959","STD_DMZ_TO_AD_3042","Shared","none","universal","dmz","DB-SRV-01","any","any","ad","WORKSTATIONS-FLOOR1","any","ssl","application-default","Allow","none","","any"
"2960","STD_INSIDE_TO_SERVER_655","Shared","app-team","universal","inside","APP-SRV-02","any","any","server","WEB-SRV-01","any","ntp","application-default","Allow","none","","any"
"2961","OUTBOUND_OPEN_27","Shared","legacy-open","universal","iot","any","any","any","outside","any","any","any","any","Allow","none","","any"
"2962","OUTBOUND_SCOPED_25","Shared","outbound-standard","universal","server","WORKSTATIONS-FLOOR1","any","any","outside","CLOUD-BACKUP-PROVIDER","any","voip-generic","application-default","Allow","strict","","any"
"2963","STD_VOIP_TO_IOT_473","Shared","none","universal","voip","WEB-SRV-01","any","any","iot","WEB-SRV-02","any","ssl","application-default","Allow","none","","any"
"2964","STD_VOIP_TO_POS_659","Shared","app-team","universal","voip","DC-01","any","any","pos","API-GATEWAY-01","any","web-browsing","application-default","Allow","strict","","any"
"2965","STD_SERVER_TO_OUTSIDE_2253","Shared","app-team","universal","server","WORKSTATIONS-FLOOR2","any","any","outside","8.8.8.8/32","any","dns","application-default","Allow","strict","","any"
"2966","STD_POS_TO_MGMT_716","Shared","standard","universal","pos","WEB-SRV-02","any","any","mgmt","API-GATEWAY-01","any","mqtt","application-default","Allow","none","","any"
"2967","STD_OUTSIDE_TO_INSIDE_2219","Shared","app-team","universal","outside","any","any","any","inside","APP-SRV-01","any","sip","application-default","Allow","strict","","any"
"2968","STD_IOT_TO_SERVER_1687","Shared","app-team","universal","iot","WORKSTATIONS-FLOOR1","any","any","server","MGMT-JUMPBOX-01","any","voip-generic","application-default","Allow","none","","any"
"2969","STD_SERVER_TO_DMZ_1437","Shared","app-team","universal","server","API-GATEWAY-01","any","any","dmz","WEB-SRV-02","any","smtp","application-default","Allow","strict","","any"
"2970","STD_INSIDE_TO_MGMT_2257","Shared","standard","universal","inside","VOIP-PBX-01","any","any","mgmt","WORKSTATIONS-FLOOR2","any","voip-generic","application-default","Allow","strict","","any"
"2971","STD_SERVER_TO_IOT_2237","Shared","standard","universal","server","APP-SRV-01","any","any","iot","APP-SRV-01","any","web-browsing","application-default","Allow","strict","","any"
"2972","STD_VOIP_TO_MGMT_1876","Shared","standard","universal","voip","DC-01","any","any","mgmt","WEB-SRV-01","any","ntp","application-default","Allow","strict","","any"
"2973","STD_POS_TO_SERVER_822","Shared","app-team","universal","pos","DB-SRV-01","any","any","server","MGMT-JUMPBOX-01","any","dns","application-default","Allow","strict","","any"
"2974","STD_POS_TO_IOT_3286","Shared","none","universal","pos","DB-SRV-01","any","any","iot","FILE-SRV-01","any","web-browsing","application-default","Allow","strict","","any"
"2975","STD_DMZ_TO_MGMT_3338","Shared","standard","universal","dmz","IOT-GATEWAY-01","any","any","mgmt","VOIP-PBX-01","any","ntp","application-default","Allow","none","","any"
"2976","INSIDE_TO_DC_75","Shared","ad-auth","universal","inside","WORKSTATIONS-FLOOR2","any","any","ad","DOMAIN-CONTROLLERS-G","any","kerberos","application-default","Allow","none","","any"
"2977","STD_SERVER_TO_MGMT_2408","Shared","standard","universal","server","APP-SRV-02","any","any","mgmt","VOIP-PBX-01","any","web-browsing","application-default","Allow","strict","","any"
"2978","STD_DMZ_TO_IOT_3907","Shared","app-team","universal","dmz","WORKSTATIONS-FLOOR2","any","any","iot","DB-SRV-01","any","web-browsing","application-default","Allow","none","","any"
"2979","STD_IOT_TO_OUTSIDE_1608","Shared","none","universal","iot","WORKSTATIONS-FLOOR2","any","any","outside","9.9.9.9/32","any","sip","application-default","Allow","none","","any"
"2980","STD_AD_TO_INSIDE_3204","Shared","none","universal","ad","APP-SRV-01","any","any","inside","DC-01","any","sip","application-default","Allow","strict","","any"
"2981","STD_OUTSIDE_TO_INSIDE_1429","Shared","app-team","universal","outside","any","any","any","inside","MGMT-JUMPBOX-01","any","snmp-base","application-default","Allow","none","","any"
"2982","STD_IOT_TO_MGMT_2248","Shared","app-team","universal","iot","WORKSTATIONS-FLOOR1","any","any","mgmt","IOT-GATEWAY-01","any","ping","application-default","Allow","none","","any"
"2983","STD_OUTSIDE_TO_DMZ_1872","Shared","standard","universal","outside","any","any","any","dmz","FILE-SRV-01","any","web-browsing","application-default","Allow","none","","any"
"2984","RISKY_OUTSIDE_TO_FILE-SRV-01_30","Shared","remote-access","universal","outside","any","any","any","inside","FILE-SRV-01","any","telnet","application-default","Allow","none","","any"
"2985","STD_DMZ_TO_AD_438","Shared","standard","universal","dmz","API-GATEWAY-01","any","any","ad","FILE-SRV-01","any","voip-generic","application-default","Allow","none","","any"
"2986","STD_SERVER_TO_IOT_2053","Shared","none","universal","server","DB-SRV-01","any","any","iot","WORKSTATIONS-FLOOR1","any","web-browsing","application-default","Allow","strict","","any"
"2987","OUTBOUND_SCOPED_59","Shared","outbound-standard","universal","mgmt","MGMT-JUMPBOX-01","any","any","outside","CLOUD-BACKUP-PROVIDER","any","dns","application-default","Allow","strict","","any"
"2988","STD_DMZ_TO_MGMT_2898","Shared","standard","universal","dmz","APP-SRV-02","any","any","mgmt","VOIP-PBX-01","any","sip","application-default","Allow","strict","","any"
"2989","STD_VOIP_TO_AD_1511","Shared","standard","universal","voip","FILE-SRV-01","any","any","ad","VOIP-PBX-01","any","sip","application-default","Allow","strict","","any"
"2990","STD_INSIDE_TO_VOIP_3842","Shared","none","universal","inside","MGMT-JUMPBOX-01","any","any","voip","API-GATEWAY-01","any","sip","application-default","Allow","strict","","any"
"2991","STD_SERVER_TO_INSIDE_2360","Shared","standard","universal","server","WEB-SRV-02","any","any","inside","WORKSTATIONS-FLOOR1","any","sip","application-default","Allow","strict","","any"
"2992","STD_AD_TO_POS_3778","Shared","none","universal","ad","WEB-SRV-01","any","any","pos","FILE-SRV-01","any","snmp-base","application-default","Allow","none","","any"
"2993","OUTBOUND_SCOPED_29","Shared","outbound-standard","universal","mgmt","MGMT-JUMPBOX-01","any","any","outside","CLOUD-BACKUP-PROVIDER","any","ntp","application-default","Allow","strict","","any"
"2994","STD_IOT_TO_VOIP_998","Shared","standard","universal","iot","FILE-SRV-01","any","any","voip","VOIP-PBX-01","any","voip-generic","application-default","Allow","none","","any"
"2995","STD_AD_TO_POS_3489","Shared","none","universal","ad","DC-01","any","any","pos","DC-01","any","ntp","application-default","Allow","strict","","any"
"2996","OPEN_OUTSIDE_TO_CRITICAL-INFRA-G_37","Shared","none","universal","outside","any","any","any","dmz","CRITICAL-INFRA-G","any","logmein","application-default","Allow","none","","any"
"2997","SCOPED_INTERNAL_INSIDE_TO_MGMT_18","Shared","standard","universal","inside","APP-SRV-01","any","any","mgmt","APP-SRV-01","any","voip-generic","application-default","Allow","strict","","any"
"2998","STD_VOIP_TO_POS_3161","Shared","none","universal","voip","VOIP-PBX-01","any","any","pos","MGMT-JUMPBOX-01","any","voip-generic","application-default","Allow","strict","","any"
"2999","LEGACY_PORT_13","Shared","legacy-port","universal","inside","any","any","any","mgmt","DC-02","any","any","tcp-5900","Allow","none","","any"
"3000","STD_POS_TO_AD_2220","Shared","app-team","universal","pos","IOT-GATEWAY-01","any","any","ad","WORKSTATIONS-FLOOR1","any","web-browsing","application-default","Allow","none","","any"
"3001","STD_DMZ_TO_SERVER_1814","Shared","app-team","universal","dmz","WORKSTATIONS-FLOOR1","any","any","server","APP-SRV-01","any","snmp-base","application-default","Allow","none","","any"
"3002","NEGATED_SINGLE_7","Shared","legacy","universal","any","[Negate]  203.0.7.0/24","any","any","mgmt","any","any","anydesk","application-default","Allow","none","","any"
"3003","STD_MGMT_TO_OUTSIDE_2916","Shared","standard","universal","mgmt","MGMT-JUMPBOX-01","any","any","outside","9.9.9.9/32","any","ntp","application-default","Allow","strict","","any"
"3004","RISKY_OUTSIDE_TO_APP-SRV-02_13","Shared","remote-access","universal","outside","any","any","any","ad","APP-SRV-02","any","anydesk","application-default","Allow","none","","any"
"3005","STD_AD_TO_IOT_293","Shared","standard","universal","ad","IOT-GATEWAY-01","any","any","iot","WORKSTATIONS-FLOOR1","any","web-browsing","application-default","Allow","none","","any"
"3006","STD_INSIDE_TO_MGMT_3384","Shared","app-team","universal","inside","APP-SRV-02","any","any","mgmt","WORKSTATIONS-FLOOR2","any","ntp","application-default","Allow","strict","","any"
"3007","STD_SERVER_TO_OUTSIDE_2413","Shared","app-team","universal","server","IOT-GATEWAY-01","any","any","outside","8.8.8.8/32","any","sip","application-default","Allow","none","","any"
"3008","BROAD_INTERNAL_VOIP_TO_POS_39","Shared","internal","universal","voip","any","any","any","pos","any","any","any","any","Allow","none","","any"
"3009","RISKY_OUTSIDE_TO_APP-SRV-01_58","Shared","remote-access","universal","outside","any","any","any","voip","APP-SRV-01","any","ldap","application-default","Allow","none","","any"
"3010","STD_DMZ_TO_SERVER_2777","Shared","standard","universal","dmz","MGMT-JUMPBOX-01","any","any","server","WEB-SRV-01","any","ntp","application-default","Allow","strict","","any"
"3011","STD_SERVER_TO_VOIP_3605","Shared","app-team","universal","server","APP-SRV-02","any","any","voip","WORKSTATIONS-FLOOR1","any","voip-generic","application-default","Allow","strict","","any"
"3012","STD_INSIDE_TO_DMZ_511","Shared","app-team","universal","inside","APP-SRV-02","any","any","dmz","IOT-GATEWAY-01","any","ntp","application-default","Allow","none","","any"
"3013","STD_POS_TO_AD_863","Shared","standard","universal","pos","WEB-SRV-01","any","any","ad","DC-01","any","ntp","application-default","Allow","strict","","any"
"3014","STD_AD_TO_IOT_2043","Shared","none","universal","ad","DB-SRV-01","any","any","iot","DC-01","any","mqtt","application-default","Allow","strict","","any"
"3015","STD_IOT_TO_OUTSIDE_2658","Shared","app-team","universal","iot","VOIP-PBX-01","any","any","outside","1.1.1.1/32","any","smtp","application-default","Allow","strict","","any"
"3016","LEGACY_PORT_39","Shared","legacy-port","universal","inside","any","any","any","dmz","APP-SRV-01","any","any","tcp-5900","Allow","none","","any"
"3017","STD_IOT_TO_AD_279","Shared","app-team","universal","iot","WEB-SRV-02","any","any","ad","WORKSTATIONS-FLOOR2","any","voip-generic","application-default","Allow","none","","any"
"3018","STD_AD_TO_VOIP_557","Shared","app-team","universal","ad","MGMT-JUMPBOX-01","any","any","voip","DC-01","any","snmp-base","application-default","Allow","strict","","any"
"3019","STD_OUTSIDE_TO_IOT_786","Shared","standard","universal","outside","any","any","any","iot","WEB-SRV-01","any","sip","application-default","Allow","strict","","any"
"3020","SCOPED_NO_PROFILE_2","Shared","partner-integration","universal","outside","PARTNER-VENDOR-A","any","any","dmz","API-GATEWAY-01","any","ssl","application-default","Allow","none","","any"
"3021","STD_MGMT_TO_POS_3637","Shared","app-team","universal","mgmt","IOT-GATEWAY-01","any","any","pos","WORKSTATIONS-FLOOR1","any","mqtt","application-default","Allow","strict","","any"
"3022","RISKY_OUTSIDE_TO_APP-SRV-01_98","Shared","remote-access","universal","outside","any","any","any","mgmt","APP-SRV-01","any","ms-ds-smb","application-default","Allow","none","","any"
"3023","STD_IOT_TO_MGMT_2525","Shared","none","universal","iot","WEB-SRV-01","any","any","mgmt","WEB-SRV-01","any","smtp","application-default","Allow","strict","","any"
"3024","STD_SERVER_TO_VOIP_2815","Shared","standard","universal","server","DC-01","any","any","voip","API-GATEWAY-01","any","snmp-base","application-default","Allow","none","","any"
"3025","STD_VOIP_TO_DMZ_1931","Shared","standard","universal","voip","WORKSTATIONS-FLOOR1","any","any","dmz","DB-SRV-01","any","mqtt","application-default","Allow","strict","","any"
"3026","STD_POS_TO_INSIDE_2552","Shared","none","universal","pos","APP-SRV-01","any","any","inside","WORKSTATIONS-FLOOR1","any","ssl","application-default","Allow","none","","any"
"3027","STD_AD_TO_IOT_108","Shared","none","universal","ad","APP-SRV-01","any","any","iot","DB-SRV-01","any","dns","application-default","Allow","strict","","any"
"3028","STD_DMZ_TO_VOIP_2794","Shared","standard","universal","dmz","FILE-SRV-01","any","any","voip","WORKSTATIONS-FLOOR2","any","mqtt","application-default","Allow","strict","","any"
"3029","STD_INSIDE_TO_IOT_1563","Shared","standard","universal","inside","FILE-SRV-01","any","any","iot","IOT-GATEWAY-01","any","voip-generic","application-default","Allow","strict","","any"
"3030","CORP_TO_POS_26","Shared","admin-access","universal","dmz","any","any","any","pos","any","any","any","application-default","Allow","none","","any"
"3031","STD_DMZ_TO_OUTSIDE_732","Shared","standard","universal","dmz","WEB-SRV-01","any","any","outside","1.1.1.1/32","any","sip","application-default","Allow","none","","any"
"3032","STD_SERVER_TO_DMZ_82","Shared","standard","universal","server","DC-01","any","any","dmz","DB-SRV-01","any","ping","application-default","Allow","strict","","any"
"3033","STD_POS_TO_AD_337","Shared","app-team","universal","pos","WEB-SRV-01","any","any","ad","WEB-SRV-01","any","ntp","application-default","Allow","none","","any"
"3034","STD_AD_TO_DMZ_1099","Shared","app-team","universal","ad","APP-SRV-01","any","any","dmz","WEB-SRV-01","any","web-browsing","application-default","Allow","none","","any"
"3035","STD_INSIDE_TO_SERVER_893","Shared","app-team","universal","inside","DC-01","any","any","server","WEB-SRV-01","any","ping","application-default","Allow","strict","","any"
"3036","STD_POS_TO_SERVER_673","Shared","none","universal","pos","FILE-SRV-01","any","any","server","IOT-GATEWAY-01","any","web-browsing","application-default","Allow","strict","","any"
"3037","STD_IOT_TO_OUTSIDE_3223","Shared","app-team","universal","iot","WEB-SRV-01","any","any","outside","1.1.1.1/32","any","web-browsing","application-default","Allow","none","","any"
"3038","STD_INSIDE_TO_DMZ_449","Shared","standard","universal","inside","API-GATEWAY-01","any","any","dmz","WORKSTATIONS-FLOOR1","any","ntp","application-default","Allow","none","","any"
"3039","SCOPED_NO_PROFILE_16","Shared","partner-integration","universal","outside","PARTNER-VENDOR-A","any","any","dmz","API-GATEWAY-01","any","ssl","application-default","Allow","none","","any"
"3040","STD_SERVER_TO_MGMT_3459","Shared","standard","universal","server","API-GATEWAY-01","any","any","mgmt","APP-SRV-01","any","voip-generic","application-default","Allow","strict","","any"
"3041","STD_VOIP_TO_OUTSIDE_2175","Shared","app-team","universal","voip","IOT-GATEWAY-01","any","any","outside","8.8.8.8/32","any","mqtt","application-default","Allow","none","","any"
"3042","STD_VOIP_TO_DMZ_3163","Shared","none","universal","voip","IOT-GATEWAY-01","any","any","dmz","VOIP-PBX-01","any","ping","application-default","Allow","none","","any"
"3043","STD_DMZ_TO_SERVER_3239","Shared","app-team","universal","dmz","API-GATEWAY-01","any","any","server","DB-SRV-01","any","smtp","application-default","Allow","strict","","any"
"3044","SCOPED_NO_PROFILE_6","Shared","partner-integration","universal","outside","PARTNER-VENDOR-A","any","any","dmz","WEB-SRV-01","any","ssl","application-default","Allow","none","","any"
"3045","STD_IOT_TO_OUTSIDE_3772","Shared","standard","universal","iot","MGMT-JUMPBOX-01","any","any","outside","8.8.8.8/32","any","dns","application-default","Allow","strict","","any"
"3046","STD_POS_TO_AD_3478","Shared","app-team","universal","pos","WORKSTATIONS-FLOOR1","any","any","ad","WORKSTATIONS-FLOOR2","any","ping","application-default","Allow","strict","","any"
"3047","STD_MGMT_TO_IOT_2477","Shared","app-team","universal","mgmt","DC-01","any","any","iot","APP-SRV-01","any","ntp","application-default","Allow","strict","","any"
"3048","STD_DMZ_TO_MGMT_3224","Shared","none","universal","dmz","APP-SRV-02","any","any","mgmt","FILE-SRV-01","any","dns","application-default","Allow","strict","","any"
"3049","STD_OUTSIDE_TO_AD_1312","Shared","standard","universal","outside","any","any","any","ad","WORKSTATIONS-FLOOR1","any","smtp","application-default","Allow","strict","","any"
"3050","LEGACY_PORT_3","Shared","legacy-port","universal","outside","any","any","any","pos","APP-SRV-01","any","any","tcp-3389","Allow","none","","any"
"3051","STD_POS_TO_OUTSIDE_3819","Shared","standard","universal","pos","WEB-SRV-02","any","any","outside","1.1.1.1/32","any","web-browsing","application-default","Allow","strict","","any"
"3052","STD_AD_TO_VOIP_1102","Shared","standard","universal","ad","MGMT-JUMPBOX-01","any","any","voip","APP-SRV-01","any","smtp","application-default","Allow","strict","","any"
"3053","STD_INSIDE_TO_DMZ_434","Shared","app-team","universal","inside","WEB-SRV-01","any","any","dmz","WEB-SRV-01","any","web-browsing","application-default","Allow","strict","","any"
"3054","OUTBOUND_OPEN_42","Shared","legacy-open","universal","inside","any","any","any","outside","any","any","any","any","Allow","none","","any"
"3055","STD_VOIP_TO_MGMT_2149","Shared","none","universal","voip","VOIP-PBX-01","any","any","mgmt","WEB-SRV-02","any","snmp-base","application-default","Allow","strict","","any"
"3056","STD_SERVER_TO_POS_3767","Shared","app-team","universal","server","MGMT-JUMPBOX-01","any","any","pos","MGMT-JUMPBOX-01","any","mqtt","application-default","Allow","strict","","any"
"3057","STD_INSIDE_TO_SERVER_1054","Shared","none","universal","inside","WEB-SRV-01","any","any","server","APP-SRV-01","any","voip-generic","application-default","Allow","strict","","any"
"3058","STD_VOIP_TO_POS_2976","Shared","none","universal","voip","WEB-SRV-01","any","any","pos","IOT-GATEWAY-01","any","snmp-base","application-default","Allow","strict","","any"
"3059","OPEN_OUTSIDE_TO_POS-TERMINALS-G_139","Shared","legacy-open","universal","outside","any","any","any","pos","POS-TERMINALS-G","any","vnc","application-default","Allow","none","","any"
"3060","SCOPED_NO_PROFILE_12","Shared","partner-integration","universal","outside","PARTNER-VENDOR-A","any","any","dmz","API-GATEWAY-01","any","ssl","application-default","Allow","none","","any"
"3061","STD_POS_TO_SERVER_281","Shared","standard","universal","pos","APP-SRV-01","any","any","server","DC-01","any","voip-generic","application-default","Allow","strict","","any"
"3062","STD_VOIP_TO_SERVER_1994","Shared","app-team","universal","voip","API-GATEWAY-01","any","any","server","MGMT-JUMPBOX-01","any","smtp","application-default","Allow","none","","any"
"3063","STD_DMZ_TO_SERVER_3238","Shared","none","universal","dmz","WEB-SRV-02","any","any","server","API-GATEWAY-01","any","smtp","application-default","Allow","none","","any"
"3064","STD_IOT_TO_INSIDE_1373","Shared","standard","universal","iot","DB-SRV-01","any","any","inside","VOIP-PBX-01","any","ping","application-default","Allow","strict","","any"
"3065","STD_DMZ_TO_IOT_3150","Shared","none","universal","dmz","APP-SRV-02","any","any","iot","MGMT-JUMPBOX-01","any","ssl","application-default","Allow","none","","any"
"3066","STD_MGMT_TO_SERVER_1585","Shared","none","universal","mgmt","API-GATEWAY-01","any","any","server","FILE-SRV-01","any","mqtt","application-default","Allow","strict","","any"
"3067","STD_MGMT_TO_AD_1235","Shared","none","universal","mgmt","DB-SRV-01","any","any","ad","FILE-SRV-01","any","snmp-base","application-default","Allow","strict","","any"
"3068","STD_POS_TO_OUTSIDE_3120","Shared","none","universal","pos","WORKSTATIONS-FLOOR2","any","any","outside","1.1.1.1/32","any","web-browsing","application-default","Allow","strict","","any"
"3069","STD_IOT_TO_DMZ_3471","Shared","app-team","universal","iot","WEB-SRV-02","any","any","dmz","DB-SRV-01","any","mqtt","application-default","Allow","none","","any"
"3070","STD_INSIDE_TO_VOIP_3615","Shared","app-team","universal","inside","WEB-SRV-02","any","any","voip","API-GATEWAY-01","any","voip-generic","application-default","Allow","strict","","any"
"3071","NEGATED_RFC1918_9","Shared","none","universal","dmz","[Negate]  10.0.0.0-10.255.255.255;[Negate]  172.16.0.0-172.31.255.255;[Negate]  192.168.0.0-192.168.255.255","any","any","outside","any","any","web-browsing","application-default","Allow","strict","","any"
"3072","STD_POS_TO_INSIDE_3164","Shared","standard","universal","pos","WORKSTATIONS-FLOOR1","any","any","inside","DB-SRV-01","any","mqtt","application-default","Allow","none","","any"
"3073","STD_MGMT_TO_DMZ_3841","Shared","standard","universal","mgmt","DC-01","any","any","dmz","WORKSTATIONS-FLOOR2","any","ping","application-default","Allow","strict","","any"
"3074","STD_VOIP_TO_INSIDE_303","Shared","app-team","universal","voip","DC-01","any","any","inside","APP-SRV-01","any","ping","application-default","Allow","strict","","any"
"3075","STD_DMZ_TO_POS_2816","Shared","app-team","universal","dmz","DB-SRV-01","any","any","pos","APP-SRV-02","any","mqtt","application-default","Allow","strict","","any"
"3076","STD_OUTSIDE_TO_AD_1199","Shared","standard","universal","outside","any","any","any","ad","DC-01","any","web-browsing","application-default","Allow","none","","any"
"3077","STD_OUTSIDE_TO_DMZ_2776","Shared","none","universal","outside","any","any","any","dmz","DC-01","any","web-browsing","application-default","Allow","none","","any"
"3078","STD_IOT_TO_OUTSIDE_3199","Shared","none","universal","iot","WEB-SRV-02","any","any","outside","1.1.1.1/32","any","sip","application-default","Allow","strict","","any"
"3079","STD_OUTSIDE_TO_IOT_3480","Shared","standard","universal","outside","any","any","any","iot","WEB-SRV-02","any","ntp","application-default","Allow","strict","","any"
"3080","STD_DMZ_TO_SERVER_3821","Shared","app-team","universal","dmz","WORKSTATIONS-FLOOR1","any","any","server","API-GATEWAY-01","any","snmp-base","application-default","Allow","strict","","any"
"3081","STD_VOIP_TO_INSIDE_1500","Shared","standard","universal","voip","VOIP-PBX-01","any","any","inside","IOT-GATEWAY-01","any","ntp","application-default","Allow","strict","","any"
"3082","STD_IOT_TO_MGMT_2713","Shared","none","universal","iot","IOT-GATEWAY-01","any","any","mgmt","VOIP-PBX-01","any","dns","application-default","Allow","strict","","any"
"3083","STD_IOT_TO_MGMT_2191","Shared","app-team","universal","iot","DC-01","any","any","mgmt","API-GATEWAY-01","any","sip","application-default","Allow","strict","","any"
"3084","IOT_TO_DC_42","Shared","ad-auth","universal","iot","WORKSTATIONS-FLOOR1","any","any","ad","DOMAIN-CONTROLLERS-G","any","kerberos","application-default","Allow","none","","any"
"3085","STD_AD_TO_IOT_3860","Shared","standard","universal","ad","APP-SRV-02","any","any","iot","WEB-SRV-02","any","ssl","application-default","Allow","none","","any"
"3086","POS_TO_DC_20","Shared","ad-auth","universal","pos","WORKSTATIONS-FLOOR2","any","any","ad","DOMAIN-CONTROLLERS-G","any","kerberos","application-default","Allow","none","","any"
"3087","STD_OUTSIDE_TO_INSIDE_2549","Shared","standard","universal","outside","any","any","any","inside","MGMT-JUMPBOX-01","any","ssl","application-default","Allow","strict","","any"
"3088","STD_MGMT_TO_DMZ_1564","Shared","app-team","universal","mgmt","MGMT-JUMPBOX-01","any","any","dmz","MGMT-JUMPBOX-01","any","smtp","application-default","Allow","none","","any"
"3089","STD_AD_TO_MGMT_777","Shared","standard","universal","ad","APP-SRV-01","any","any","mgmt","DB-SRV-01","any","web-browsing","application-default","Allow","strict","","any"
"3090","STD_MGMT_TO_IOT_1594","Shared","app-team","universal","mgmt","IOT-GATEWAY-01","any","any","iot","WEB-SRV-01","any","ssl","application-default","Allow","strict","","any"
"3091","STD_INSIDE_TO_DMZ_2578","Shared","none","universal","inside","APP-SRV-01","any","any","dmz","WEB-SRV-02","any","sip","application-default","Allow","strict","","any"
"3092","STD_IOT_TO_SERVER_798","Shared","none","universal","iot","VOIP-PBX-01","any","any","server","WEB-SRV-02","any","voip-generic","application-default","Allow","none","","any"
"3093","STD_INSIDE_TO_SERVER_3853","Shared","none","universal","inside","APP-SRV-02","any","any","server","APP-SRV-01","any","ping","application-default","Allow","strict","","any"
"3094","BROAD_INTERNAL_VOIP_TO_AD_74","Shared","internal","universal","voip","any","any","any","ad","any","any","any","any","Allow","none","","any"
"3095","STD_IOT_TO_DMZ_1679","Shared","standard","universal","iot","WEB-SRV-01","any","any","dmz","VOIP-PBX-01","any","voip-generic","application-default","Allow","none","","any"
"3096","STD_AD_TO_MGMT_2424","Shared","none","universal","ad","API-GATEWAY-01","any","any","mgmt","WORKSTATIONS-FLOOR1","any","ping","application-default","Allow","strict","","any"
"3097","STD_SERVER_TO_INSIDE_4","Shared","none","universal","server","MGMT-JUMPBOX-01","any","any","inside","DC-01","any","ssl","application-default","Allow","strict","","any"
"3098","STD_OUTSIDE_TO_AD_119","Shared","app-team","universal","outside","any","any","any","ad","FILE-SRV-01","any","ping","application-default","Allow","none","","any"
"3099","STD_IOT_TO_VOIP_2061","Shared","app-team","universal","iot","WEB-SRV-02","any","any","voip","VOIP-PBX-01","any","web-browsing","application-default","Allow","none","","any"
"3100","STD_VOIP_TO_IOT_3212","Shared","app-team","universal","voip","APP-SRV-01","any","any","iot","FILE-SRV-01","any","ntp","application-default","Allow","none","","any"
"3101","STD_OUTSIDE_TO_POS_2386","Shared","app-team","universal","outside","any","any","any","pos","WORKSTATIONS-FLOOR1","any","web-browsing","application-default","Allow","none","","any"
"3102","STD_AD_TO_DMZ_801","Shared","none","universal","ad","API-GATEWAY-01","any","any","dmz","VOIP-PBX-01","any","mqtt","application-default","Allow","strict","","any"
"3103","STD_OUTSIDE_TO_SERVER_3790","Shared","app-team","universal","outside","any","any","any","server","FILE-SRV-01","any","ping","application-default","Allow","none","","any"
"3104","STD_VOIP_TO_INSIDE_3377","Shared","standard","universal","voip","FILE-SRV-01","any","any","inside","IOT-GATEWAY-01","any","smtp","application-default","Allow","strict","","any"
"3105","STD_OUTSIDE_TO_IOT_147","Shared","none","universal","outside","any","any","any","iot","IOT-GATEWAY-01","any","web-browsing","application-default","Allow","none","","any"
"3106","STD_VOIP_TO_OUTSIDE_3876","Shared","standard","universal","voip","DB-SRV-01","any","any","outside","1.1.1.1/32","any","ping","application-default","Allow","strict","","any"
"3107","STD_SERVER_TO_VOIP_1449","Shared","standard","universal","server","WEB-SRV-01","any","any","voip","WORKSTATIONS-FLOOR1","any","ntp","application-default","Allow","none","","any"
"3108","SCOPED_PARTNER_TO_WEB-SRV-02_49","Shared","partner-integration","universal","outside","PARTNER-VENDOR-A","any","any","dmz","WEB-SRV-02","any","ssl","application-default","Allow","strict","","any"
"3109","SCOPED_INTERNAL_AD_TO_IOT_68","Shared","standard","universal","ad","WORKSTATIONS-FLOOR1","any","any","iot","APP-SRV-01","any","mqtt","application-default","Allow","strict","","any"
"3110","STD_OUTSIDE_TO_POS_2217","Shared","app-team","universal","outside","any","any","any","pos","DB-SRV-01","any","smtp","application-default","Allow","strict","","any"
"3111","STD_IOT_TO_SERVER_3457","Shared","app-team","universal","iot","MGMT-JUMPBOX-01","any","any","server","WORKSTATIONS-FLOOR1","any","sip","application-default","Allow","strict","","any"
"3112","RISKY_OUTSIDE_TO_DC-01_39","Shared","remote-access","universal","outside","any","any","any","inside","DC-01","any","teamviewer","application-default","Allow","none","","any"
"3113","STD_DMZ_TO_IOT_1391","Shared","app-team","universal","dmz","DC-01","any","any","iot","DC-01","any","dns","application-default","Allow","strict","","any"
"3114","STD_AD_TO_POS_2809","Shared","none","universal","ad","IOT-GATEWAY-01","any","any","pos","IOT-GATEWAY-01","any","mqtt","application-default","Allow","strict","","any"
"3115","STD_VOIP_TO_OUTSIDE_1120","Shared","standard","universal","voip","DC-01","any","any","outside","9.9.9.9/32","any","mqtt","application-default","Allow","none","","any"
"3116","STD_SERVER_TO_POS_1162","Shared","app-team","universal","server","APP-SRV-01","any","any","pos","IOT-GATEWAY-01","any","snmp-base","application-default","Allow","none","","any"
"3117","OPEN_OUTSIDE_TO_POS-TERMINALS-G_107","Shared","none","universal","outside","any","any","any","mgmt","POS-TERMINALS-G","any","ms-ds-smb","any","Allow","none","","any"
"3118","STD_OUTSIDE_TO_INSIDE_3117","Shared","standard","universal","outside","any","any","any","inside","DB-SRV-01","any","mqtt","application-default","Allow","strict","","any"
"3119","STD_INSIDE_TO_OUTSIDE_648","Shared","standard","universal","inside","MGMT-JUMPBOX-01","any","any","outside","8.8.8.8/32","any","dns","application-default","Allow","strict","","any"
"3120","STD_IOT_TO_INSIDE_1934","Shared","app-team","universal","iot","APP-SRV-02","any","any","inside","WEB-SRV-01","any","ssl","application-default","Allow","strict","","any"
"3121","SCOPED_INTERNAL_POS_TO_MGMT_35","Shared","standard","universal","pos","APP-SRV-01","any","any","mgmt","APP-SRV-01","any","voip-generic","application-default","Allow","strict","","any"
"3122","STD_IOT_TO_VOIP_1198","Shared","none","universal","iot","DC-01","any","any","voip","API-GATEWAY-01","any","ping","application-default","Allow","none","","any"
"3123","STD_IOT_TO_MGMT_9","Shared","app-team","universal","iot","DB-SRV-01","any","any","mgmt","FILE-SRV-01","any","snmp-base","application-default","Allow","strict","","any"
"3124","SCOPED_INTERNAL_AD_TO_MGMT_84","Shared","standard","universal","ad","WORKSTATIONS-FLOOR1","any","any","mgmt","DB-SRV-01","any","dns","application-default","Allow","strict","","any"
"3125","STD_SERVER_TO_DMZ_2042","Shared","app-team","universal","server","DB-SRV-01","any","any","dmz","MGMT-JUMPBOX-01","any","mqtt","application-default","Allow","strict","","any"
"3126","STD_DMZ_TO_IOT_2198","Shared","none","universal","dmz","MGMT-JUMPBOX-01","any","any","iot","WORKSTATIONS-FLOOR2","any","dns","application-default","Allow","strict","","any"
"3127","STD_OUTSIDE_TO_AD_3177","Shared","app-team","universal","outside","any","any","any","ad","WORKSTATIONS-FLOOR1","any","smtp","application-default","Allow","strict","","any"
"3128","STD_VOIP_TO_SERVER_1593","Shared","none","universal","voip","WORKSTATIONS-FLOOR2","any","any","server","WEB-SRV-02","any","ntp","application-default","Allow","strict","","any"
"3129","STD_VOIP_TO_DMZ_2850","Shared","standard","universal","voip","WEB-SRV-02","any","any","dmz","WEB-SRV-01","any","ssl","application-default","Allow","none","","any"
"3130","STD_OUTSIDE_TO_POS_1882","Shared","none","universal","outside","any","any","any","pos","WEB-SRV-01","any","snmp-base","application-default","Allow","none","","any"
"3131","STD_MGMT_TO_SERVER_1517","Shared","standard","universal","mgmt","API-GATEWAY-01","any","any","server","WEB-SRV-02","any","dns","application-default","Allow","strict","","any"
"3132","STD_OUTSIDE_TO_MGMT_2747","Shared","app-team","universal","outside","any","any","any","mgmt","DC-01","any","smtp","application-default","Allow","strict","","any"
"3133","STD_SERVER_TO_VOIP_2292","Shared","app-team","universal","server","FILE-SRV-01","any","any","voip","WEB-SRV-02","any","ntp","application-default","Allow","strict","","any"
"3134","STD_DMZ_TO_INSIDE_3752","Shared","app-team","universal","dmz","WEB-SRV-01","any","any","inside","WORKSTATIONS-FLOOR1","any","voip-generic","application-default","Allow","strict","","any"
"3135","STD_POS_TO_DMZ_3689","Shared","app-team","universal","pos","DB-SRV-01","any","any","dmz","VOIP-PBX-01","any","ping","application-default","Allow","none","","any"
"3136","STD_VOIP_TO_IOT_1052","Shared","standard","universal","voip","APP-SRV-02","any","any","iot","WEB-SRV-01","any","smtp","application-default","Allow","strict","","any"
"3137","STD_SERVER_TO_INSIDE_305","Shared","standard","universal","server","WEB-SRV-01","any","any","inside","APP-SRV-02","any","snmp-base","application-default","Allow","strict","","any"
"3138","STD_DMZ_TO_MGMT_2395","Shared","none","universal","dmz","WEB-SRV-02","any","any","mgmt","DB-SRV-01","any","ping","application-default","Allow","strict","","any"
"3139","STD_POS_TO_AD_1653","Shared","standard","universal","pos","WEB-SRV-02","any","any","ad","DC-01","any","ssl","application-default","Allow","strict","","any"
"3140","STD_INSIDE_TO_MGMT_3200","Shared","none","universal","inside","IOT-GATEWAY-01","any","any","mgmt","WORKSTATIONS-FLOOR2","any","mqtt","application-default","Allow","strict","","any"
"3141","STD_MGMT_TO_VOIP_3632","Shared","none","universal","mgmt","DB-SRV-01","any","any","voip","WORKSTATIONS-FLOOR1","any","voip-generic","application-default","Allow","strict","","any"
"3142","POS_TO_DC_54","Shared","ad-auth","universal","pos","any","any","any","ad","DOMAIN-CONTROLLERS-G","any","kerberos","application-default","Allow","none","","any"
"3143","STD_OUTSIDE_TO_IOT_3840","Shared","app-team","universal","outside","any","any","any","iot","DC-01","any","voip-generic","application-default","Allow","strict","","any"
"3144","STD_MGMT_TO_INSIDE_1489","Shared","standard","universal","mgmt","DC-01","any","any","inside","IOT-GATEWAY-01","any","snmp-base","application-default","Allow","none","","any"
"3145","STD_AD_TO_IOT_3357","Shared","app-team","universal","ad","WEB-SRV-01","any","any","iot","WORKSTATIONS-FLOOR1","any","snmp-base","application-default","Allow","strict","","any"
"3146","STD_DMZ_TO_INSIDE_1285","Shared","none","universal","dmz","IOT-GATEWAY-01","any","any","inside","VOIP-PBX-01","any","mqtt","application-default","Allow","strict","","any"
"3147","STD_IOT_TO_AD_232","Shared","standard","universal","iot","DB-SRV-01","any","any","ad","VOIP-PBX-01","any","web-browsing","application-default","Allow","strict","","any"
"3148","STD_IOT_TO_OUTSIDE_2520","Shared","app-team","universal","iot","MGMT-JUMPBOX-01","any","any","outside","8.8.8.8/32","any","smtp","application-default","Allow","none","","any"
"3149","STD_VOIP_TO_POS_3097","Shared","app-team","universal","voip","WORKSTATIONS-FLOOR2","any","any","pos","APP-SRV-01","any","smtp","application-default","Allow","strict","","any"
"3150","BROAD_INTERNAL_POS_TO_SERVER_86","Shared","internal","universal","pos","any","any","any","server","any","any","any","any","Allow","none","","any"
"3151","STD_AD_TO_OUTSIDE_1468","Shared","none","universal","ad","APP-SRV-01","any","any","outside","9.9.9.9/32","any","dns","application-default","Allow","strict","","any"
"3152","OUTBOUND_OPEN_36","Shared","legacy-open","universal","server","any","any","any","outside","any","any","any","any","Allow","none","","any"
"3153","SCOPED_INTERNAL_VOIP_TO_MGMT_78","Shared","standard","universal","voip","WORKSTATIONS-FLOOR1","any","any","mgmt","APP-SRV-01","any","smtp","application-default","Allow","strict","","any"
"3154","STD_AD_TO_VOIP_2515","Shared","standard","universal","ad","WORKSTATIONS-FLOOR1","any","any","voip","MGMT-JUMPBOX-01","any","snmp-base","application-default","Allow","strict","","any"
"3155","STD_OUTSIDE_TO_SERVER_1473","Shared","standard","universal","outside","any","any","any","server","WEB-SRV-02","any","web-browsing","application-default","Allow","none","","any"
"3156","STD_VOIP_TO_SERVER_1614","Shared","none","universal","voip","MGMT-JUMPBOX-01","any","any","server","WORKSTATIONS-FLOOR2","any","sip","application-default","Allow","strict","","any"
"3157","STD_MGMT_TO_VOIP_1348","Shared","none","universal","mgmt","MGMT-JUMPBOX-01","any","any","voip","WORKSTATIONS-FLOOR1","any","web-browsing","application-default","Allow","strict","","any"
"3158","OPEN_OUTSIDE_TO_WEB-SERVERS-G_66","Shared","none","universal","outside","any","any","any","mgmt","WEB-SERVERS-G","any","ms-rdp","any","Allow","none","","any"
"3159","STD_AD_TO_VOIP_3937","Shared","app-team","universal","ad","APP-SRV-02","any","any","voip","WEB-SRV-02","any","dns","application-default","Allow","strict","","any"
"3160","STD_SERVER_TO_AD_221","Shared","none","universal","server","VOIP-PBX-01","any","any","ad","API-GATEWAY-01","any","ntp","application-default","Allow","strict","","any"
"3161","OUTBOUND_SCOPED_5","Shared","outbound-standard","universal","inside","WORKSTATIONS-FLOOR1","any","any","outside","VPN-CLIENT-RANGE","any","ssl","application-default","Allow","strict","","any"
"3162","STD_OUTSIDE_TO_SERVER_3134","Shared","standard","universal","outside","any","any","any","server","WEB-SRV-02","any","sip","application-default","Allow","strict","","any"
"3163","STD_AD_TO_OUTSIDE_1115","Shared","standard","universal","ad","DC-01","any","any","outside","8.8.8.8/32","any","ssl","application-default","Allow","none","","any"
"3164","STD_IOT_TO_OUTSIDE_1340","Shared","app-team","universal","iot","APP-SRV-01","any","any","outside","8.8.8.8/32","any","voip-generic","application-default","Allow","strict","","any"
"3165","STD_INSIDE_TO_SERVER_1785","Shared","app-team","universal","inside","API-GATEWAY-01","any","any","server","WORKSTATIONS-FLOOR1","any","voip-generic","application-default","Allow","strict","","any"
"3166","STD_OUTSIDE_TO_SERVER_3616","Shared","none","universal","outside","any","any","any","server","APP-SRV-01","any","smtp","application-default","Allow","strict","","any"
"3167","STD_IOT_TO_SERVER_3309","Shared","app-team","universal","iot","VOIP-PBX-01","any","any","server","FILE-SRV-01","any","mqtt","application-default","Allow","strict","","any"
"3168","STD_AD_TO_IOT_3262","Shared","app-team","universal","ad","APP-SRV-01","any","any","iot","API-GATEWAY-01","any","ping","application-default","Allow","none","","any"
"3169","STD_IOT_TO_INSIDE_1984","Shared","standard","universal","iot","WORKSTATIONS-FLOOR2","any","any","inside","VOIP-PBX-01","any","ntp","application-default","Allow","none","","any"
"3170","STD_DMZ_TO_OUTSIDE_671","Shared","standard","universal","dmz","IOT-GATEWAY-01","any","any","outside","8.8.8.8/32","any","snmp-base","application-default","Allow","strict","","any"
"3171","STD_SERVER_TO_IOT_1456","Shared","standard","universal","server","FILE-SRV-01","any","any","iot","DB-SRV-01","any","sip","application-default","Allow","none","","any"
"3172","RISKY_OUTSIDE_TO_MGMT-JUMPBOX-01_70","Shared","remote-access","universal","outside","any","any","any","voip","MGMT-JUMPBOX-01","any","teamviewer","application-default","Allow","none","","any"
"3173","STD_DMZ_TO_SERVER_190","Shared","standard","universal","dmz","IOT-GATEWAY-01","any","any","server","MGMT-JUMPBOX-01","any","web-browsing","application-default","Allow","strict","","any"
"3174","STD_IOT_TO_VOIP_1039","Shared","app-team","universal","iot","DB-SRV-01","any","any","voip","MGMT-JUMPBOX-01","any","mqtt","application-default","Allow","none","","any"
"3175","INSIDE_TO_DC_51","Shared","ad-auth","universal","inside","any","any","any","ad","DOMAIN-CONTROLLERS-G","any","ldap","application-default","Allow","none","","any"
"3176","STD_MGMT_TO_OUTSIDE_1224","Shared","none","universal","mgmt","FILE-SRV-01","any","any","outside","9.9.9.9/32","any","web-browsing","application-default","Allow","none","","any"
"3177","STD_MGMT_TO_INSIDE_3027","Shared","standard","universal","mgmt","VOIP-PBX-01","any","any","inside","WORKSTATIONS-FLOOR2","any","web-browsing","application-default","Allow","none","","any"
"3178","STD_INSIDE_TO_AD_1459","Shared","standard","universal","inside","APP-SRV-01","any","any","ad","IOT-GATEWAY-01","any","snmp-base","application-default","Allow","strict","","any"
"3179","STD_SERVER_TO_VOIP_55","Shared","none","universal","server","API-GATEWAY-01","any","any","voip","API-GATEWAY-01","any","dns","application-default","Allow","none","","any"
"3180","STD_POS_TO_OUTSIDE_3623","Shared","standard","universal","pos","WORKSTATIONS-FLOOR2","any","any","outside","8.8.8.8/32","any","mqtt","application-default","Allow","none","","any"
"3181","STD_POS_TO_AD_3327","Shared","app-team","universal","pos","DC-01","any","any","ad","WEB-SRV-01","any","voip-generic","application-default","Allow","none","","any"
"3182","STD_DMZ_TO_AD_785","Shared","none","universal","dmz","IOT-GATEWAY-01","any","any","ad","WEB-SRV-01","any","ssl","application-default","Allow","none","","any"
"3183","STD_VOIP_TO_INSIDE_1171","Shared","standard","universal","voip","DB-SRV-01","any","any","inside","WORKSTATIONS-FLOOR2","any","web-browsing","application-default","Allow","strict","","any"
"3184","STD_VOIP_TO_IOT_253","Shared","app-team","universal","voip","MGMT-JUMPBOX-01","any","any","iot","API-GATEWAY-01","any","ssl","application-default","Allow","strict","","any"
"3185","STD_SERVER_TO_VOIP_1619","Shared","app-team","universal","server","WEB-SRV-02","any","any","voip","APP-SRV-02","any","ssl","application-default","Allow","strict","","any"
"3186","STD_AD_TO_SERVER_2732","Shared","none","universal","ad","FILE-SRV-01","any","any","server","APP-SRV-02","any","snmp-base","application-default","Allow","strict","","any"
"3187","STD_IOT_TO_SERVER_3830","Shared","app-team","universal","iot","DC-01","any","any","server","APP-SRV-01","any","sip","application-default","Allow","strict","","any"
"3188","STD_POS_TO_INSIDE_1629","Shared","standard","universal","pos","DC-01","any","any","inside","MGMT-JUMPBOX-01","any","ntp","application-default","Allow","none","","any"
"3189","STD_OUTSIDE_TO_IOT_1685","Shared","none","universal","outside","any","any","any","iot","MGMT-JUMPBOX-01","any","mqtt","application-default","Allow","none","","any"
"3190","STD_AD_TO_DMZ_1410","Shared","standard","universal","ad","MGMT-JUMPBOX-01","any","any","dmz","VOIP-PBX-01","any","web-browsing","application-default","Allow","strict","","any"
"3191","OPEN_OUTSIDE_TO_POS-TERMINALS-G_1","Shared","none","universal","outside","any","any","any","dmz","POS-TERMINALS-G","any","mysql","any","Allow","none","","any"
"3192","STD_INSIDE_TO_DMZ_2951","Shared","standard","universal","inside","VOIP-PBX-01","any","any","dmz","FILE-SRV-01","any","dns","application-default","Allow","strict","","any"
"3193","OPEN_OUTSIDE_TO_MGMT-HOSTS-G_9","Shared","legacy-open","universal","outside","any","any","any","pos","MGMT-HOSTS-G","any","teamviewer","any","Allow","none","","any"
"3194","STD_POS_TO_VOIP_2037","Shared","app-team","universal","pos","API-GATEWAY-01","any","any","voip","MGMT-JUMPBOX-01","any","ntp","application-default","Allow","strict","","any"
"3195","OPEN_OUTSIDE_TO_POS-TERMINALS-G_24","Shared","legacy-open","universal","outside","any","any","any","mgmt","POS-TERMINALS-G","any","postgres","application-default","Allow","none","","any"
"3196","LEGACY_PORT_33","Shared","legacy-port","universal","inside","any","any","any","ad","DC-02","any","any","tcp-8080","Allow","none","","any"
"3197","STD_OUTSIDE_TO_SERVER_1811","Shared","standard","universal","outside","any","any","any","server","MGMT-JUMPBOX-01","any","ping","application-default","Allow","none","","any"
"3198","OPEN_OUTSIDE_TO_APP-SERVERS-G_141","Shared","legacy-open","universal","outside","any","any","any","dmz","APP-SERVERS-G","any","ldap","any","Allow","none","","any"
"3199","STD_OUTSIDE_TO_VOIP_2570","Shared","app-team","universal","outside","any","any","any","voip","VOIP-PBX-01","any","smtp","application-default","Allow","none","","any"
"3200","STD_DMZ_TO_POS_2511","Shared","standard","universal","dmz","IOT-GATEWAY-01","any","any","pos","API-GATEWAY-01","any","snmp-base","application-default","Allow","strict","","any"
"3201","STD_INSIDE_TO_MGMT_2942","Shared","app-team","universal","inside","API-GATEWAY-01","any","any","mgmt","VOIP-PBX-01","any","ping","application-default","Allow","strict","","any"
"3202","STD_INSIDE_TO_SERVER_533","Shared","standard","universal","inside","VOIP-PBX-01","any","any","server","IOT-GATEWAY-01","any","sip","application-default","Allow","none","","any"
"3203","DUPLICATE_NAME_TEST","Shared","none","universal","outside","any","any","any","dmz","WEB-SRV-01","any","ssl","application-default","Allow","strict","","any"
"3204","STD_OUTSIDE_TO_DMZ_1202","Shared","app-team","universal","outside","any","any","any","dmz","FILE-SRV-01","any","sip","application-default","Allow","strict","","any"
"3205","STD_MGMT_TO_IOT_3106","Shared","none","universal","mgmt","FILE-SRV-01","any","any","iot","VOIP-PBX-01","any","mqtt","application-default","Allow","none","","any"
"3206","STD_MGMT_TO_IOT_1890","Shared","none","universal","mgmt","VOIP-PBX-01","any","any","iot","WEB-SRV-02","any","dns","application-default","Allow","none","","any"
"3207","STD_IOT_TO_OUTSIDE_1986","Shared","app-team","universal","iot","WEB-SRV-01","any","any","outside","9.9.9.9/32","any","ping","application-default","Allow","none","","any"
"3208","STD_INSIDE_TO_SERVER_1676","Shared","standard","universal","inside","APP-SRV-02","any","any","server","IOT-GATEWAY-01","any","snmp-base","application-default","Allow","strict","","any"
"3209","STD_POS_TO_INSIDE_748","Shared","app-team","universal","pos","MGMT-JUMPBOX-01","any","any","inside","WEB-SRV-01","any","dns","application-default","Allow","none","","any"
"3210","STD_INSIDE_TO_DMZ_529","Shared","standard","universal","inside","DB-SRV-01","any","any","dmz","WORKSTATIONS-FLOOR1","any","mqtt","application-default","Allow","strict","","any"
"3211","STD_SERVER_TO_POS_1555","Shared","standard","universal","server","DB-SRV-01","any","any","pos","FILE-SRV-01","any","snmp-base","application-default","Allow","strict","","any"
"3212","STD_POS_TO_SERVER_1760","Shared","app-team","universal","pos","MGMT-JUMPBOX-01","any","any","server","DC-01","any","snmp-base","application-default","Allow","strict","","any"
"3213","STD_IOT_TO_INSIDE_1894","Shared","app-team","universal","iot","FILE-SRV-01","any","any","inside","DC-01","any","smtp","application-default","Allow","strict","","any"
"3214","STD_DMZ_TO_SERVER_3879","Shared","standard","universal","dmz","MGMT-JUMPBOX-01","any","any","server","WEB-SRV-02","any","dns","application-default","Allow","none","","any"
"3215","STD_POS_TO_VOIP_2882","Shared","standard","universal","pos","DC-01","any","any","voip","DB-SRV-01","any","ntp","application-default","Allow","none","","any"
"3216","STD_IOT_TO_POS_1328","Shared","app-team","universal","iot","FILE-SRV-01","any","any","pos","APP-SRV-01","any","dns","application-default","Allow","strict","","any"
"3217","STD_DMZ_TO_AD_920","Shared","none","universal","dmz","APP-SRV-01","any","any","ad","DC-01","any","ssl","application-default","Allow","strict","","any"
"3218","STD_POS_TO_SERVER_2918","Shared","none","universal","pos","MGMT-JUMPBOX-01","any","any","server","IOT-GATEWAY-01","any","ssl","application-default","Allow","strict","","any"
"3219","STD_POS_TO_INSIDE_3263","Shared","none","universal","pos","DC-01","any","any","inside","IOT-GATEWAY-01","any","dns","application-default","Allow","none","","any"
"3220","STD_MGMT_TO_SERVER_2158","Shared","standard","universal","mgmt","APP-SRV-02","any","any","server","DB-SRV-01","any","sip","application-default","Allow","none","","any"
"3221","STD_MGMT_TO_OUTSIDE_1022","Shared","none","universal","mgmt","DB-SRV-01","any","any","outside","1.1.1.1/32","any","web-browsing","application-default","Allow","strict","","any"
"3222","STD_OUTSIDE_TO_IOT_2485","Shared","app-team","universal","outside","any","any","any","iot","FILE-SRV-01","any","smtp","application-default","Allow","none","","any"
"3223","STD_OUTSIDE_TO_DMZ_957","Shared","app-team","universal","outside","any","any","any","dmz","FILE-SRV-01","any","dns","application-default","Allow","strict","","any"
"3224","STD_IOT_TO_SERVER_985","Shared","standard","universal","iot","FILE-SRV-01","any","any","server","APP-SRV-01","any","voip-generic","application-default","Allow","none","","any"
"3225","STD_POS_TO_OUTSIDE_2072","Shared","standard","universal","pos","DB-SRV-01","any","any","outside","8.8.8.8/32","any","smtp","application-default","Allow","none","","any"
"3226","STD_MGMT_TO_AD_2518","Shared","app-team","universal","mgmt","WEB-SRV-02","any","any","ad","APP-SRV-01","any","ping","application-default","Allow","strict","","any"
"3227","STD_IOT_TO_VOIP_968","Shared","none","universal","iot","APP-SRV-01","any","any","voip","IOT-GATEWAY-01","any","ntp","application-default","Allow","none","","any"
"3228","STD_POS_TO_AD_1534","Shared","none","universal","pos","API-GATEWAY-01","any","any","ad","WORKSTATIONS-FLOOR2","any","smtp","application-default","Allow","strict","","any"
"3229","STD_MGMT_TO_DMZ_3463","Shared","standard","universal","mgmt","APP-SRV-01","any","any","dmz","API-GATEWAY-01","any","mqtt","application-default","Allow","strict","","any"
"3230","STD_POS_TO_DMZ_2533","Shared","standard","universal","pos","APP-SRV-02","any","any","dmz","FILE-SRV-01","any","ntp","application-default","Allow","strict","","any"
"3231","STD_SERVER_TO_VOIP_3887","Shared","none","universal","server","WORKSTATIONS-FLOOR2","any","any","voip","FILE-SRV-01","any","voip-generic","application-default","Allow","none","","any"
"3232","STD_AD_TO_MGMT_2913","Shared","standard","universal","ad","VOIP-PBX-01","any","any","mgmt","DC-01","any","snmp-base","application-default","Allow","strict","","any"
"3233","STD_IOT_TO_INSIDE_2206","Shared","none","universal","iot","APP-SRV-01","any","any","inside","API-GATEWAY-01","any","web-browsing","application-default","Allow","none","","any"
"3234","STD_INSIDE_TO_POS_2392","Shared","none","universal","inside","VOIP-PBX-01","any","any","pos","WEB-SRV-02","any","dns","application-default","Allow","none","","any"
"3235","STD_VOIP_TO_MGMT_3833","Shared","standard","universal","voip","VOIP-PBX-01","any","any","mgmt","WORKSTATIONS-FLOOR1","any","smtp","application-default","Allow","none","","any"
"3236","STD_INSIDE_TO_AD_3956","Shared","none","universal","inside","DC-01","any","any","ad","WEB-SRV-02","any","mqtt","application-default","Allow","none","","any"
"3237","STD_AD_TO_DMZ_3154","Shared","none","universal","ad","WORKSTATIONS-FLOOR2","any","any","dmz","APP-SRV-01","any","voip-generic","application-default","Allow","none","","any"
"3238","OUTBOUND_SCOPED_19","Shared","outbound-standard","universal","mgmt","WORKSTATIONS-FLOOR1","any","any","outside","VPN-CLIENT-RANGE","any","mqtt","application-default","Allow","strict","","any"
"3239","STD_VOIP_TO_AD_171","Shared","none","universal","voip","DB-SRV-01","any","any","ad","FILE-SRV-01","any","sip","application-default","Allow","strict","","any"
"3240","STD_MGMT_TO_INSIDE_966","Shared","none","universal","mgmt","DB-SRV-01","any","any","inside","DB-SRV-01","any","smtp","application-default","Allow","strict","","any"
"3241","STD_SERVER_TO_AD_417","Shared","standard","universal","server","DB-SRV-01","any","any","ad","WEB-SRV-02","any","web-browsing","application-default","Allow","none","","any"
"3242","STD_AD_TO_POS_50","Shared","none","universal","ad","MGMT-JUMPBOX-01","any","any","pos","DC-01","any","ping","application-default","Allow","strict","","any"
"3243","STD_VOIP_TO_IOT_3915","Shared","app-team","universal","voip","DC-01","any","any","iot","DC-01","any","web-browsing","application-default","Allow","none","","any"
"3244","STD_AD_TO_SERVER_3511","Shared","none","universal","ad","MGMT-JUMPBOX-01","any","any","server","IOT-GATEWAY-01","any","voip-generic","application-default","Allow","none","","any"
"3245","STD_IOT_TO_OUTSIDE_2695","Shared","none","universal","iot","API-GATEWAY-01","any","any","outside","8.8.8.8/32","any","ntp","application-default","Allow","none","","any"
"3246","STD_IOT_TO_POS_432","Shared","standard","universal","iot","APP-SRV-02","any","any","pos","VOIP-PBX-01","any","web-browsing","application-default","Allow","strict","","any"
"3247","STD_IOT_TO_AD_974","Shared","app-team","universal","iot","VOIP-PBX-01","any","any","ad","WEB-SRV-02","any","ssl","application-default","Allow","none","","any"
"3248","STD_INSIDE_TO_IOT_607","Shared","standard","universal","inside","WEB-SRV-01","any","any","iot","DC-01","any","mqtt","application-default","Allow","strict","","any"
"3249","STD_DMZ_TO_AD_2763","Shared","none","universal","dmz","IOT-GATEWAY-01","any","any","ad","MGMT-JUMPBOX-01","any","ssl","application-default","Allow","strict","","any"
"3250","STD_OUTSIDE_TO_IOT_2319","Shared","standard","universal","outside","any","any","any","iot","WEB-SRV-01","any","ssl","application-default","Allow","none","","any"
"3251","STD_SERVER_TO_VOIP_3657","Shared","app-team","universal","server","API-GATEWAY-01","any","any","voip","DB-SRV-01","any","mqtt","application-default","Allow","none","","any"
"3252","STD_INSIDE_TO_DMZ_1406","Shared","standard","universal","inside","DB-SRV-01","any","any","dmz","VOIP-PBX-01","any","smtp","application-default","Allow","strict","","any"
"3253","STD_POS_TO_SERVER_1246","Shared","app-team","universal","pos","WORKSTATIONS-FLOOR1","any","any","server","VOIP-PBX-01","any","web-browsing","application-default","Allow","none","","any"
"3254","STD_AD_TO_SERVER_2120","Shared","app-team","universal","ad","IOT-GATEWAY-01","any","any","server","DC-01","any","web-browsing","application-default","Allow","strict","","any"
"3255","STD_MGMT_TO_OUTSIDE_120","Shared","standard","universal","mgmt","WEB-SRV-02","any","any","outside","1.1.1.1/32","any","web-browsing","application-default","Allow","strict","","any"
"3256","STD_SERVER_TO_VOIP_2046","Shared","none","universal","server","FILE-SRV-01","any","any","voip","DB-SRV-01","any","web-browsing","application-default","Allow","strict","","any"
"3257","STD_AD_TO_INSIDE_199","Shared","app-team","universal","ad","WEB-SRV-02","any","any","inside","WEB-SRV-01","any","sip","application-default","Allow","none","","any"
"3258","STD_MGMT_TO_SERVER_373","Shared","app-team","universal","mgmt","DC-01","any","any","server","FILE-SRV-01","any","ssl","application-default","Allow","strict","","any"
"3259","STD_POS_TO_SERVER_3567","Shared","none","universal","pos","WORKSTATIONS-FLOOR2","any","any","server","DB-SRV-01","any","ntp","application-default","Allow","strict","","any"
"3260","STD_DMZ_TO_AD_3437","Shared","none","universal","dmz","MGMT-JUMPBOX-01","any","any","ad","VOIP-PBX-01","any","ping","application-default","Allow","strict","","any"
"3261","STD_SERVER_TO_INSIDE_825","Shared","standard","universal","server","APP-SRV-02","any","any","inside","WORKSTATIONS-FLOOR2","any","mqtt","application-default","Allow","strict","","any"
"3262","STD_VOIP_TO_INSIDE_747","Shared","standard","universal","voip","IOT-GATEWAY-01","any","any","inside","WEB-SRV-01","any","snmp-base","application-default","Allow","strict","","any"
"3263","STD_IOT_TO_VOIP_3662","Shared","none","universal","iot","API-GATEWAY-01","any","any","voip","API-GATEWAY-01","any","smtp","application-default","Allow","strict","","any"
"3264","STD_POS_TO_MGMT_2553","Shared","standard","universal","pos","WEB-SRV-02","any","any","mgmt","WEB-SRV-02","any","mqtt","application-default","Allow","strict","","any"
"3265","STD_VOIP_TO_DMZ_3336","Shared","standard","universal","voip","WEB-SRV-01","any","any","dmz","APP-SRV-02","any","voip-generic","application-default","Allow","none","","any"
"3266","RISKY_OUTSIDE_TO_APP-SRV-02_29","Shared","remote-access","universal","outside","any","any","any","voip","APP-SRV-02","any","telnet","application-default","Allow","none","","any"
"3267","STD_MGMT_TO_DMZ_1151","Shared","none","universal","mgmt","DB-SRV-01","any","any","dmz","VOIP-PBX-01","any","smtp","application-default","Allow","none","","any"
"3268","STD_DMZ_TO_AD_2586","Shared","standard","universal","dmz","DC-01","any","any","ad","DB-SRV-01","any","dns","application-default","Allow","strict","","any"
"3269","STD_INSIDE_TO_AD_1166","Shared","none","universal","inside","API-GATEWAY-01","any","any","ad","DB-SRV-01","any","ssl","application-default","Allow","none","","any"
"3270","STD_INSIDE_TO_AD_3834","Shared","none","universal","inside","WORKSTATIONS-FLOOR1","any","any","ad","DB-SRV-01","any","web-browsing","application-default","Allow","strict","","any"
"3271","SCOPED_INTERNAL_VOIP_TO_SERVER_42","Shared","standard","universal","voip","APP-SRV-01","any","any","server","APP-SRV-01","any","smtp","application-default","Allow","strict","","any"
"3272","STD_AD_TO_SERVER_3940","Shared","none","universal","ad","VOIP-PBX-01","any","any","server","VOIP-PBX-01","any","snmp-base","application-default","Allow","strict","","any"
"3273","STD_DMZ_TO_IOT_1394","Shared","standard","universal","dmz","WEB-SRV-01","any","any","iot","VOIP-PBX-01","any","sip","application-default","Allow","strict","","any"
"3274","STD_POS_TO_OUTSIDE_2897","Shared","app-team","universal","pos","DC-01","any","any","outside","9.9.9.9/32","any","sip","application-default","Allow","strict","","any"
"3275","STD_IOT_TO_OUTSIDE_3920","Shared","none","universal","iot","APP-SRV-02","any","any","outside","1.1.1.1/32","any","voip-generic","application-default","Allow","strict","","any"
"3276","STD_MGMT_TO_POS_2152","Shared","standard","universal","mgmt","IOT-GATEWAY-01","any","any","pos","DB-SRV-01","any","ssl","application-default","Allow","strict","","any"
"3277","VOIP_TO_DC_67","Shared","ad-auth","universal","voip","any","any","any","ad","DOMAIN-CONTROLLERS-G","any","kerberos","application-default","Allow","none","","any"
"3278","STD_INSIDE_TO_IOT_1090","Shared","none","universal","inside","APP-SRV-02","any","any","iot","MGMT-JUMPBOX-01","any","ntp","application-default","Allow","none","","any"
"3279","STD_AD_TO_INSIDE_2084","Shared","none","universal","ad","WEB-SRV-02","any","any","inside","VOIP-PBX-01","any","sip","application-default","Allow","strict","","any"
"3280","STD_OUTSIDE_TO_INSIDE_2354","Shared","standard","universal","outside","any","any","any","inside","DB-SRV-01","any","dns","application-default","Allow","none","","any"
"3281","STD_VOIP_TO_AD_1848","Shared","standard","universal","voip","DC-01","any","any","ad","API-GATEWAY-01","any","web-browsing","application-default","Allow","strict","","any"
"3282","RISKY_OUTSIDE_TO_DC-01_48","Shared","remote-access","universal","outside","any","any","any","ad","DC-01","any","splashtop","application-default","Allow","none","","any"
"3283","STD_INSIDE_TO_MGMT_2770","Shared","app-team","universal","inside","APP-SRV-01","any","any","mgmt","DC-01","any","dns","application-default","Allow","none","","any"
"3284","OUTBOUND_SCOPED_56","Shared","outbound-standard","universal","mgmt","WORKSTATIONS-FLOOR1","any","any","outside","VPN-CLIENT-RANGE","any","smtp","application-default","Allow","strict","","any"
"3285","STD_SERVER_TO_MGMT_382","Shared","standard","universal","server","MGMT-JUMPBOX-01","any","any","mgmt","VOIP-PBX-01","any","dns","application-default","Allow","strict","","any"
"3286","STD_AD_TO_OUTSIDE_994","Shared","standard","universal","ad","DB-SRV-01","any","any","outside","8.8.8.8/32","any","mqtt","application-default","Allow","strict","","any"
"3287","STD_INSIDE_TO_IOT_3403","Shared","standard","universal","inside","APP-SRV-02","any","any","iot","WEB-SRV-02","any","dns","application-default","Allow","strict","","any"
"3288","LEGACY_PORT_69","Shared","legacy-port","universal","inside","any","any","any","voip","FILE-SRV-01","any","any","tcp-23","Allow","none","","any"
"3289","SCOPED_INTERNAL_AD_TO_POS_5","Shared","standard","universal","ad","WORKSTATIONS-FLOOR1","any","any","pos","DB-SRV-01","any","mqtt","application-default","Allow","strict","","any"
"3290","STD_SERVER_TO_IOT_1794","Shared","app-team","universal","server","APP-SRV-02","any","any","iot","APP-SRV-01","any","voip-generic","application-default","Allow","strict","","any"
"3291","STD_OUTSIDE_TO_VOIP_762","Shared","app-team","universal","outside","any","any","any","voip","WEB-SRV-02","any","sip","application-default","Allow","none","","any"
"3292","STD_SERVER_TO_MGMT_1860","Shared","standard","universal","server","DC-01","any","any","mgmt","DC-01","any","snmp-base","application-default","Allow","strict","","any"
"3293","STD_MGMT_TO_IOT_2286","Shared","none","universal","mgmt","API-GATEWAY-01","any","any","iot","API-GATEWAY-01","any","ping","application-default","Allow","strict","","any"
"3294","OPEN_OUTSIDE_TO_CRITICAL-INFRA-G_54","Shared","legacy-open","universal","outside","any","any","any","mgmt","CRITICAL-INFRA-G","any","postgres","application-default","Allow","none","","any"
"3295","STD_MGMT_TO_POS_1169","Shared","app-team","universal","mgmt","FILE-SRV-01","any","any","pos","WORKSTATIONS-FLOOR1","any","ntp","application-default","Allow","none","","any"
"3296","LEGACY_PORT_57","Shared","legacy-port","universal","inside","any","any","any","server","BACKUP-SRV-01","any","any","tcp-8080","Allow","none","","any"
"3297","BROAD_INTERNAL_POS_TO_AD_51","Shared","internal","universal","pos","any","any","any","ad","any","any","any","any","Allow","none","","any"
"3298","STD_MGMT_TO_POS_3383","Shared","none","universal","mgmt","FILE-SRV-01","any","any","pos","WEB-SRV-01","any","mqtt","application-default","Allow","strict","","any"
"3299","STD_OUTSIDE_TO_DMZ_162","Shared","none","universal","outside","any","any","any","dmz","WEB-SRV-02","any","mqtt","application-default","Allow","strict","","any"
"3300","STD_MGMT_TO_VOIP_3194","Shared","app-team","universal","mgmt","DC-01","any","any","voip","APP-SRV-02","any","sip","application-default","Allow","strict","","any"
"3301","STD_VOIP_TO_AD_2854","Shared","app-team","universal","voip","APP-SRV-01","any","any","ad","APP-SRV-01","any","smtp","application-default","Allow","none","","any"
"3302","BROAD_INTERNAL_POS_TO_VOIP_5","Shared","internal","universal","pos","any","any","any","voip","any","any","any","any","Allow","none","","any"
"3303","STD_POS_TO_SERVER_2300","Shared","standard","universal","pos","WEB-SRV-02","any","any","server","APP-SRV-02","any","web-browsing","application-default","Allow","strict","","any"
"3304","STD_DMZ_TO_POS_699","Shared","none","universal","dmz","MGMT-JUMPBOX-01","any","any","pos","VOIP-PBX-01","any","snmp-base","application-default","Allow","none","","any"
"3305","STD_IOT_TO_AD_2412","Shared","app-team","universal","iot","IOT-GATEWAY-01","any","any","ad","WORKSTATIONS-FLOOR2","any","snmp-base","application-default","Allow","strict","","any"
"3306","STD_MGMT_TO_POS_1658","Shared","standard","universal","mgmt","MGMT-JUMPBOX-01","any","any","pos","APP-SRV-02","any","ntp","application-default","Allow","none","","any"
"3307","STD_POS_TO_SERVER_838","Shared","none","universal","pos","DC-01","any","any","server","WORKSTATIONS-FLOOR1","any","mqtt","application-default","Allow","strict","","any"
"3308","STD_MGMT_TO_DMZ_12","Shared","app-team","universal","mgmt","DB-SRV-01","any","any","dmz","MGMT-JUMPBOX-01","any","sip","application-default","Allow","strict","","any"
"3309","LEGACY_PORT_66","Shared","legacy-port","universal","outside","any","any","any","iot","APP-SRV-01","any","any","tcp-5900","Allow","none","","any"
"3310","STD_DMZ_TO_MGMT_2438","Shared","none","universal","dmz","IOT-GATEWAY-01","any","any","mgmt","WORKSTATIONS-FLOOR1","any","sip","application-default","Allow","strict","","any"
"3311","STD_VOIP_TO_IOT_697","Shared","none","universal","voip","DC-01","any","any","iot","API-GATEWAY-01","any","ssl","application-default","Allow","none","","any"
"3312","STD_POS_TO_MGMT_2805","Shared","standard","universal","pos","API-GATEWAY-01","any","any","mgmt","IOT-GATEWAY-01","any","ssl","application-default","Allow","none","","any"
"3313","STD_OUTSIDE_TO_VOIP_858","Shared","app-team","universal","outside","any","any","any","voip","WORKSTATIONS-FLOOR1","any","ntp","application-default","Allow","none","","any"
"3314","STD_AD_TO_MGMT_1399","Shared","standard","universal","ad","API-GATEWAY-01","any","any","mgmt","DB-SRV-01","any","voip-generic","application-default","Allow","strict","","any"
"3315","STD_OUTSIDE_TO_DMZ_1276","Shared","standard","universal","outside","any","any","any","dmz","WORKSTATIONS-FLOOR2","any","web-browsing","application-default","Allow","none","","any"
"3316","STD_DMZ_TO_MGMT_240","Shared","app-team","universal","dmz","VOIP-PBX-01","any","any","mgmt","WORKSTATIONS-FLOOR1","any","ping","application-default","Allow","strict","","any"
"3317","STD_IOT_TO_DMZ_2157","Shared","app-team","universal","iot","WORKSTATIONS-FLOOR2","any","any","dmz","DB-SRV-01","any","ntp","application-default","Allow","strict","","any"
"3318","STD_MGMT_TO_AD_1577","Shared","app-team","universal","mgmt","DC-01","any","any","ad","FILE-SRV-01","any","ping","application-default","Allow","strict","","any"
"3319","OPEN_OUTSIDE_TO_MGMT-HOSTS-G_118","Shared","none","universal","outside","any","any","any","mgmt","MGMT-HOSTS-G","any","ms-ds-smb","application-default","Allow","none","","any"
"3320","STD_OUTSIDE_TO_POS_3165","Shared","none","universal","outside","any","any","any","pos","API-GATEWAY-01","any","dns","application-default","Allow","strict","","any"
"3321","STD_INSIDE_TO_AD_1673","Shared","standard","universal","inside","MGMT-JUMPBOX-01","any","any","ad","API-GATEWAY-01","any","snmp-base","application-default","Allow","strict","","any"
"3322","STD_SERVER_TO_POS_399","Shared","standard","universal","server","IOT-GATEWAY-01","any","any","pos","DC-01","any","dns","application-default","Allow","none","","any"
"3323","STD_AD_TO_DMZ_1579","Shared","none","universal","ad","VOIP-PBX-01","any","any","dmz","MGMT-JUMPBOX-01","any","sip","application-default","Allow","strict","","any"
"3324","STD_OUTSIDE_TO_DMZ_3252","Shared","standard","universal","outside","any","any","any","dmz","APP-SRV-01","any","snmp-base","application-default","Allow","none","","any"
"3325","STD_VOIP_TO_SERVER_335","Shared","app-team","universal","voip","DC-01","any","any","server","WEB-SRV-01","any","voip-generic","application-default","Allow","strict","","any"
"3326","STD_SERVER_TO_IOT_1075","Shared","app-team","universal","server","DC-01","any","any","iot","FILE-SRV-01","any","web-browsing","application-default","Allow","strict","","any"
"3327","STD_SERVER_TO_POS_3591","Shared","none","universal","server","APP-SRV-02","any","any","pos","WEB-SRV-01","any","ping","application-default","Allow","strict","","any"
"3328","OPEN_OUTSIDE_TO_MGMT-HOSTS-G_98","Shared","legacy-open","universal","outside","any","any","any","server","MGMT-HOSTS-G","any","splashtop","any","Allow","none","","any"
"3329","BROAD_INTERNAL_VOIP_TO_AD_30","Shared","internal","universal","voip","any","any","any","ad","any","any","any","any","Allow","none","","any"
"3330","RISKY_OUTSIDE_TO_FILE-SRV-01_80","Shared","remote-access","universal","outside","any","any","any","iot","FILE-SRV-01","any","telnet","application-default","Allow","none","","any"
"3331","STD_OUTSIDE_TO_DMZ_3373","Shared","standard","universal","outside","any","any","any","dmz","WEB-SRV-02","any","ssl","application-default","Allow","strict","","any"
"3332","STD_DMZ_TO_OUTSIDE_1083","Shared","app-team","universal","dmz","WORKSTATIONS-FLOOR1","any","any","outside","1.1.1.1/32","any","sip","application-default","Allow","strict","","any"
"3333","STD_SERVER_TO_OUTSIDE_3642","Shared","app-team","universal","server","DC-01","any","any","outside","8.8.8.8/32","any","smtp","application-default","Allow","none","","any"
"3334","STD_SERVER_TO_VOIP_2921","Shared","app-team","universal","server","FILE-SRV-01","any","any","voip","DB-SRV-01","any","web-browsing","application-default","Allow","strict","","any"
"3335","OUTBOUND_OPEN_26","Shared","legacy-open","universal","ad","any","any","any","outside","any","any","any","any","Allow","none","","any"
"3336","STD_AD_TO_OUTSIDE_2280","Shared","standard","universal","ad","IOT-GATEWAY-01","any","any","outside","1.1.1.1/32","any","dns","application-default","Allow","none","","any"
"3337","STD_SERVER_TO_MGMT_1540","Shared","app-team","universal","server","VOIP-PBX-01","any","any","mgmt","API-GATEWAY-01","any","voip-generic","application-default","Allow","strict","","any"
"3338","STD_SERVER_TO_AD_1647","Shared","standard","universal","server","APP-SRV-01","any","any","ad","WEB-SRV-01","any","mqtt","application-default","Allow","none","","any"
"3339","STD_INSIDE_TO_MGMT_2889","Shared","app-team","universal","inside","FILE-SRV-01","any","any","mgmt","MGMT-JUMPBOX-01","any","snmp-base","application-default","Allow","strict","","any"
"3340","STD_INSIDE_TO_VOIP_3578","Shared","none","universal","inside","IOT-GATEWAY-01","any","any","voip","WORKSTATIONS-FLOOR1","any","ntp","application-default","Allow","none","","any"
"3341","STD_IOT_TO_POS_2324","Shared","standard","universal","iot","WORKSTATIONS-FLOOR1","any","any","pos","WEB-SRV-01","any","sip","application-default","Allow","strict","","any"
"3342","STD_POS_TO_AD_1270","Shared","standard","universal","pos","WEB-SRV-02","any","any","ad","DB-SRV-01","any","voip-generic","application-default","Allow","strict","","any"
"3343","STD_POS_TO_AD_3142","Shared","standard","universal","pos","DB-SRV-01","any","any","ad","DB-SRV-01","any","voip-generic","application-default","Allow","none","","any"
"3344","STD_DMZ_TO_AD_2659","Shared","app-team","universal","dmz","DB-SRV-01","any","any","ad","MGMT-JUMPBOX-01","any","ntp","application-default","Allow","strict","","any"
"3345","CORP_TO_POS_11","Shared","admin-access","universal","dmz","any","any","any","pos","any","any","any","application-default","Allow","none","","any"
"3346","STD_INSIDE_TO_DMZ_764","Shared","standard","universal","inside","MGMT-JUMPBOX-01","any","any","dmz","FILE-SRV-01","any","mqtt","application-default","Allow","none","","any"
"3347","STD_MGMT_TO_OUTSIDE_2427","Shared","app-team","universal","mgmt","APP-SRV-02","any","any","outside","8.8.8.8/32","any","ssl","application-default","Allow","none","","any"
"3348","STD_VOIP_TO_SERVER_3374","Shared","none","universal","voip","APP-SRV-02","any","any","server","IOT-GATEWAY-01","any","sip","application-default","Allow","strict","","any"
"3349","STD_MGMT_TO_IOT_2709","Shared","none","universal","mgmt","API-GATEWAY-01","any","any","iot","APP-SRV-01","any","voip-generic","application-default","Allow","strict","","any"
"3350","STD_MGMT_TO_VOIP_3339","Shared","standard","universal","mgmt","APP-SRV-01","any","any","voip","WORKSTATIONS-FLOOR1","any","sip","application-default","Allow","strict","","any"
"3351","BROAD_INTERNAL_INSIDE_TO_POS_89","Shared","internal","universal","inside","any","any","any","pos","any","any","any","any","Allow","none","","any"
"3352","STD_OUTSIDE_TO_MGMT_3905","Shared","standard","universal","outside","any","any","any","mgmt","WORKSTATIONS-FLOOR1","any","voip-generic","application-default","Allow","strict","","any"
"3353","STD_IOT_TO_OUTSIDE_3744","Shared","none","universal","iot","MGMT-JUMPBOX-01","any","any","outside","9.9.9.9/32","any","web-browsing","application-default","Allow","none","","any"
"3354","STD_SERVER_TO_OUTSIDE_2399","Shared","none","universal","server","WEB-SRV-02","any","any","outside","8.8.8.8/32","any","mqtt","application-default","Allow","strict","","any"
"3355","STD_INSIDE_TO_OUTSIDE_3836","Shared","standard","universal","inside","WEB-SRV-02","any","any","outside","9.9.9.9/32","any","web-browsing","application-default","Allow","strict","","any"
"3356","STD_POS_TO_DMZ_979","Shared","app-team","universal","pos","WORKSTATIONS-FLOOR2","any","any","dmz","WEB-SRV-02","any","ntp","application-default","Allow","none","","any"
"3357","BROAD_INTERNAL_INSIDE_TO_AD_75","Shared","internal","universal","inside","any","any","any","ad","any","any","any","any","Allow","none","","any"
"3358","STD_DMZ_TO_OUTSIDE_3911","Shared","none","universal","dmz","MGMT-JUMPBOX-01","any","any","outside","1.1.1.1/32","any","voip-generic","application-default","Allow","strict","","any"
"3359","REMOTE_ACCESS_25","Shared","remote-support","universal","outside","any","any","any","dmz","MGMT-JUMPBOX-01","any","anydesk","application-default","Allow","none","","any"
"3360","STD_IOT_TO_DMZ_581","Shared","standard","universal","iot","WEB-SRV-02","any","any","dmz","APP-SRV-02","any","smtp","application-default","Allow","strict","","any"
"3361","STD_VOIP_TO_DMZ_1457","Shared","app-team","universal","voip","MGMT-JUMPBOX-01","any","any","dmz","WORKSTATIONS-FLOOR2","any","smtp","application-default","Allow","strict","","any"
"3362","STD_OUTSIDE_TO_POS_3950","Shared","none","universal","outside","any","any","any","pos","WORKSTATIONS-FLOOR2","any","voip-generic","application-default","Allow","strict","","any"
"3363","STD_IOT_TO_MGMT_3932","Shared","standard","universal","iot","VOIP-PBX-01","any","any","mgmt","IOT-GATEWAY-01","any","smtp","application-default","Allow","strict","","any"
"3364","STD_SERVER_TO_VOIP_2522","Shared","app-team","universal","server","API-GATEWAY-01","any","any","voip","DC-01","any","ssl","application-default","Allow","strict","","any"
"3365","STD_DMZ_TO_VOIP_3963","Shared","standard","universal","dmz","APP-SRV-02","any","any","voip","IOT-GATEWAY-01","any","smtp","application-default","Allow","none","","any"
"3366","SCOPED_INTERNAL_POS_TO_SERVER_39","Shared","standard","universal","pos","WORKSTATIONS-FLOOR1","any","any","server","DB-SRV-01","any","mqtt","application-default","Allow","strict","","any"
"3367","STD_SERVER_TO_AD_268","Shared","app-team","universal","server","IOT-GATEWAY-01","any","any","ad","API-GATEWAY-01","any","voip-generic","application-default","Allow","none","","any"
"3368","STD_INSIDE_TO_VOIP_1413","Shared","app-team","universal","inside","APP-SRV-01","any","any","voip","WORKSTATIONS-FLOOR2","any","mqtt","application-default","Allow","strict","","any"
"3369","STD_MGMT_TO_POS_1618","Shared","app-team","universal","mgmt","VOIP-PBX-01","any","any","pos","FILE-SRV-01","any","sip","application-default","Allow","strict","","any"
"3370","STD_IOT_TO_INSIDE_3766","Shared","app-team","universal","iot","VOIP-PBX-01","any","any","inside","WEB-SRV-01","any","mqtt","application-default","Allow","strict","","any"
"3371","STD_SERVER_TO_MGMT_2318","Shared","app-team","universal","server","DB-SRV-01","any","any","mgmt","APP-SRV-02","any","ping","application-default","Allow","none","","any"
"3372","STD_VOIP_TO_SERVER_2140","Shared","standard","universal","voip","APP-SRV-02","any","any","server","DC-01","any","dns","application-default","Allow","strict","","any"
"3373","STD_SERVER_TO_MGMT_3811","Shared","none","universal","server","MGMT-JUMPBOX-01","any","any","mgmt","MGMT-JUMPBOX-01","any","voip-generic","application-default","Allow","none","","any"
"3374","STD_OUTSIDE_TO_VOIP_63","Shared","app-team","universal","outside","any","any","any","voip","FILE-SRV-01","any","ping","application-default","Allow","strict","","any"
"3375","STD_AD_TO_POS_1303","Shared","app-team","universal","ad","APP-SRV-01","any","any","pos","IOT-GATEWAY-01","any","ping","application-default","Allow","strict","","any"
"3376","STD_VOIP_TO_AD_3236","Shared","standard","universal","voip","MGMT-JUMPBOX-01","any","any","ad","API-GATEWAY-01","any","ping","application-default","Allow","strict","","any"
"3377","STD_DMZ_TO_IOT_1136","Shared","standard","universal","dmz","VOIP-PBX-01","any","any","iot","DB-SRV-01","any","ssl","application-default","Allow","strict","","any"
"3378","STD_IOT_TO_SERVER_251","Shared","none","universal","iot","API-GATEWAY-01","any","any","server","API-GATEWAY-01","any","web-browsing","application-default","Allow","strict","","any"
"3379","STD_OUTSIDE_TO_DMZ_3954","Shared","none","universal","outside","any","any","any","dmz","WORKSTATIONS-FLOOR1","any","ping","application-default","Allow","strict","","any"
"3380","STD_POS_TO_SERVER_113","Shared","none","universal","pos","FILE-SRV-01","any","any","server","VOIP-PBX-01","any","sip","application-default","Allow","strict","","any"
"3381","STD_OUTSIDE_TO_SERVER_3303","Shared","none","universal","outside","any","any","any","server","FILE-SRV-01","any","voip-generic","application-default","Allow","none","","any"
"3382","STD_POS_TO_AD_3170","Shared","standard","universal","pos","APP-SRV-01","any","any","ad","WEB-SRV-01","any","ping","application-default","Allow","strict","","any"
"3383","SCOPED_PARTNER_TO_WEB-SRV-01_72","Shared","partner-integration","universal","outside","THIRD-PARTY-PAYMENT-GW","any","any","dmz","WEB-SRV-01","any","ssl","application-default","Allow","strict","","any"
"3384","STD_AD_TO_OUTSIDE_2229","Shared","app-team","universal","ad","WEB-SRV-02","any","any","outside","8.8.8.8/32","any","smtp","application-default","Allow","strict","","any"
"3385","SCOPED_PARTNER_TO_API-GATEWAY-01_10","Shared","partner-integration","universal","outside","THIRD-PARTY-PAYMENT-GW","any","any","dmz","API-GATEWAY-01","any","ssl","application-default","Allow","strict","","any"
"3386","STD_VOIP_TO_SERVER_333","Shared","app-team","universal","voip","WEB-SRV-01","any","any","server","IOT-GATEWAY-01","any","ntp","application-default","Allow","strict","","any"
"3387","STD_AD_TO_MGMT_1377","Shared","none","universal","ad","WEB-SRV-02","any","any","mgmt","MGMT-JUMPBOX-01","any","smtp","application-default","Allow","strict","","any"
"3388","STD_MGMT_TO_DMZ_2919","Shared","app-team","universal","mgmt","API-GATEWAY-01","any","any","dmz","WORKSTATIONS-FLOOR2","any","voip-generic","application-default","Allow","none","","any"
"3389","STD_INSIDE_TO_SERVER_3319","Shared","none","universal","inside","FILE-SRV-01","any","any","server","WORKSTATIONS-FLOOR1","any","dns","application-default","Allow","none","","any"
"3390","STD_POS_TO_OUTSIDE_3092","Shared","app-team","universal","pos","APP-SRV-02","any","any","outside","9.9.9.9/32","any","dns","application-default","Allow","strict","","any"
"3391","OPEN_OUTSIDE_TO_POS-TERMINALS-G_80","Shared","none","universal","outside","any","any","any","dmz","POS-TERMINALS-G","any","mysql","application-default","Allow","none","","any"
"3392","STD_INSIDE_TO_VOIP_2743","Shared","standard","universal","inside","WEB-SRV-01","any","any","voip","WEB-SRV-01","any","sip","application-default","Allow","strict","","any"
"3393","STD_VOIP_TO_MGMT_1808","Shared","app-team","universal","voip","MGMT-JUMPBOX-01","any","any","mgmt","FILE-SRV-01","any","smtp","application-default","Allow","none","","any"
"3394","STD_IOT_TO_SERVER_928","Shared","none","universal","iot","MGMT-JUMPBOX-01","any","any","server","VOIP-PBX-01","any","mqtt","application-default","Allow","strict","","any"
"3395","STD_VOIP_TO_OUTSIDE_3307","Shared","app-team","universal","voip","MGMT-JUMPBOX-01","any","any","outside","9.9.9.9/32","any","ntp","application-default","Allow","strict","","any"
"3396","STD_VOIP_TO_INSIDE_2452","Shared","app-team","universal","voip","APP-SRV-01","any","any","inside","MGMT-JUMPBOX-01","any","voip-generic","application-default","Allow","none","","any"
"3397","STD_POS_TO_VOIP_2328","Shared","standard","universal","pos","WEB-SRV-01","any","any","voip","WEB-SRV-01","any","ssl","application-default","Allow","strict","","any"
"3398","STD_OUTSIDE_TO_SERVER_3553","Shared","app-team","universal","outside","any","any","any","server","WORKSTATIONS-FLOOR2","any","web-browsing","application-default","Allow","strict","","any"
"3399","STD_SERVER_TO_MGMT_2241","Shared","app-team","universal","server","APP-SRV-02","any","any","mgmt","WEB-SRV-02","any","ssl","application-default","Allow","strict","","any"
"3400","STD_AD_TO_OUTSIDE_480","Shared","none","universal","ad","DC-01","any","any","outside","1.1.1.1/32","any","voip-generic","application-default","Allow","none","","any"
"3401","STD_IOT_TO_DMZ_3050","Shared","standard","universal","iot","APP-SRV-01","any","any","dmz","VOIP-PBX-01","any","ssl","application-default","Allow","strict","","any"
"3402","STD_INSIDE_TO_DMZ_718","Shared","standard","universal","inside","IOT-GATEWAY-01","any","any","dmz","DC-01","any","ping","application-default","Allow","strict","","any"
"3403","STD_DMZ_TO_MGMT_1849","Shared","none","universal","dmz","WORKSTATIONS-FLOOR2","any","any","mgmt","API-GATEWAY-01","any","sip","application-default","Allow","none","","any"
"3404","STD_POS_TO_INSIDE_2025","Shared","none","universal","pos","APP-SRV-01","any","any","inside","WEB-SRV-02","any","ping","application-default","Allow","strict","","any"
"3405","STD_IOT_TO_AD_1185","Shared","standard","universal","iot","WEB-SRV-02","any","any","ad","FILE-SRV-01","any","sip","application-default","Allow","none","","any"
"3406","STD_VOIP_TO_MGMT_969","Shared","none","universal","voip","APP-SRV-01","any","any","mgmt","DC-01","any","web-browsing","application-default","Allow","strict","","any"
"3407","SCOPED_INTERNAL_VOIP_TO_IOT_22","Shared","standard","universal","voip","WORKSTATIONS-FLOOR1","any","any","iot","DB-SRV-01","any","voip-generic","application-default","Allow","strict","","any"
"3408","STD_POS_TO_MGMT_292","Shared","none","universal","pos","WEB-SRV-01","any","any","mgmt","WORKSTATIONS-FLOOR1","any","voip-generic","application-default","Allow","strict","","any"
"3409","STD_AD_TO_SERVER_197","Shared","app-team","universal","ad","DB-SRV-01","any","any","server","APP-SRV-01","any","smtp","application-default","Allow","strict","","any"
"3410","BROAD_INTERNAL_SERVER_TO_IOT_81","Shared","internal","universal","server","any","any","any","iot","any","any","any","any","Allow","none","","any"
"3411","STD_POS_TO_SERVER_1746","Shared","standard","universal","pos","DB-SRV-01","any","any","server","DC-01","any","mqtt","application-default","Allow","strict","","any"
"3412","STD_OUTSIDE_TO_MGMT_1370","Shared","app-team","universal","outside","any","any","any","mgmt","WEB-SRV-02","any","mqtt","application-default","Allow","strict","","any"
"3413","STD_SERVER_TO_DMZ_2959","Shared","app-team","universal","server","APP-SRV-02","any","any","dmz","WORKSTATIONS-FLOOR1","any","voip-generic","application-default","Allow","strict","","any"
"3414","STD_VOIP_TO_IOT_3428","Shared","standard","universal","voip","IOT-GATEWAY-01","any","any","iot","MGMT-JUMPBOX-01","any","mqtt","application-default","Allow","none","","any"
"3415","DNS_OUTBOUND_20","Shared","none","universal","mgmt","MGMT-JUMPBOX-01","any","any","outside","1.1.1.1/32","any","dns-over-https","tcp-853","Allow","none","","any"
"3416","RISKY_OUTSIDE_TO_FILE-SRV-01_79","Shared","remote-access","universal","outside","any","any","any","mgmt","FILE-SRV-01","any","kerberos","application-default","Allow","none","","any"
"3417","STD_AD_TO_VOIP_3858","Shared","app-team","universal","ad","MGMT-JUMPBOX-01","any","any","voip","DC-01","any","voip-generic","application-default","Allow","strict","","any"
"3418","STD_POS_TO_DMZ_3381","Shared","none","universal","pos","API-GATEWAY-01","any","any","dmz","DC-01","any","voip-generic","application-default","Allow","strict","","any"
"3419","STD_IOT_TO_INSIDE_1036","Shared","none","universal","iot","WEB-SRV-02","any","any","inside","WEB-SRV-02","any","smtp","application-default","Allow","none","","any"
"3420","STD_AD_TO_VOIP_2614","Shared","standard","universal","ad","WEB-SRV-01","any","any","voip","APP-SRV-01","any","sip","application-default","Allow","none","","any"
"3421","STD_VOIP_TO_SERVER_2353","Shared","app-team","universal","voip","WORKSTATIONS-FLOOR2","any","any","server","APP-SRV-01","any","ping","application-default","Allow","strict","","any"
"3422","CORP_TO_AD_0","Shared","admin-access","universal","server","any","any","any","ad","any","any","any","application-default","Allow","none","","any"
"3423","STD_AD_TO_MGMT_3379","Shared","standard","universal","ad","API-GATEWAY-01","any","any","mgmt","MGMT-JUMPBOX-01","any","ntp","application-default","Allow","none","","any"
"3424","STD_SERVER_TO_AD_3543","Shared","app-team","universal","server","APP-SRV-02","any","any","ad","WORKSTATIONS-FLOOR1","any","ping","application-default","Allow","strict","","any"
"3425","STD_OUTSIDE_TO_SERVER_618","Shared","none","universal","outside","any","any","any","server","APP-SRV-02","any","ssl","application-default","Allow","none","","any"
"3426","STD_VOIP_TO_OUTSIDE_3219","Shared","standard","universal","voip","DB-SRV-01","any","any","outside","8.8.8.8/32","any","smtp","application-default","Allow","strict","","any"
"3427","STD_DMZ_TO_POS_1483","Shared","standard","universal","dmz","VOIP-PBX-01","any","any","pos","VOIP-PBX-01","any","voip-generic","application-default","Allow","strict","","any"
"3428","STD_POS_TO_MGMT_2160","Shared","app-team","universal","pos","DB-SRV-01","any","any","mgmt","WEB-SRV-02","any","ntp","application-default","Allow","strict","","any"
"3429","STD_DMZ_TO_SERVER_2291","Shared","standard","universal","dmz","WEB-SRV-02","any","any","server","API-GATEWAY-01","any","snmp-base","application-default","Allow","strict","","any"
"3430","INSIDE_TO_DC_69","Shared","ad-auth","universal","inside","WORKSTATIONS-FLOOR1","any","any","ad","DOMAIN-CONTROLLERS-G","any","kerberos","application-default","Allow","none","","any"
"3431","STD_AD_TO_POS_3647","Shared","standard","universal","ad","APP-SRV-01","any","any","pos","WEB-SRV-01","any","dns","application-default","Allow","none","","any"
"3432","STD_OUTSIDE_TO_IOT_130","Shared","app-team","universal","outside","any","any","any","iot","APP-SRV-02","any","ntp","application-default","Allow","strict","","any"
"3433","STD_MGMT_TO_SERVER_3974","Shared","none","universal","mgmt","WORKSTATIONS-FLOOR2","any","any","server","DB-SRV-01","any","web-browsing","application-default","Allow","strict","","any"
"3434","SCOPED_PARTNER_TO_API-GATEWAY-01_77","Shared","partner-integration","universal","outside","PARTNER-VENDOR-A","any","any","dmz","API-GATEWAY-01","any","ssl","application-default","Allow","strict","","any"
"3435","STD_INSIDE_TO_AD_3195","Shared","standard","universal","inside","IOT-GATEWAY-01","any","any","ad","DB-SRV-01","any","ssl","application-default","Allow","strict","","any"
"3436","STD_AD_TO_SERVER_689","Shared","none","universal","ad","VOIP-PBX-01","any","any","server","IOT-GATEWAY-01","any","voip-generic","application-default","Allow","strict","","any"
"3437","SCOPED_NO_PROFILE_21","Shared","partner-integration","universal","outside","PARTNER-VENDOR-A","any","any","dmz","WEB-SRV-01","any","ssl","application-default","Allow","none","","any"
"3438","STD_VOIP_TO_SERVER_3655","Shared","app-team","universal","voip","WEB-SRV-01","any","any","server","FILE-SRV-01","any","ssl","application-default","Allow","strict","","any"
"3439","STD_OUTSIDE_TO_INSIDE_455","Shared","app-team","universal","outside","any","any","any","inside","API-GATEWAY-01","any","dns","application-default","Allow","strict","","any"
"3440","STD_SERVER_TO_DMZ_2736","Shared","standard","universal","server","DB-SRV-01","any","any","dmz","MGMT-JUMPBOX-01","any","dns","application-default","Allow","none","","any"
"3441","STD_IOT_TO_MGMT_3255","Shared","standard","universal","iot","MGMT-JUMPBOX-01","any","any","mgmt","WEB-SRV-01","any","mqtt","application-default","Allow","none","","any"
"3442","RISKY_OUTSIDE_TO_APP-SRV-02_18","Shared","remote-access","universal","outside","any","any","any","inside","APP-SRV-02","any","teamviewer","application-default","Allow","none","","any"
"3443","STD_INSIDE_TO_SERVER_33","Shared","none","universal","inside","WORKSTATIONS-FLOOR2","any","any","server","APP-SRV-02","any","voip-generic","application-default","Allow","strict","","any"
"3444","STD_OUTSIDE_TO_INSIDE_350","Shared","none","universal","outside","any","any","any","inside","WEB-SRV-01","any","sip","application-default","Allow","strict","","any"
"3445","POS_TO_DC_9","Shared","ad-auth","universal","pos","any","any","any","ad","DOMAIN-CONTROLLERS-G","any","kerberos","application-default","Allow","none","","any"
"3446","STD_POS_TO_MGMT_2026","Shared","app-team","universal","pos","DC-01","any","any","mgmt","DC-01","any","web-browsing","application-default","Allow","none","","any"
"3447","STD_SERVER_TO_POS_1241","Shared","app-team","universal","server","APP-SRV-01","any","any","pos","DC-01","any","mqtt","application-default","Allow","strict","","any"
"3448","STD_OUTSIDE_TO_MGMT_45","Shared","none","universal","outside","any","any","any","mgmt","WORKSTATIONS-FLOOR2","any","dns","application-default","Allow","strict","","any"
"3449","STD_INSIDE_TO_VOIP_3168","Shared","app-team","universal","inside","API-GATEWAY-01","any","any","voip","DC-01","any","voip-generic","application-default","Allow","strict","","any"
"3450","STD_MGMT_TO_OUTSIDE_194","Shared","app-team","universal","mgmt","APP-SRV-02","any","any","outside","1.1.1.1/32","any","snmp-base","application-default","Allow","strict","","any"
"3451","STD_INSIDE_TO_AD_2031","Shared","none","universal","inside","WEB-SRV-02","any","any","ad","APP-SRV-01","any","ssl","application-default","Allow","none","","any"
"3452","STD_VOIP_TO_OUTSIDE_3434","Shared","standard","universal","voip","API-GATEWAY-01","any","any","outside","8.8.8.8/32","any","ntp","application-default","Allow","strict","","any"
"3453","STD_OUTSIDE_TO_SERVER_1828","Shared","standard","universal","outside","any","any","any","server","WEB-SRV-02","any","voip-generic","application-default","Allow","strict","","any"
"3454","NEGATED_RFC1918_5","Shared","none","universal","server","[Negate]  10.0.0.0-10.255.255.255;[Negate]  172.16.0.0-172.31.255.255;[Negate]  192.168.0.0-192.168.255.255","any","any","outside","any","any","web-browsing","application-default","Allow","strict","","any"
"3455","STD_AD_TO_DMZ_904","Shared","app-team","universal","ad","WORKSTATIONS-FLOOR2","any","any","dmz","IOT-GATEWAY-01","any","ssl","application-default","Allow","strict","","any"
"3456","STD_SERVER_TO_OUTSIDE_1784","Shared","none","universal","server","VOIP-PBX-01","any","any","outside","9.9.9.9/32","any","snmp-base","application-default","Allow","strict","","any"
"3457","STD_POS_TO_OUTSIDE_3424","Shared","app-team","universal","pos","DB-SRV-01","any","any","outside","9.9.9.9/32","any","mqtt","application-default","Allow","strict","","any"
"3458","STD_POS_TO_VOIP_77","Shared","standard","universal","pos","FILE-SRV-01","any","any","voip","DC-01","any","web-browsing","application-default","Allow","strict","","any"
"3459","STD_INSIDE_TO_IOT_2497","Shared","none","universal","inside","DB-SRV-01","any","any","iot","WORKSTATIONS-FLOOR1","any","sip","application-default","Allow","none","","any"
"3460","SCOPED_INTERNAL_IOT_TO_POS_23","Shared","standard","universal","iot","MGMT-JUMPBOX-01","any","any","pos","FILE-SRV-01","any","web-browsing","application-default","Allow","strict","","any"
"3461","STD_AD_TO_VOIP_38","Shared","app-team","universal","ad","APP-SRV-02","any","any","voip","MGMT-JUMPBOX-01","any","ssl","application-default","Allow","strict","","any"
"3462","DUPLICATE_NAME_TEST","Shared","none","universal","outside","any","any","any","dmz","WEB-SRV-01","any","ssl","application-default","Allow","strict","","any"
"3463","BROAD_INTERNAL_IOT_TO_POS_76","Shared","internal","universal","iot","any","any","any","pos","any","any","any","any","Allow","none","","any"
"3464","STD_DMZ_TO_SERVER_3717","Shared","standard","universal","dmz","WORKSTATIONS-FLOOR2","any","any","server","APP-SRV-01","any","snmp-base","application-default","Allow","strict","","any"
"3465","STD_DMZ_TO_OUTSIDE_2063","Shared","none","universal","dmz","DB-SRV-01","any","any","outside","8.8.8.8/32","any","ntp","application-default","Allow","strict","","any"
"3466","STD_MGMT_TO_IOT_181","Shared","none","universal","mgmt","DB-SRV-01","any","any","iot","WORKSTATIONS-FLOOR2","any","snmp-base","application-default","Allow","strict","","any"
"3467","STD_DMZ_TO_OUTSIDE_2727","Shared","none","universal","dmz","WORKSTATIONS-FLOOR2","any","any","outside","9.9.9.9/32","any","snmp-base","application-default","Allow","none","","any"
"3468","STD_MGMT_TO_POS_1091","Shared","app-team","universal","mgmt","DC-01","any","any","pos","IOT-GATEWAY-01","any","ntp","application-default","Allow","none","","any"
"3469","LEGACY_PORT_65","Shared","legacy-port","universal","inside","any","any","any","ad","BACKUP-SRV-01","any","any","tcp-1433","Allow","none","","any"
"3470","STD_POS_TO_IOT_1801","Shared","none","universal","pos","IOT-GATEWAY-01","any","any","iot","DC-01","any","sip","application-default","Allow","strict","","any"
"3471","STD_INSIDE_TO_IOT_628","Shared","standard","universal","inside","APP-SRV-02","any","any","iot","IOT-GATEWAY-01","any","web-browsing","application-default","Allow","none","","any"
"3472","SCOPED_PARTNER_TO_WEB-SRV-01_5","Shared","partner-integration","universal","outside","PARTNER-VENDOR-B","any","any","dmz","WEB-SRV-01","any","ssl","application-default","Allow","strict","","any"
"3473","STD_IOT_TO_VOIP_1000","Shared","none","universal","iot","API-GATEWAY-01","any","any","voip","DC-01","any","web-browsing","application-default","Allow","strict","","any"
"3474","STD_SERVER_TO_DMZ_314","Shared","app-team","universal","server","VOIP-PBX-01","any","any","dmz","IOT-GATEWAY-01","any","voip-generic","application-default","Allow","strict","","any"
"3475","STD_OUTSIDE_TO_INSIDE_2587","Shared","standard","universal","outside","any","any","any","inside","VOIP-PBX-01","any","ssl","application-default","Allow","strict","","any"
"3476","STD_MGMT_TO_INSIDE_3294","Shared","none","universal","mgmt","APP-SRV-01","any","any","inside","IOT-GATEWAY-01","any","voip-generic","application-default","Allow","strict","","any"
"3477","RISKY_OUTSIDE_TO_FILE-SRV-01_112","Shared","remote-access","universal","outside","any","any","any","server","FILE-SRV-01","any","ms-ds-smb","application-default","Allow","none","","any"
"3478","STD_SERVER_TO_IOT_2793","Shared","none","universal","server","VOIP-PBX-01","any","any","iot","FILE-SRV-01","any","sip","application-default","Allow","none","","any"
"3479","RISKY_OUTSIDE_TO_APP-SRV-01_75","Shared","remote-access","universal","outside","any","any","any","iot","APP-SRV-01","any","ms-rdp","application-default","Allow","none","","any"
"3480","STD_DMZ_TO_POS_2856","Shared","app-team","universal","dmz","FILE-SRV-01","any","any","pos","WEB-SRV-02","any","web-browsing","application-default","Allow","strict","","any"
"3481","STD_VOIP_TO_MGMT_3735","Shared","none","universal","voip","FILE-SRV-01","any","any","mgmt","WEB-SRV-01","any","sip","application-default","Allow","strict","","any"
"3482","STD_SERVER_TO_OUTSIDE_3418","Shared","none","universal","server","API-GATEWAY-01","any","any","outside","9.9.9.9/32","any","mqtt","application-default","Allow","none","","any"
"3483","STD_SERVER_TO_INSIDE_2584","Shared","none","universal","server","WORKSTATIONS-FLOOR1","any","any","inside","FILE-SRV-01","any","web-browsing","application-default","Allow","none","","any"
"3484","STD_IOT_TO_VOIP_256","Shared","standard","universal","iot","DC-01","any","any","voip","APP-SRV-02","any","web-browsing","application-default","Allow","none","","any"
"3485","BROAD_INTERNAL_VOIP_TO_IOT_19","Shared","internal","universal","voip","any","any","any","iot","any","any","any","any","Allow","none","","any"
"3486","STD_MGMT_TO_DMZ_1353","Shared","none","universal","mgmt","APP-SRV-02","any","any","dmz","WEB-SRV-02","any","web-browsing","application-default","Allow","strict","","any"
"3487","STD_POS_TO_AD_2008","Shared","standard","universal","pos","FILE-SRV-01","any","any","ad","API-GATEWAY-01","any","ping","application-default","Allow","strict","","any"
"3488","STD_IOT_TO_AD_30","Shared","app-team","universal","iot","API-GATEWAY-01","any","any","ad","APP-SRV-01","any","voip-generic","application-default","Allow","strict","","any"
"3489","SCOPED_INTERNAL_MGMT_TO_VOIP_96","Shared","standard","universal","mgmt","APP-SRV-01","any","any","voip","DB-SRV-01","any","snmp-base","application-default","Allow","strict","","any"
"3490","STD_SERVER_TO_IOT_2414","Shared","standard","universal","server","IOT-GATEWAY-01","any","any","iot","WEB-SRV-02","any","web-browsing","application-default","Allow","none","","any"
"3491","STD_VOIP_TO_SERVER_1037","Shared","app-team","universal","voip","API-GATEWAY-01","any","any","server","APP-SRV-01","any","web-browsing","application-default","Allow","none","","any"
"3492","STD_AD_TO_OUTSIDE_3372","Shared","app-team","universal","ad","APP-SRV-02","any","any","outside","1.1.1.1/32","any","mqtt","application-default","Allow","strict","","any"
"3493","OPEN_OUTSIDE_TO_WEB-SERVERS-G_34","Shared","legacy-open","universal","outside","any","any","any","pos","WEB-SERVERS-G","any","ssh","any","Allow","none","","any"
"3494","STD_MGMT_TO_SERVER_3914","Shared","standard","universal","mgmt","VOIP-PBX-01","any","any","server","IOT-GATEWAY-01","any","smtp","application-default","Allow","strict","","any"
"3495","STD_OUTSIDE_TO_DMZ_2463","Shared","none","universal","outside","any","any","any","dmz","IOT-GATEWAY-01","any","ssl","application-default","Allow","strict","","any"
"3496","STD_MGMT_TO_OUTSIDE_3006","Shared","standard","universal","mgmt","WORKSTATIONS-FLOOR2","any","any","outside","8.8.8.8/32","any","sip","application-default","Allow","none","","any"
"3497","STD_SERVER_TO_INSIDE_3487","Shared","none","universal","server","WEB-SRV-01","any","any","inside","WEB-SRV-01","any","sip","application-default","Allow","none","","any"
"3498","STD_SERVER_TO_DMZ_209","Shared","app-team","universal","server","WEB-SRV-01","any","any","dmz","VOIP-PBX-01","any","ntp","application-default","Allow","strict","","any"
"3499","STD_VOIP_TO_INSIDE_941","Shared","standard","universal","voip","VOIP-PBX-01","any","any","inside","API-GATEWAY-01","any","snmp-base","application-default","Allow","none","","any"
"3500","STD_DMZ_TO_VOIP_1086","Shared","app-team","universal","dmz","WORKSTATIONS-FLOOR2","any","any","voip","DC-01","any","mqtt","application-default","Allow","strict","","any"
"3501","STD_AD_TO_INSIDE_744","Shared","none","universal","ad","WEB-SRV-01","any","any","inside","APP-SRV-02","any","web-browsing","application-default","Allow","strict","","any"
"3502","STD_IOT_TO_DMZ_2738","Shared","none","universal","iot","IOT-GATEWAY-01","any","any","dmz","DB-SRV-01","any","ssl","application-default","Allow","none","","any"
"3503","STD_INSIDE_TO_IOT_66","Shared","app-team","universal","inside","WORKSTATIONS-FLOOR2","any","any","iot","MGMT-JUMPBOX-01","any","mqtt","application-default","Allow","none","","any"
"3504","POS_TO_DC_23","Shared","ad-auth","universal","pos","any","any","any","ad","DOMAIN-CONTROLLERS-G","any","kerberos","application-default","Allow","none","","any"
"3505","STD_OUTSIDE_TO_SERVER_1518","Shared","none","universal","outside","any","any","any","server","MGMT-JUMPBOX-01","any","mqtt","application-default","Allow","strict","","any"
"3506","STD_DMZ_TO_INSIDE_2458","Shared","standard","universal","dmz","WORKSTATIONS-FLOOR2","any","any","inside","WORKSTATIONS-FLOOR1","any","ssl","application-default","Allow","strict","","any"
"3507","STD_SERVER_TO_INSIDE_1869","Shared","app-team","universal","server","API-GATEWAY-01","any","any","inside","DC-01","any","ssl","application-default","Allow","strict","","any"
"3508","STD_SERVER_TO_VOIP_2559","Shared","app-team","universal","server","VOIP-PBX-01","any","any","voip","FILE-SRV-01","any","ntp","application-default","Allow","strict","","any"
"3509","SCOPED_PARTNER_TO_WEB-SRV-01_59","Shared","partner-integration","universal","outside","PARTNER-VENDOR-A","any","any","dmz","WEB-SRV-01","any","ssl","application-default","Allow","strict","","any"
"3510","STD_SERVER_TO_OUTSIDE_2993","Shared","standard","universal","server","API-GATEWAY-01","any","any","outside","9.9.9.9/32","any","ping","application-default","Allow","strict","","any"
"3511","STD_MGMT_TO_SERVER_662","Shared","app-team","universal","mgmt","WORKSTATIONS-FLOOR1","any","any","server","DB-SRV-01","any","web-browsing","application-default","Allow","strict","","any"
"3512","STD_IOT_TO_DMZ_1296","Shared","none","universal","iot","MGMT-JUMPBOX-01","any","any","dmz","WORKSTATIONS-FLOOR2","any","ntp","application-default","Allow","strict","","any"
"3513","STD_SERVER_TO_MGMT_1419","Shared","standard","universal","server","WORKSTATIONS-FLOOR2","any","any","mgmt","MGMT-JUMPBOX-01","any","mqtt","application-default","Allow","strict","","any"
"3514","STD_DMZ_TO_IOT_3576","Shared","none","universal","dmz","VOIP-PBX-01","any","any","iot","API-GATEWAY-01","any","sip","application-default","Allow","strict","","any"
"3515","LEGACY_PORT_54","Shared","legacy-port","universal","inside","any","any","any","server","FILE-SRV-01","any","any","tcp-1433","Allow","none","","any"
"3516","STD_OUTSIDE_TO_POS_3350","Shared","app-team","universal","outside","any","any","any","pos","VOIP-PBX-01","any","voip-generic","application-default","Allow","none","","any"
"3517","OUTBOUND_SCOPED_4","Shared","outbound-standard","universal","mgmt","WORKSTATIONS-FLOOR1","any","any","outside","CLOUD-BACKUP-PROVIDER","any","dns","application-default","Allow","strict","","any"
"3518","STD_VOIP_TO_POS_218","Shared","standard","universal","voip","WEB-SRV-01","any","any","pos","APP-SRV-01","any","ping","application-default","Allow","none","","any"
"3519","SCOPED_INTERNAL_DMZ_TO_POS_57","Shared","standard","universal","dmz","WORKSTATIONS-FLOOR1","any","any","pos","DB-SRV-01","any","dns","application-default","Allow","strict","","any"
"3520","STD_OUTSIDE_TO_IOT_1846","Shared","app-team","universal","outside","any","any","any","iot","VOIP-PBX-01","any","web-browsing","application-default","Allow","strict","","any"
"3521","RISKY_OUTSIDE_TO_FILE-SRV-01_55","Shared","remote-access","universal","outside","any","any","any","iot","FILE-SRV-01","any","postgres","application-default","Allow","none","","any"
"3522","STD_VOIP_TO_SERVER_770","Shared","none","universal","voip","API-GATEWAY-01","any","any","server","WORKSTATIONS-FLOOR2","any","ntp","application-default","Allow","strict","","any"
"3523","STD_SERVER_TO_DMZ_2965","Shared","app-team","universal","server","WORKSTATIONS-FLOOR2","any","any","dmz","APP-SRV-02","any","ping","application-default","Allow","strict","","any"
"3524","STD_POS_TO_SERVER_3971","Shared","standard","universal","pos","DC-01","any","any","server","DC-01","any","mqtt","application-default","Allow","strict","","any"
"3525","STD_DMZ_TO_SERVER_2345","Shared","app-team","universal","dmz","IOT-GATEWAY-01","any","any","server","DB-SRV-01","any","sip","application-default","Allow","none","","any"
"3526","STD_POS_TO_SERVER_1753","Shared","app-team","universal","pos","WORKSTATIONS-FLOOR1","any","any","server","WEB-SRV-02","any","smtp","application-default","Allow","none","","any"
"3527","STD_INSIDE_TO_VOIP_1382","Shared","none","universal","inside","FILE-SRV-01","any","any","voip","VOIP-PBX-01","any","mqtt","application-default","Allow","strict","","any"
"3528","STD_OUTSIDE_TO_MGMT_109","Shared","none","universal","outside","any","any","any","mgmt","DB-SRV-01","any","mqtt","application-default","Allow","none","","any"
"3529","STD_OUTSIDE_TO_VOIP_51","Shared","none","universal","outside","any","any","any","voip","DC-01","any","ping","application-default","Allow","strict","","any"
"3530","REMOTE_ACCESS_27","Shared","remote-support","universal","outside","any","any","any","ad","FILE-SRV-01","any","splashtop","application-default","Allow","none","","any"
"3531","STD_IOT_TO_SERVER_855","Shared","none","universal","iot","DC-01","any","any","server","FILE-SRV-01","any","web-browsing","application-default","Allow","none","","any"
"3532","STD_INSIDE_TO_SERVER_2667","Shared","none","universal","inside","DB-SRV-01","any","any","server","APP-SRV-02","any","snmp-base","application-default","Allow","none","","any"
"3533","STD_DMZ_TO_POS_1082","Shared","standard","universal","dmz","WEB-SRV-02","any","any","pos","API-GATEWAY-01","any","ping","application-default","Allow","strict","","any"
"3534","REMOTE_ACCESS_4","Shared","remote-support","universal","outside","any","any","any","ad","APP-SRV-01","any","splashtop","application-default","Allow","none","","any"
"3535","STD_INSIDE_TO_SERVER_2970","Shared","standard","universal","inside","DB-SRV-01","any","any","server","APP-SRV-02","any","dns","application-default","Allow","strict","","any"
"3536","STD_POS_TO_MGMT_1480","Shared","app-team","universal","pos","WORKSTATIONS-FLOOR2","any","any","mgmt","WEB-SRV-02","any","snmp-base","application-default","Allow","none","","any"
"3537","STD_INSIDE_TO_AD_2718","Shared","app-team","universal","inside","DB-SRV-01","any","any","ad","WEB-SRV-02","any","ping","application-default","Allow","strict","","any"
"3538","STD_MGMT_TO_VOIP_3038","Shared","app-team","universal","mgmt","WORKSTATIONS-FLOOR1","any","any","voip","API-GATEWAY-01","any","snmp-base","application-default","Allow","none","","any"
"3539","STD_DMZ_TO_IOT_3864","Shared","app-team","universal","dmz","VOIP-PBX-01","any","any","iot","WORKSTATIONS-FLOOR2","any","dns","application-default","Allow","none","","any"
"3540","STD_MGMT_TO_DMZ_949","Shared","standard","universal","mgmt","WEB-SRV-02","any","any","dmz","IOT-GATEWAY-01","any","voip-generic","application-default","Allow","strict","","any"
"3541","STD_VOIP_TO_IOT_2487","Shared","app-team","universal","voip","IOT-GATEWAY-01","any","any","iot","APP-SRV-02","any","smtp","application-default","Allow","strict","","any"
"3542","STD_AD_TO_OUTSIDE_2721","Shared","standard","universal","ad","WORKSTATIONS-FLOOR2","any","any","outside","8.8.8.8/32","any","ping","application-default","Allow","none","","any"
"3543","STD_MGMT_TO_OUTSIDE_367","Shared","app-team","universal","mgmt","DC-01","any","any","outside","8.8.8.8/32","any","mqtt","application-default","Allow","strict","","any"
"3544","STD_OUTSIDE_TO_DMZ_2182","Shared","standard","universal","outside","any","any","any","dmz","WEB-SRV-01","any","dns","application-default","Allow","none","","any"
"3545","STD_AD_TO_POS_1949","Shared","none","universal","ad","IOT-GATEWAY-01","any","any","pos","IOT-GATEWAY-01","any","smtp","application-default","Allow","strict","","any"
"3546","STD_POS_TO_IOT_3620","Shared","app-team","universal","pos","IOT-GATEWAY-01","any","any","iot","API-GATEWAY-01","any","web-browsing","application-default","Allow","strict","","any"
"3547","STD_MGMT_TO_IOT_2125","Shared","none","universal","mgmt","WORKSTATIONS-FLOOR1","any","any","iot","APP-SRV-02","any","snmp-base","application-default","Allow","strict","","any"
"3548","STD_INSIDE_TO_IOT_3217","Shared","standard","universal","inside","APP-SRV-02","any","any","iot","APP-SRV-02","any","ping","application-default","Allow","strict","","any"
"3549","STD_OUTSIDE_TO_INSIDE_2845","Shared","standard","universal","outside","any","any","any","inside","WORKSTATIONS-FLOOR2","any","ping","application-default","Allow","none","","any"
"3550","STD_OUTSIDE_TO_IOT_3611","Shared","none","universal","outside","any","any","any","iot","WEB-SRV-01","any","ntp","application-default","Allow","none","","any"
"3551","STD_POS_TO_OUTSIDE_3845","Shared","none","universal","pos","IOT-GATEWAY-01","any","any","outside","1.1.1.1/32","any","snmp-base","application-default","Allow","none","","any"
"3552","TEMP_ACCESS_22","Shared","temp-poc","universal","outside","any","any","any","pos","any","any","any","any","Allow","none","","any"
"3553","STD_VOIP_TO_AD_406","Shared","none","universal","voip","MGMT-JUMPBOX-01","any","any","ad","APP-SRV-02","any","ssl","application-default","Allow","strict","","any"
"3554","STD_IOT_TO_MGMT_3674","Shared","app-team","universal","iot","WORKSTATIONS-FLOOR2","any","any","mgmt","DC-01","any","ntp","application-default","Allow","strict","","any"
"3555","STD_DMZ_TO_IOT_2035","Shared","app-team","universal","dmz","APP-SRV-01","any","any","iot","API-GATEWAY-01","any","voip-generic","application-default","Allow","strict","","any"
"3556","OPEN_OUTSIDE_TO_APP-SERVERS-G_100","Shared","none","universal","outside","any","any","any","dmz","APP-SERVERS-G","any","telnet","any","Allow","none","","any"
"3557","STD_SERVER_TO_VOIP_467","Shared","none","universal","server","APP-SRV-01","any","any","voip","API-GATEWAY-01","any","web-browsing","application-default","Allow","none","","any"
"3558","STD_POS_TO_VOIP_3126","Shared","app-team","universal","pos","DC-01","any","any","voip","WORKSTATIONS-FLOOR2","any","web-browsing","application-default","Allow","strict","","any"
"3559","STD_IOT_TO_POS_208","Shared","app-team","universal","iot","APP-SRV-02","any","any","pos","API-GATEWAY-01","any","mqtt","application-default","Allow","none","","any"
"3560","STD_INSIDE_TO_IOT_1879","Shared","none","universal","inside","WORKSTATIONS-FLOOR2","any","any","iot","APP-SRV-02","any","sip","application-default","Allow","strict","","any"
"3561","STD_POS_TO_DMZ_2931","Shared","standard","universal","pos","WEB-SRV-01","any","any","dmz","VOIP-PBX-01","any","mqtt","application-default","Allow","strict","","any"
"3562","OPEN_OUTSIDE_TO_APP-SERVERS-G_61","Shared","legacy-open","universal","outside","any","any","any","mgmt","APP-SERVERS-G","any","ssh","any","Allow","none","","any"
"3563","BROAD_INTERNAL_INSIDE_TO_IOT_48","Shared","internal","universal","inside","any","any","any","iot","any","any","any","any","Allow","none","","any"
"3564","STD_AD_TO_VOIP_182","Shared","none","universal","ad","WEB-SRV-01","any","any","voip","MGMT-JUMPBOX-01","any","ssl","application-default","Allow","strict","","any"
"3565","STD_IOT_TO_MGMT_13","Shared","standard","universal","iot","FILE-SRV-01","any","any","mgmt","DB-SRV-01","any","dns","application-default","Allow","none","","any"
"3566","OUTBOUND_SCOPED_53","Shared","outbound-standard","universal","inside","WORKSTATIONS-FLOOR1","any","any","outside","CLOUD-BACKUP-PROVIDER","any","sip","application-default","Allow","strict","","any"
"3567","LEGACY_PORT_55","Shared","legacy-port","universal","outside","any","any","any","ad","DC-02","any","any","tcp-23","Allow","none","","any"
"3568","STD_POS_TO_SERVER_3764","Shared","app-team","universal","pos","APP-SRV-02","any","any","server","WEB-SRV-01","any","voip-generic","application-default","Allow","none","","any"
"3569","STD_OUTSIDE_TO_AD_990","Shared","standard","universal","outside","any","any","any","ad","WORKSTATIONS-FLOOR2","any","sip","application-default","Allow","strict","","any"
"3570","OPEN_OUTSIDE_TO_APP-SERVERS-G_17","Shared","none","universal","outside","any","any","any","mgmt","APP-SERVERS-G","any","splashtop","any","Allow","none","","any"
"3571","STD_VOIP_TO_AD_2902","Shared","standard","universal","voip","WORKSTATIONS-FLOOR2","any","any","ad","API-GATEWAY-01","any","voip-generic","application-default","Allow","strict","","any"
"3572","STD_VOIP_TO_POS_1430","Shared","standard","universal","voip","WORKSTATIONS-FLOOR2","any","any","pos","VOIP-PBX-01","any","mqtt","application-default","Allow","none","","any"
"3573","STD_OUTSIDE_TO_MGMT_3314","Shared","app-team","universal","outside","any","any","any","mgmt","WEB-SRV-02","any","snmp-base","application-default","Allow","strict","","any"
"3574","STD_POS_TO_DMZ_118","Shared","none","universal","pos","IOT-GATEWAY-01","any","any","dmz","API-GATEWAY-01","any","ntp","application-default","Allow","strict","","any"
"3575","STD_POS_TO_SERVER_3704","Shared","app-team","universal","pos","APP-SRV-02","any","any","server","APP-SRV-01","any","smtp","application-default","Allow","strict","","any"
"3576","VOIP_TO_DC_47","Shared","ad-auth","universal","voip","any","any","any","ad","DOMAIN-CONTROLLERS-G","any","kerberos","application-default","Allow","none","","any"
"3577","STD_POS_TO_SERVER_3186","Shared","standard","universal","pos","DC-01","any","any","server","FILE-SRV-01","any","ping","application-default","Allow","strict","","any"
"3578","IOT_TO_DC_41","Shared","ad-auth","universal","iot","any","any","any","ad","DOMAIN-CONTROLLERS-G","any","kerberos","application-default","Allow","none","","any"
"3579","STD_MGMT_TO_IOT_169","Shared","none","universal","mgmt","WORKSTATIONS-FLOOR2","any","any","iot","APP-SRV-01","any","ssl","application-default","Allow","strict","","any"
"3580","STD_POS_TO_DMZ_1323","Shared","standard","universal","pos","IOT-GATEWAY-01","any","any","dmz","MGMT-JUMPBOX-01","any","mqtt","application-default","Allow","none","","any"
"3581","STD_MGMT_TO_OUTSIDE_3396","Shared","none","universal","mgmt","API-GATEWAY-01","any","any","outside","8.8.8.8/32","any","ntp","application-default","Allow","strict","","any"
"3582","OUTBOUND_OPEN_23","Shared","legacy-open","universal","mgmt","any","any","any","outside","any","any","any","any","Allow","none","","any"
"3583","STD_INSIDE_TO_OUTSIDE_1572","Shared","none","universal","inside","VOIP-PBX-01","any","any","outside","1.1.1.1/32","any","smtp","application-default","Allow","none","","any"
"3584","STD_MGMT_TO_VOIP_3520","Shared","standard","universal","mgmt","WORKSTATIONS-FLOOR2","any","any","voip","FILE-SRV-01","any","voip-generic","application-default","Allow","strict","","any"
"3585","DNS_OUTBOUND_32","Shared","none","universal","mgmt","WORKSTATIONS-FLOOR1","any","any","outside","9.9.9.9/32","any","dns-over-https","tcp-853","Allow","none","","any"
"3586","OUTBOUND_OPEN_6","Shared","legacy-open","universal","dmz","any","any","any","outside","any","any","any","any","Allow","none","","any"
"3587","STD_IOT_TO_AD_447","Shared","app-team","universal","iot","DC-01","any","any","ad","DC-01","any","mqtt","application-default","Allow","strict","","any"
"3588","STD_DMZ_TO_INSIDE_2104","Shared","none","universal","dmz","APP-SRV-02","any","any","inside","DB-SRV-01","any","web-browsing","application-default","Allow","strict","","any"
"3589","STD_OUTSIDE_TO_DMZ_3654","Shared","app-team","universal","outside","any","any","any","dmz","VOIP-PBX-01","any","sip","application-default","Allow","strict","","any"
"3590","STD_POS_TO_AD_2270","Shared","none","universal","pos","WEB-SRV-01","any","any","ad","MGMT-JUMPBOX-01","any","snmp-base","application-default","Allow","none","","any"
"3591","STD_POS_TO_VOIP_242","Shared","none","universal","pos","WORKSTATIONS-FLOOR2","any","any","voip","WEB-SRV-02","any","ssl","application-default","Allow","strict","","any"
"3592","STD_AD_TO_VOIP_168","Shared","none","universal","ad","WEB-SRV-01","any","any","voip","WEB-SRV-02","any","mqtt","application-default","Allow","strict","","any"
"3593","STD_SERVER_TO_OUTSIDE_2236","Shared","none","universal","server","VOIP-PBX-01","any","any","outside","9.9.9.9/32","any","ntp","application-default","Allow","none","","any"
"3594","OPEN_OUTSIDE_TO_CRITICAL-INFRA-G_32","Shared","legacy-open","universal","outside","any","any","any","mgmt","CRITICAL-INFRA-G","any","vnc","application-default","Allow","none","","any"
"3595","STD_AD_TO_DMZ_1836","Shared","none","universal","ad","FILE-SRV-01","any","any","dmz","WORKSTATIONS-FLOOR1","any","ssl","application-default","Allow","strict","","any"
"3596","STD_VOIP_TO_MGMT_2635","Shared","standard","universal","voip","DB-SRV-01","any","any","mgmt","WEB-SRV-01","any","web-browsing","application-default","Allow","none","","any"
"3597","SCOPED_PARTNER_TO_WEB-SRV-02_15","Shared","partner-integration","universal","outside","PARTNER-VENDOR-B","any","any","dmz","WEB-SRV-02","any","ssl","application-default","Allow","strict","","any"
"3598","STD_OUTSIDE_TO_MGMT_203","Shared","none","universal","outside","any","any","any","mgmt","MGMT-JUMPBOX-01","any","smtp","application-default","Allow","strict","","any"
"3599","LEGACY_PORT_34","Shared","legacy-port","universal","inside","any","any","any","dmz","DC-02","any","any","tcp-3389","Allow","none","","any"
"3600","STD_DMZ_TO_VOIP_215","Shared","none","universal","dmz","API-GATEWAY-01","any","any","voip","WORKSTATIONS-FLOOR1","any","mqtt","application-default","Allow","strict","","any"
"3601","STD_VOIP_TO_SERVER_847","Shared","standard","universal","voip","API-GATEWAY-01","any","any","server","API-GATEWAY-01","any","mqtt","application-default","Allow","strict","","any"
"3602","SCOPED_INTERNAL_IOT_TO_VOIP_10","Shared","standard","universal","iot","WORKSTATIONS-FLOOR1","any","any","voip","APP-SRV-01","any","smtp","application-default","Allow","strict","","any"
"3603","STD_MGMT_TO_AD_3358","Shared","app-team","universal","mgmt","WEB-SRV-01","any","any","ad","WORKSTATIONS-FLOOR1","any","ssl","application-default","Allow","strict","","any"
"3604","STD_DMZ_TO_AD_3387","Shared","app-team","universal","dmz","MGMT-JUMPBOX-01","any","any","ad","VOIP-PBX-01","any","snmp-base","application-default","Allow","strict","","any"
"3605","DNS_OUTBOUND_1","Shared","none","universal","inside","MGMT-JUMPBOX-01","any","any","outside","9.9.9.9/32","any","dns","tcp-853","Allow","strict","","any"
"3606","STD_DMZ_TO_VOIP_1229","Shared","none","universal","dmz","VOIP-PBX-01","any","any","voip","WEB-SRV-02","any","voip-generic","application-default","Allow","strict","","any"
"3607","STD_INSIDE_TO_DMZ_1596","Shared","standard","universal","inside","WORKSTATIONS-FLOOR1","any","any","dmz","APP-SRV-01","any","voip-generic","application-default","Allow","strict","","any"
"3608","STD_INSIDE_TO_AD_3945","Shared","standard","universal","inside","WORKSTATIONS-FLOOR2","any","any","ad","WORKSTATIONS-FLOOR1","any","mqtt","application-default","Allow","strict","","any"
"3609","STD_POS_TO_AD_84","Shared","standard","universal","pos","IOT-GATEWAY-01","any","any","ad","DC-01","any","mqtt","application-default","Allow","none","","any"
"3610","STD_OUTSIDE_TO_IOT_27","Shared","app-team","universal","outside","any","any","any","iot","DB-SRV-01","any","ntp","application-default","Allow","none","","any"
"3611","STD_SERVER_TO_OUTSIDE_1252","Shared","none","universal","server","APP-SRV-01","any","any","outside","9.9.9.9/32","any","ssl","application-default","Allow","strict","","any"
"3612","STD_DMZ_TO_POS_1923","Shared","standard","universal","dmz","WORKSTATIONS-FLOOR1","any","any","pos","API-GATEWAY-01","any","sip","application-default","Allow","strict","","any"
"3613","STD_MGMT_TO_IOT_3421","Shared","none","universal","mgmt","API-GATEWAY-01","any","any","iot","DC-01","any","smtp","application-default","Allow","strict","","any"
"3614","STD_AD_TO_INSIDE_887","Shared","app-team","universal","ad","DB-SRV-01","any","any","inside","WORKSTATIONS-FLOOR1","any","voip-generic","application-default","Allow","strict","","any"
"3615","OPEN_OUTSIDE_TO_CRITICAL-INFRA-G_135","Shared","legacy-open","universal","outside","any","any","any","dmz","CRITICAL-INFRA-G","any","ldap","any","Allow","none","","any"
"3616","STD_INSIDE_TO_IOT_563","Shared","standard","universal","inside","WORKSTATIONS-FLOOR2","any","any","iot","DB-SRV-01","any","ntp","application-default","Allow","strict","","any"
"3617","RISKY_OUTSIDE_TO_APP-SRV-02_90","Shared","remote-access","universal","outside","any","any","any","inside","APP-SRV-02","any","teamviewer","application-default","Allow","none","","any"
"3618","STD_POS_TO_OUTSIDE_16","Shared","standard","universal","pos","IOT-GATEWAY-01","any","any","outside","1.1.1.1/32","any","ssl","application-default","Allow","strict","","any"
"3619","TEMP_ACCESS_5","Shared","test-access","universal","outside","any","any","any","voip","any","any","any","any","Allow","none","","any"
"3620","STD_VOIP_TO_POS_1288","Shared","none","universal","voip","DC-01","any","any","pos","WORKSTATIONS-FLOOR2","any","dns","application-default","Allow","none","","any"
"3621","STD_MGMT_TO_POS_3461","Shared","app-team","universal","mgmt","FILE-SRV-01","any","any","pos","VOIP-PBX-01","any","voip-generic","application-default","Allow","none","","any"
"3622","OUTBOUND_SCOPED_12","Shared","outbound-standard","universal","server","APP-SRV-01","any","any","outside","185.115.113.123/32","any","voip-generic","application-default","Allow","strict","","any"
"3623","STD_POS_TO_IOT_1513","Shared","app-team","universal","pos","VOIP-PBX-01","any","any","iot","API-GATEWAY-01","any","dns","application-default","Allow","none","","any"
"3624","STD_IOT_TO_AD_3382","Shared","standard","universal","iot","APP-SRV-02","any","any","ad","DB-SRV-01","any","dns","application-default","Allow","none","","any"
"3625","SCOPED_PARTNER_TO_API-GATEWAY-01_52","Shared","partner-integration","universal","outside","THIRD-PARTY-PAYMENT-GW","any","any","dmz","API-GATEWAY-01","any","ssl","application-default","Allow","strict","","any"
"3626","STD_DMZ_TO_MGMT_832","Shared","standard","universal","dmz","WORKSTATIONS-FLOOR1","any","any","mgmt","WORKSTATIONS-FLOOR1","any","mqtt","application-default","Allow","strict","","any"
"3627","STD_OUTSIDE_TO_IOT_23","Shared","app-team","universal","outside","any","any","any","iot","WORKSTATIONS-FLOOR2","any","ntp","application-default","Allow","strict","","any"
"3628","STD_IOT_TO_MGMT_1837","Shared","none","universal","iot","APP-SRV-01","any","any","mgmt","WORKSTATIONS-FLOOR1","any","sip","application-default","Allow","strict","","any"
"3629","OUTBOUND_SCOPED_30","Shared","outbound-standard","universal","inside","APP-SRV-01","any","any","outside","VPN-CLIENT-RANGE","any","sip","application-default","Allow","strict","","any"
"3630","STD_SERVER_TO_AD_3910","Shared","none","universal","server","FILE-SRV-01","any","any","ad","MGMT-JUMPBOX-01","any","sip","application-default","Allow","strict","","any"
"3631","STD_VOIP_TO_IOT_1177","Shared","standard","universal","voip","APP-SRV-02","any","any","iot","WORKSTATIONS-FLOOR1","any","ssl","application-default","Allow","strict","","any"
"3632","RISKY_OUTSIDE_TO_APP-SRV-01_56","Shared","remote-access","universal","outside","any","any","any","mgmt","APP-SRV-01","any","kerberos","application-default","Allow","none","","any"
"3633","STD_VOIP_TO_SERVER_441","Shared","none","universal","voip","WORKSTATIONS-FLOOR2","any","any","server","MGMT-JUMPBOX-01","any","smtp","application-default","Allow","strict","","any"
"3634","STD_INSIDE_TO_VOIP_926","Shared","standard","universal","inside","VOIP-PBX-01","any","any","voip","WEB-SRV-02","any","voip-generic","application-default","Allow","strict","","any"
"3635","CORP_TO_POS_23","Shared","admin-access","universal","inside","any","any","any","pos","any","any","any","application-default","Allow","none","","any"
"3636","STD_INSIDE_TO_POS_3929","Shared","standard","universal","inside","API-GATEWAY-01","any","any","pos","WORKSTATIONS-FLOOR2","any","voip-generic","application-default","Allow","strict","","any"
"3637","STD_MGMT_TO_VOIP_2688","Shared","app-team","universal","mgmt","FILE-SRV-01","any","any","voip","APP-SRV-02","any","web-browsing","application-default","Allow","strict","","any"
"3638","OPEN_OUTSIDE_TO_MGMT-HOSTS-G_29","Shared","none","universal","outside","any","any","any","mgmt","MGMT-HOSTS-G","any","postgres","application-default","Allow","none","","any"
"3639","OUTBOUND_SCOPED_47","Shared","outbound-standard","universal","mgmt","WORKSTATIONS-FLOOR1","any","any","outside","88.162.96.140/32","any","ping","application-default","Allow","strict","","any"
"3640","OUTBOUND_SCOPED_52","Shared","outbound-standard","universal","server","MGMT-JUMPBOX-01","any","any","outside","CLOUD-BACKUP-PROVIDER","any","sip","application-default","Allow","strict","","any"
"3641","OPEN_OUTSIDE_TO_MGMT-HOSTS-G_10","Shared","none","universal","outside","any","any","any","dmz","MGMT-HOSTS-G","any","splashtop","any","Allow","none","","any"
"3642","STD_SERVER_TO_INSIDE_530","Shared","standard","universal","server","FILE-SRV-01","any","any","inside","APP-SRV-02","any","snmp-base","application-default","Allow","strict","","any"
"3643","OPEN_OUTSIDE_TO_CRITICAL-INFRA-G_75","Shared","legacy-open","universal","outside","any","any","any","pos","CRITICAL-INFRA-G","any","ms-ds-smb","application-default","Allow","none","","any"
"3644","STD_INSIDE_TO_OUTSIDE_3008","Shared","none","universal","inside","DB-SRV-01","any","any","outside","1.1.1.1/32","any","web-browsing","application-default","Allow","strict","","any"
"3645","STD_MGMT_TO_OUTSIDE_2817","Shared","app-team","universal","mgmt","APP-SRV-02","any","any","outside","9.9.9.9/32","any","ntp","application-default","Allow","strict","","any"
"3646","SCOPED_INTERNAL_IOT_TO_MGMT_59","Shared","standard","universal","iot","APP-SRV-01","any","any","mgmt","DB-SRV-01","any","smtp","application-default","Allow","strict","","any"
"3647","STD_AD_TO_IOT_3010","Shared","app-team","universal","ad","WEB-SRV-02","any","any","iot","WEB-SRV-02","any","voip-generic","application-default","Allow","strict","","any"
"3648","STD_SERVER_TO_OUTSIDE_1939","Shared","app-team","universal","server","APP-SRV-02","any","any","outside","8.8.8.8/32","any","ping","application-default","Allow","strict","","any"
"3649","STD_OUTSIDE_TO_INSIDE_1696","Shared","app-team","universal","outside","any","any","any","inside","API-GATEWAY-01","any","sip","application-default","Allow","none","","any"
"3650","STD_MGMT_TO_IOT_254","Shared","standard","universal","mgmt","IOT-GATEWAY-01","any","any","iot","DB-SRV-01","any","ping","application-default","Allow","strict","","any"
"3651","STD_VOIP_TO_IOT_3285","Shared","app-team","universal","voip","API-GATEWAY-01","any","any","iot","FILE-SRV-01","any","ntp","application-default","Allow","strict","","any"
"3652","STD_POS_TO_DMZ_2303","Shared","standard","universal","pos","APP-SRV-02","any","any","dmz","WEB-SRV-01","any","voip-generic","application-default","Allow","strict","","any"
"3653","STD_AD_TO_SERVER_2899","Shared","app-team","universal","ad","IOT-GATEWAY-01","any","any","server","FILE-SRV-01","any","dns","application-default","Allow","strict","","any"
"3654","STD_POS_TO_SERVER_424","Shared","standard","universal","pos","API-GATEWAY-01","any","any","server","API-GATEWAY-01","any","dns","application-default","Allow","strict","","any"
"3655","STD_DMZ_TO_IOT_837","Shared","app-team","universal","dmz","WEB-SRV-02","any","any","iot","DC-01","any","smtp","application-default","Allow","strict","","any"
"3656","STD_POS_TO_VOIP_3745","Shared","standard","universal","pos","API-GATEWAY-01","any","any","voip","WEB-SRV-02","any","mqtt","application-default","Allow","none","","any"
"3657","STD_AD_TO_DMZ_186","Shared","standard","universal","ad","WORKSTATIONS-FLOOR2","any","any","dmz","APP-SRV-01","any","sip","application-default","Allow","strict","","any"
"3658","OPEN_OUTSIDE_TO_POS-TERMINALS-G_0","Shared","none","universal","outside","any","any","any","pos","POS-TERMINALS-G","any","telnet","any","Allow","none","","any"
"3659","STD_IOT_TO_DMZ_617","Shared","none","universal","iot","APP-SRV-02","any","any","dmz","WEB-SRV-01","any","sip","application-default","Allow","strict","","any"
"3660","STD_DMZ_TO_OUTSIDE_1192","Shared","none","universal","dmz","APP-SRV-02","any","any","outside","1.1.1.1/32","any","ntp","application-default","Allow","strict","","any"
"3661","DNS_OUTBOUND_0","Shared","none","universal","server","MGMT-JUMPBOX-01","any","any","outside","9.9.9.9/32","any","dns-over-https","application-default","Allow","none","","any"
"3662","STD_OUTSIDE_TO_DMZ_2316","Shared","app-team","universal","outside","any","any","any","dmz","MGMT-JUMPBOX-01","any","ntp","application-default","Allow","none","","any"
"3663","STD_MGMT_TO_AD_3970","Shared","app-team","universal","mgmt","APP-SRV-01","any","any","ad","MGMT-JUMPBOX-01","any","ping","application-default","Allow","strict","","any"
"3664","STD_AD_TO_INSIDE_719","Shared","standard","universal","ad","DB-SRV-01","any","any","inside","WEB-SRV-01","any","voip-generic","application-default","Allow","strict","","any"
"3665","STD_VOIP_TO_INSIDE_3266","Shared","none","universal","voip","MGMT-JUMPBOX-01","any","any","inside","WORKSTATIONS-FLOOR1","any","ssl","application-default","Allow","strict","","any"
"3666","STD_IOT_TO_DMZ_1752","Shared","app-team","universal","iot","APP-SRV-01","any","any","dmz","APP-SRV-01","any","sip","application-default","Allow","strict","","any"
"3667","STD_OUTSIDE_TO_DMZ_381","Shared","none","universal","outside","any","any","any","dmz","WORKSTATIONS-FLOOR1","any","sip","application-default","Allow","strict","","any"
"3668","STD_DMZ_TO_MGMT_2730","Shared","standard","universal","dmz","IOT-GATEWAY-01","any","any","mgmt","VOIP-PBX-01","any","smtp","application-default","Allow","none","","any"
"3669","STD_VOIP_TO_AD_2036","Shared","standard","universal","voip","WORKSTATIONS-FLOOR2","any","any","ad","API-GATEWAY-01","any","ssl","application-default","Allow","strict","","any"
"3670","SCOPED_PARTNER_TO_API-GATEWAY-01_14","Shared","partner-integration","universal","outside","PARTNER-VENDOR-B","any","any","dmz","API-GATEWAY-01","any","ssl","application-default","Allow","strict","","any"
"3671","SCOPED_INTERNAL_SERVER_TO_VOIP_83","Shared","standard","universal","server","APP-SRV-01","any","any","voip","DB-SRV-01","any","ping","application-default","Allow","strict","","any"
"3672","BROAD_INTERNAL_POS_TO_VOIP_71","Shared","internal","universal","pos","any","any","any","voip","any","any","any","any","Allow","none","","any"
"3673","STD_VOIP_TO_MGMT_1567","Shared","standard","universal","voip","APP-SRV-02","any","any","mgmt","DB-SRV-01","any","dns","application-default","Allow","strict","","any"
"3674","STD_OUTSIDE_TO_MGMT_629","Shared","standard","universal","outside","any","any","any","mgmt","IOT-GATEWAY-01","any","ping","application-default","Allow","strict","","any"
"3675","STD_AD_TO_DMZ_3456","Shared","none","universal","ad","VOIP-PBX-01","any","any","dmz","API-GATEWAY-01","any","ssl","application-default","Allow","none","","any"
"3676","STD_AD_TO_POS_3544","Shared","app-team","universal","ad","APP-SRV-01","any","any","pos","DB-SRV-01","any","dns","application-default","Allow","strict","","any"
"3677","STD_SERVER_TO_IOT_3601","Shared","none","universal","server","VOIP-PBX-01","any","any","iot","MGMT-JUMPBOX-01","any","dns","application-default","Allow","none","","any"
"3678","STD_OUTSIDE_TO_DMZ_2262","Shared","app-team","universal","outside","any","any","any","dmz","API-GATEWAY-01","any","ssl","application-default","Allow","strict","","any"
"3679","STD_VOIP_TO_MGMT_2543","Shared","standard","universal","voip","WORKSTATIONS-FLOOR1","any","any","mgmt","APP-SRV-02","any","smtp","application-default","Allow","none","","any"
"3680","STD_VOIP_TO_INSIDE_1046","Shared","app-team","universal","voip","APP-SRV-02","any","any","inside","DC-01","any","ntp","application-default","Allow","strict","","any"
"3681","STD_MGMT_TO_DMZ_2974","Shared","app-team","universal","mgmt","APP-SRV-01","any","any","dmz","WORKSTATIONS-FLOOR1","any","dns","application-default","Allow","strict","","any"
"3682","STD_MGMT_TO_DMZ_2209","Shared","app-team","universal","mgmt","APP-SRV-01","any","any","dmz","IOT-GATEWAY-01","any","sip","application-default","Allow","strict","","any"
"3683","CORP_TO_POS_19","Shared","admin-access","universal","inside","any","any","any","pos","any","any","any","application-default","Allow","none","","any"
"3684","STD_POS_TO_OUTSIDE_241","Shared","none","universal","pos","DC-01","any","any","outside","1.1.1.1/32","any","dns","application-default","Allow","strict","","any"
"3685","RISKY_OUTSIDE_TO_DC-01_116","Shared","remote-access","universal","outside","any","any","any","iot","DC-01","any","postgres","application-default","Allow","none","","any"
"3686","SCOPED_INTERNAL_POS_TO_VOIP_50","Shared","standard","universal","pos","WORKSTATIONS-FLOOR1","any","any","voip","APP-SRV-01","any","web-browsing","application-default","Allow","strict","","any"
"3687","STD_OUTSIDE_TO_IOT_3640","Shared","none","universal","outside","any","any","any","iot","DC-01","any","snmp-base","application-default","Allow","strict","","any"
"3688","STD_INSIDE_TO_MGMT_2278","Shared","standard","universal","inside","FILE-SRV-01","any","any","mgmt","WORKSTATIONS-FLOOR2","any","ping","application-default","Allow","strict","","any"
"3689","STD_AD_TO_MGMT_400","Shared","app-team","universal","ad","WORKSTATIONS-FLOOR1","any","any","mgmt","API-GATEWAY-01","any","ssl","application-default","Allow","strict","","any"
"3690","STD_OUTSIDE_TO_INSIDE_364","Shared","none","universal","outside","any","any","any","inside","WORKSTATIONS-FLOOR2","any","dns","application-default","Allow","none","","any"
"3691","RISKY_OUTSIDE_TO_MGMT-JUMPBOX-01_40","Shared","remote-access","universal","outside","any","any","any","inside","MGMT-JUMPBOX-01","any","kerberos","application-default","Allow","none","","any"
"3692","STD_MGMT_TO_INSIDE_1004","Shared","app-team","universal","mgmt","VOIP-PBX-01","any","any","inside","VOIP-PBX-01","any","snmp-base","application-default","Allow","none","","any"
"3693","STD_SERVER_TO_VOIP_2159","Shared","none","universal","server","DC-01","any","any","voip","FILE-SRV-01","any","dns","application-default","Allow","strict","","any"
"3694","STD_SERVER_TO_VOIP_3741","Shared","standard","universal","server","APP-SRV-02","any","any","voip","VOIP-PBX-01","any","voip-generic","application-default","Allow","strict","","any"
"3695","STD_AD_TO_INSIDE_2986","Shared","none","universal","ad","APP-SRV-01","any","any","inside","MGMT-JUMPBOX-01","any","dns","application-default","Allow","strict","","any"
"3696","OUTBOUND_OPEN_24","Shared","legacy-open","universal","server","any","any","any","outside","any","any","any","any","Allow","none","","any"
"3697","STD_MGMT_TO_IOT_1771","Shared","app-team","universal","mgmt","VOIP-PBX-01","any","any","iot","WORKSTATIONS-FLOOR2","any","sip","application-default","Allow","strict","","any"
"3698","RISKY_OUTSIDE_TO_MGMT-JUMPBOX-01_5","Shared","remote-access","universal","outside","any","any","any","iot","MGMT-JUMPBOX-01","any","postgres","application-default","Allow","none","","any"
"3699","STD_SERVER_TO_OUTSIDE_519","Shared","none","universal","server","DB-SRV-01","any","any","outside","8.8.8.8/32","any","dns","application-default","Allow","strict","","any"
"3700","STD_MGMT_TO_DMZ_1200","Shared","app-team","universal","mgmt","FILE-SRV-01","any","any","dmz","MGMT-JUMPBOX-01","any","ntp","application-default","Allow","none","","any"
"3701","STD_VOIP_TO_DMZ_2802","Shared","standard","universal","voip","DB-SRV-01","any","any","dmz","APP-SRV-01","any","snmp-base","application-default","Allow","none","","any"
"3702","STD_OUTSIDE_TO_SERVER_1227","Shared","none","universal","outside","any","any","any","server","DC-01","any","smtp","application-default","Allow","strict","","any"
"3703","STD_SERVER_TO_AD_2576","Shared","none","universal","server","WORKSTATIONS-FLOOR1","any","any","ad","DC-01","any","sip","application-default","Allow","none","","any"
"3704","STD_POS_TO_SERVER_536","Shared","standard","universal","pos","VOIP-PBX-01","any","any","server","WORKSTATIONS-FLOOR1","any","ping","application-default","Allow","strict","","any"
"3705","STD_AD_TO_OUTSIDE_3774","Shared","none","universal","ad","API-GATEWAY-01","any","any","outside","8.8.8.8/32","any","dns","application-default","Allow","strict","","any"
"3706","STD_POS_TO_VOIP_2673","Shared","app-team","universal","pos","APP-SRV-01","any","any","voip","DB-SRV-01","any","ntp","application-default","Allow","strict","","any"
"3707","STD_SERVER_TO_IOT_3283","Shared","app-team","universal","server","FILE-SRV-01","any","any","iot","WORKSTATIONS-FLOOR2","any","ssl","application-default","Allow","strict","","any"
"3708","STD_IOT_TO_OUTSIDE_2860","Shared","app-team","universal","iot","IOT-GATEWAY-01","any","any","outside","9.9.9.9/32","any","dns","application-default","Allow","strict","","any"
"3709","STD_IOT_TO_MGMT_1633","Shared","none","universal","iot","WEB-SRV-02","any","any","mgmt","APP-SRV-01","any","sip","application-default","Allow","none","","any"
"3710","STD_IOT_TO_POS_1344","Shared","app-team","universal","iot","DB-SRV-01","any","any","pos","APP-SRV-02","any","dns","application-default","Allow","none","","any"
"3711","STD_AD_TO_INSIDE_2154","Shared","standard","universal","ad","WEB-SRV-02","any","any","inside","IOT-GATEWAY-01","any","ssl","application-default","Allow","strict","","any"
"3712","IOT_TO_DC_63","Shared","ad-auth","universal","iot","WORKSTATIONS-FLOOR2","any","any","ad","DOMAIN-CONTROLLERS-G","any","kerberos","application-default","Allow","none","","any"
"3713","STD_INSIDE_TO_IOT_3258","Shared","app-team","universal","inside","WEB-SRV-02","any","any","iot","APP-SRV-01","any","dns","application-default","Allow","strict","","any"
"3714","STD_IOT_TO_OUTSIDE_408","Shared","app-team","universal","iot","WORKSTATIONS-FLOOR2","any","any","outside","9.9.9.9/32","any","voip-generic","application-default","Allow","strict","","any"
"3715","STD_MGMT_TO_VOIP_1439","Shared","app-team","universal","mgmt","VOIP-PBX-01","any","any","voip","VOIP-PBX-01","any","sip","application-default","Allow","strict","","any"
"3716","OPEN_OUTSIDE_TO_MGMT-HOSTS-G_16","Shared","none","universal","outside","any","any","any","pos","MGMT-HOSTS-G","any","anydesk","any","Allow","none","","any"
"3717","STD_POS_TO_VOIP_2750","Shared","standard","universal","pos","MGMT-JUMPBOX-01","any","any","voip","DB-SRV-01","any","ssl","application-default","Allow","none","","any"
"3718","STD_OUTSIDE_TO_AD_2541","Shared","app-team","universal","outside","any","any","any","ad","FILE-SRV-01","any","web-browsing","application-default","Allow","none","","any"
"3719","STD_POS_TO_IOT_463","Shared","standard","universal","pos","WEB-SRV-02","any","any","iot","FILE-SRV-01","any","ssl","application-default","Allow","strict","","any"
"3720","STD_OUTSIDE_TO_INSIDE_1034","Shared","standard","universal","outside","any","any","any","inside","API-GATEWAY-01","any","mqtt","application-default","Allow","strict","","any"
"3721","STD_SERVER_TO_POS_2708","Shared","app-team","universal","server","WEB-SRV-02","any","any","pos","WORKSTATIONS-FLOOR2","any","ntp","application-default","Allow","strict","","any"
"3722","STD_AD_TO_INSIDE_1361","Shared","app-team","universal","ad","API-GATEWAY-01","any","any","inside","API-GATEWAY-01","any","dns","application-default","Allow","none","","any"
"3723","RISKY_OUTSIDE_TO_FILE-SRV-01_78","Shared","remote-access","universal","outside","any","any","any","dmz","FILE-SRV-01","any","ms-ds-smb","application-default","Allow","none","","any"
"3724","OPEN_OUTSIDE_TO_WEB-SERVERS-G_26","Shared","none","universal","outside","any","any","any","dmz","WEB-SERVERS-G","any","logmein","any","Allow","none","","any"
"3725","STD_MGMT_TO_AD_3407","Shared","standard","universal","mgmt","VOIP-PBX-01","any","any","ad","API-GATEWAY-01","any","snmp-base","application-default","Allow","strict","","any"
"3726","RISKY_OUTSIDE_TO_FILE-SRV-01_8","Shared","remote-access","universal","outside","any","any","any","pos","FILE-SRV-01","any","telnet","application-default","Allow","none","","any"
"3727","STD_AD_TO_POS_2420","Shared","standard","universal","ad","DC-01","any","any","pos","IOT-GATEWAY-01","any","ping","application-default","Allow","strict","","any"
"3728","STD_IOT_TO_DMZ_737","Shared","standard","universal","iot","IOT-GATEWAY-01","any","any","dmz","WORKSTATIONS-FLOOR2","any","ping","application-default","Allow","strict","","any"
"3729","STD_AD_TO_SERVER_1610","Shared","standard","universal","ad","DB-SRV-01","any","any","server","WEB-SRV-01","any","ping","application-default","Allow","strict","","any"
"3730","STD_MGMT_TO_SERVER_3566","Shared","standard","universal","mgmt","WORKSTATIONS-FLOOR1","any","any","server","DB-SRV-01","any","sip","application-default","Allow","none","","any"
"3731","STD_IOT_TO_AD_1275","Shared","app-team","universal","iot","FILE-SRV-01","any","any","ad","DB-SRV-01","any","mqtt","application-default","Allow","strict","","any"
"3732","STD_AD_TO_SERVER_1570","Shared","app-team","universal","ad","IOT-GATEWAY-01","any","any","server","APP-SRV-02","any","ping","application-default","Allow","strict","","any"
"3733","STD_IOT_TO_POS_988","Shared","standard","universal","iot","APP-SRV-02","any","any","pos","APP-SRV-02","any","voip-generic","application-default","Allow","strict","","any"
"3734","STD_MGMT_TO_VOIP_672","Shared","standard","universal","mgmt","IOT-GATEWAY-01","any","any","voip","MGMT-JUMPBOX-01","any","sip","application-default","Allow","strict","","any"
"3735","LEGACY_PORT_62","Shared","legacy-port","universal","outside","any","any","any","ad","FILE-SRV-01","any","any","tcp-6379","Allow","none","","any"
"3736","STD_DMZ_TO_VOIP_3104","Shared","standard","universal","dmz","FILE-SRV-01","any","any","voip","WEB-SRV-02","any","mqtt","application-default","Allow","none","","any"
"3737","STD_AD_TO_SERVER_3671","Shared","app-team","universal","ad","APP-SRV-01","any","any","server","APP-SRV-02","any","mqtt","application-default","Allow","strict","","any"
"3738","STD_DMZ_TO_POS_2622","Shared","app-team","universal","dmz","WORKSTATIONS-FLOOR1","any","any","pos","MGMT-JUMPBOX-01","any","ssl","application-default","Allow","strict","","any"
"3739","STD_MGMT_TO_SERVER_3908","Shared","none","universal","mgmt","DB-SRV-01","any","any","server","WEB-SRV-02","any","mqtt","application-default","Allow","strict","","any"
"3740","STD_AD_TO_DMZ_831","Shared","standard","universal","ad","IOT-GATEWAY-01","any","any","dmz","FILE-SRV-01","any","smtp","application-default","Allow","strict","","any"
"3741","STD_INSIDE_TO_POS_1505","Shared","app-team","universal","inside","API-GATEWAY-01","any","any","pos","MGMT-JUMPBOX-01","any","snmp-base","application-default","Allow","strict","","any"
"3742","STD_AD_TO_VOIP_1392","Shared","app-team","universal","ad","IOT-GATEWAY-01","any","any","voip","API-GATEWAY-01","any","sip","application-default","Allow","none","","any"
"3743","RISKY_OUTSIDE_TO_MGMT-JUMPBOX-01_59","Shared","remote-access","universal","outside","any","any","any","pos","MGMT-JUMPBOX-01","any","splashtop","application-default","Allow","none","","any"
"3744","STD_VOIP_TO_INSIDE_658","Shared","standard","universal","voip","WEB-SRV-02","any","any","inside","API-GATEWAY-01","any","ntp","application-default","Allow","none","","any"
"3745","STD_INSIDE_TO_SERVER_1385","Shared","standard","universal","inside","API-GATEWAY-01","any","any","server","IOT-GATEWAY-01","any","ntp","application-default","Allow","none","","any"
"3746","STD_IOT_TO_SERVER_21","Shared","none","universal","iot","FILE-SRV-01","any","any","server","DB-SRV-01","any","snmp-base","application-default","Allow","strict","","any"
"3747","STD_IOT_TO_INSIDE_3021","Shared","standard","universal","iot","APP-SRV-01","any","any","inside","MGMT-JUMPBOX-01","any","web-browsing","application-default","Allow","strict","","any"
"3748","RISKY_OUTSIDE_TO_APP-SRV-01_89","Shared","remote-access","universal","outside","any","any","any","ad","APP-SRV-01","any","ldap","application-default","Allow","none","","any"
"3749","STD_POS_TO_INSIDE_3143","Shared","standard","universal","pos","WEB-SRV-01","any","any","inside","WORKSTATIONS-FLOOR1","any","ssl","application-default","Allow","strict","","any"
"3750","STD_SERVER_TO_MGMT_651","Shared","app-team","universal","server","FILE-SRV-01","any","any","mgmt","DC-01","any","mqtt","application-default","Allow","strict","","any"
"3751","STD_POS_TO_MGMT_2591","Shared","app-team","universal","pos","WORKSTATIONS-FLOOR1","any","any","mgmt","API-GATEWAY-01","any","dns","application-default","Allow","strict","","any"
"3752","STD_DMZ_TO_VOIP_3709","Shared","standard","universal","dmz","IOT-GATEWAY-01","any","any","voip","VOIP-PBX-01","any","web-browsing","application-default","Allow","strict","","any"
"3753","SCOPED_INTERNAL_DMZ_TO_POS_4","Shared","standard","universal","dmz","APP-SRV-01","any","any","pos","DB-SRV-01","any","smtp","application-default","Allow","strict","","any"
"3754","STD_INSIDE_TO_POS_2563","Shared","none","universal","inside","WORKSTATIONS-FLOOR2","any","any","pos","WORKSTATIONS-FLOOR2","any","sip","application-default","Allow","strict","","any"
"3755","STD_INSIDE_TO_MGMT_3035","Shared","app-team","universal","inside","FILE-SRV-01","any","any","mgmt","DC-01","any","mqtt","application-default","Allow","strict","","any"
"3756","STD_SERVER_TO_IOT_2556","Shared","none","universal","server","WEB-SRV-02","any","any","iot","IOT-GATEWAY-01","any","ntp","application-default","Allow","none","","any"
"3757","STD_OUTSIDE_TO_MGMT_3202","Shared","standard","universal","outside","any","any","any","mgmt","DB-SRV-01","any","snmp-base","application-default","Allow","none","","any"
"3758","STD_VOIP_TO_IOT_1137","Shared","none","universal","voip","FILE-SRV-01","any","any","iot","DC-01","any","dns","application-default","Allow","strict","","any"
"3759","LEGACY_PORT_32","Shared","legacy-port","universal","outside","any","any","any","inside","BACKUP-SRV-01","any","any","tcp-23","Allow","none","","any"
"3760","STD_POS_TO_VOIP_1786","Shared","none","universal","pos","DB-SRV-01","any","any","voip","MGMT-JUMPBOX-01","any","sip","application-default","Allow","strict","","any"
"3761","STD_IOT_TO_INSIDE_52","Shared","app-team","universal","iot","WORKSTATIONS-FLOOR2","any","any","inside","WORKSTATIONS-FLOOR2","any","ntp","application-default","Allow","strict","","any"
"3762","STD_VOIP_TO_IOT_3595","Shared","standard","universal","voip","WEB-SRV-02","any","any","iot","WORKSTATIONS-FLOOR1","any","web-browsing","application-default","Allow","strict","","any"
"3763","STD_OUTSIDE_TO_VOIP_2928","Shared","standard","universal","outside","any","any","any","voip","WEB-SRV-01","any","mqtt","application-default","Allow","strict","","any"
"3764","STD_INSIDE_TO_MGMT_3061","Shared","none","universal","inside","MGMT-JUMPBOX-01","any","any","mgmt","WEB-SRV-02","any","mqtt","application-default","Allow","strict","","any"
"3765","STD_MGMT_TO_IOT_3188","Shared","app-team","universal","mgmt","IOT-GATEWAY-01","any","any","iot","MGMT-JUMPBOX-01","any","web-browsing","application-default","Allow","none","","any"
"3766","POS_TO_DC_77","Shared","ad-auth","universal","pos","WORKSTATIONS-FLOOR2","any","any","ad","DOMAIN-CONTROLLERS-G","any","kerberos","application-default","Allow","none","","any"
"3767","STD_MGMT_TO_POS_3659","Shared","standard","universal","mgmt","WORKSTATIONS-FLOOR1","any","any","pos","IOT-GATEWAY-01","any","ping","application-default","Allow","none","","any"
"3768","STD_AD_TO_IOT_319","Shared","none","universal","ad","DC-01","any","any","iot","DB-SRV-01","any","snmp-base","application-default","Allow","none","","any"
"3769","REMOTE_ACCESS_20","Shared","remote-support","universal","outside","any","any","any","inside","FILE-SRV-01","any","teamviewer","application-default","Allow","none","","any"
"3770","STD_POS_TO_INSIDE_3850","Shared","standard","universal","pos","WORKSTATIONS-FLOOR2","any","any","inside","MGMT-JUMPBOX-01","any","mqtt","application-default","Allow","strict","","any"
"3771","CORP_TO_AD_17","Shared","admin-access","universal","dmz","any","any","any","ad","any","any","any","application-default","Allow","none","","any"
"3772","OPEN_OUTSIDE_TO_MGMT-HOSTS-G_133","Shared","legacy-open","universal","outside","any","any","any","mgmt","MGMT-HOSTS-G","any","ms-rdp","any","Allow","none","","any"
"3773","STD_INSIDE_TO_IOT_2003","Shared","none","universal","inside","VOIP-PBX-01","any","any","iot","API-GATEWAY-01","any","ssl","application-default","Allow","none","","any"
"3774","STD_SERVER_TO_VOIP_2410","Shared","standard","universal","server","WORKSTATIONS-FLOOR2","any","any","voip","APP-SRV-02","any","smtp","application-default","Allow","none","","any"
"3775","OPEN_OUTSIDE_TO_POS-TERMINALS-G_125","Shared","none","universal","outside","any","any","any","pos","POS-TERMINALS-G","any","telnet","application-default","Allow","none","","any"
"3776","STD_IOT_TO_INSIDE_3906","Shared","none","universal","iot","DB-SRV-01","any","any","inside","IOT-GATEWAY-01","any","sip","application-default","Allow","strict","","any"
"3777","STD_DMZ_TO_AD_1817","Shared","app-team","universal","dmz","IOT-GATEWAY-01","any","any","ad","API-GATEWAY-01","any","sip","application-default","Allow","none","","any"
"3778","STD_POS_TO_OUTSIDE_479","Shared","standard","universal","pos","DB-SRV-01","any","any","outside","9.9.9.9/32","any","ntp","application-default","Allow","strict","","any"
"3779","STD_OUTSIDE_TO_VOIP_2568","Shared","app-team","universal","outside","any","any","any","voip","WORKSTATIONS-FLOOR2","any","voip-generic","application-default","Allow","strict","","any"
"3780","STD_POS_TO_VOIP_965","Shared","standard","universal","pos","DB-SRV-01","any","any","voip","FILE-SRV-01","any","ntp","application-default","Allow","none","","any"
"3781","STD_VOIP_TO_INSIDE_11","Shared","app-team","universal","voip","WORKSTATIONS-FLOOR2","any","any","inside","WEB-SRV-01","any","dns","application-default","Allow","strict","","any"
"3782","STD_AD_TO_VOIP_3227","Shared","none","universal","ad","API-GATEWAY-01","any","any","voip","IOT-GATEWAY-01","any","ssl","application-default","Allow","none","","any"
"3783","STD_MGMT_TO_SERVER_316","Shared","app-team","universal","mgmt","WEB-SRV-01","any","any","server","WORKSTATIONS-FLOOR1","any","voip-generic","application-default","Allow","strict","","any"
"3784","STD_AD_TO_MGMT_1700","Shared","app-team","universal","ad","APP-SRV-01","any","any","mgmt","WEB-SRV-02","any","dns","application-default","Allow","strict","","any"
"3785","SCOPED_INTERNAL_INSIDE_TO_VOIP_91","Shared","standard","universal","inside","MGMT-JUMPBOX-01","any","any","voip","FILE-SRV-01","any","ntp","application-default","Allow","strict","","any"
"3786","STD_DMZ_TO_MGMT_2696","Shared","app-team","universal","dmz","WEB-SRV-02","any","any","mgmt","MGMT-JUMPBOX-01","any","mqtt","application-default","Allow","strict","","any"
"3787","STD_INSIDE_TO_MGMT_2335","Shared","app-team","universal","inside","MGMT-JUMPBOX-01","any","any","mgmt","FILE-SRV-01","any","smtp","application-default","Allow","strict","","any"
"3788","STD_DMZ_TO_INSIDE_566","Shared","none","universal","dmz","WORKSTATIONS-FLOOR2","any","any","inside","APP-SRV-01","any","ping","application-default","Allow","none","","any"
"3789","STD_MGMT_TO_INSIDE_1450","Shared","app-team","universal","mgmt","WEB-SRV-01","any","any","inside","FILE-SRV-01","any","ping","application-default","Allow","strict","","any"
"3790","STD_VOIP_TO_DMZ_3575","Shared","standard","universal","voip","API-GATEWAY-01","any","any","dmz","MGMT-JUMPBOX-01","any","web-browsing","application-default","Allow","strict","","any"
"3791","STD_INSIDE_TO_AD_1798","Shared","standard","universal","inside","DB-SRV-01","any","any","ad","WORKSTATIONS-FLOOR1","any","snmp-base","application-default","Allow","strict","","any"
"3792","STD_SERVER_TO_POS_1315","Shared","app-team","universal","server","APP-SRV-01","any","any","pos","API-GATEWAY-01","any","snmp-base","application-default","Allow","strict","","any"
"3793","TEMP_ACCESS_20","Shared","temp-poc","universal","outside","any","any","any","dmz","any","any","any","any","Allow","none","","any"
"3794","STD_IOT_TO_MGMT_2454","Shared","none","universal","iot","API-GATEWAY-01","any","any","mgmt","API-GATEWAY-01","any","mqtt","application-default","Allow","strict","","any"
"3795","STD_POS_TO_IOT_2699","Shared","standard","universal","pos","WORKSTATIONS-FLOOR2","any","any","iot","APP-SRV-02","any","ntp","application-default","Allow","strict","","any"
"3796","STD_IOT_TO_POS_1590","Shared","app-team","universal","iot","IOT-GATEWAY-01","any","any","pos","IOT-GATEWAY-01","any","web-browsing","application-default","Allow","strict","","any"
"3797","STD_OUTSIDE_TO_POS_3583","Shared","standard","universal","outside","any","any","any","pos","API-GATEWAY-01","any","dns","application-default","Allow","strict","","any"
"3798","STD_OUTSIDE_TO_IOT_1628","Shared","app-team","universal","outside","any","any","any","iot","APP-SRV-01","any","web-browsing","application-default","Allow","strict","","any"
"3799","STD_AD_TO_INSIDE_1477","Shared","standard","universal","ad","DB-SRV-01","any","any","inside","WEB-SRV-02","any","voip-generic","application-default","Allow","none","","any"
"3800","STD_DMZ_TO_INSIDE_185","Shared","app-team","universal","dmz","DC-01","any","any","inside","WEB-SRV-02","any","ping","application-default","Allow","strict","","any"
"3801","STD_IOT_TO_MGMT_428","Shared","standard","universal","iot","DC-01","any","any","mgmt","IOT-GATEWAY-01","any","ping","application-default","Allow","none","","any"
"3802","STD_OUTSIDE_TO_POS_352","Shared","standard","universal","outside","any","any","any","pos","MGMT-JUMPBOX-01","any","ping","application-default","Allow","strict","","any"
"3803","RISKY_OUTSIDE_TO_FILE-SRV-01_115","Shared","remote-access","universal","outside","any","any","any","inside","FILE-SRV-01","any","ms-ds-smb","application-default","Allow","none","","any"
"3804","STD_VOIP_TO_POS_1947","Shared","none","universal","voip","WORKSTATIONS-FLOOR1","any","any","pos","API-GATEWAY-01","any","ssl","application-default","Allow","strict","","any"
"3805","OUTBOUND_OPEN_20","Shared","legacy-open","universal","mgmt","any","any","any","outside","any","any","any","any","Allow","none","","any"
"3806","STD_SERVER_TO_POS_1797","Shared","app-team","universal","server","APP-SRV-01","any","any","pos","DC-01","any","snmp-base","application-default","Allow","none","","any"
"3807","STD_DMZ_TO_MGMT_3916","Shared","app-team","universal","dmz","IOT-GATEWAY-01","any","any","mgmt","WORKSTATIONS-FLOOR2","any","web-browsing","application-default","Allow","strict","","any"
"3808","STD_INSIDE_TO_DMZ_2073","Shared","none","universal","inside","DC-01","any","any","dmz","WEB-SRV-02","any","smtp","application-default","Allow","strict","","any"
"3809","SCOPED_INTERNAL_VOIP_TO_SERVER_94","Shared","standard","universal","voip","WORKSTATIONS-FLOOR1","any","any","server","DB-SRV-01","any","mqtt","application-default","Allow","strict","","any"
"3810","STD_INSIDE_TO_VOIP_1057","Shared","none","universal","inside","APP-SRV-01","any","any","voip","DC-01","any","web-browsing","application-default","Allow","none","","any"
"3811","STD_DMZ_TO_SERVER_2886","Shared","none","universal","dmz","APP-SRV-02","any","any","server","WORKSTATIONS-FLOOR1","any","mqtt","application-default","Allow","strict","","any"
"3812","STD_VOIP_TO_AD_2636","Shared","standard","universal","voip","IOT-GATEWAY-01","any","any","ad","WORKSTATIONS-FLOOR2","any","dns","application-default","Allow","strict","","any"
"3813","STD_VOIP_TO_DMZ_28","Shared","standard","universal","voip","IOT-GATEWAY-01","any","any","dmz","WEB-SRV-02","any","smtp","application-default","Allow","none","","any"
"3814","STD_VOIP_TO_INSIDE_3185","Shared","app-team","universal","voip","WORKSTATIONS-FLOOR2","any","any","inside","WORKSTATIONS-FLOOR1","any","mqtt","application-default","Allow","strict","","any"
"3815","OPEN_OUTSIDE_TO_CRITICAL-INFRA-G_57","Shared","none","universal","outside","any","any","any","mgmt","CRITICAL-INFRA-G","any","vnc","application-default","Allow","none","","any"
"3816","STD_SERVER_TO_OUTSIDE_2818","Shared","app-team","universal","server","WORKSTATIONS-FLOOR1","any","any","outside","9.9.9.9/32","any","ping","application-default","Allow","strict","","any"
"3817","STD_DMZ_TO_IOT_395","Shared","none","universal","dmz","DB-SRV-01","any","any","iot","VOIP-PBX-01","any","smtp","application-default","Allow","strict","","any"
"3818","STD_OUTSIDE_TO_MGMT_266","Shared","none","universal","outside","any","any","any","mgmt","WORKSTATIONS-FLOOR1","any","snmp-base","application-default","Allow","strict","","any"
"3819","REMOTE_ACCESS_28","Shared","remote-support","universal","outside","any","any","any","mgmt","FILE-SRV-01","any","logmein","application-default","Allow","none","","any"
"3820","STD_INSIDE_TO_VOIP_1586","Shared","app-team","universal","inside","WEB-SRV-01","any","any","voip","IOT-GATEWAY-01","any","mqtt","application-default","Allow","strict","","any"
"3821","STD_POS_TO_DMZ_1435","Shared","none","universal","pos","WORKSTATIONS-FLOOR2","any","any","dmz","MGMT-JUMPBOX-01","any","dns","application-default","Allow","strict","","any"
"3822","STD_OUTSIDE_TO_MGMT_1048","Shared","standard","universal","outside","any","any","any","mgmt","API-GATEWAY-01","any","dns","application-default","Allow","none","","any"
"3823","STD_DMZ_TO_POS_740","Shared","none","universal","dmz","WEB-SRV-02","any","any","pos","WORKSTATIONS-FLOOR2","any","snmp-base","application-default","Allow","strict","","any"
"3824","STD_POS_TO_DMZ_2431","Shared","none","universal","pos","API-GATEWAY-01","any","any","dmz","WORKSTATIONS-FLOOR1","any","web-browsing","application-default","Allow","strict","","any"
"3825","STD_SERVER_TO_INSIDE_2041","Shared","app-team","universal","server","APP-SRV-02","any","any","inside","WEB-SRV-02","any","mqtt","application-default","Allow","strict","","any"
"3826","SCOPED_PARTNER_TO_API-GATEWAY-01_51","Shared","partner-integration","universal","outside","PARTNER-VENDOR-B","any","any","dmz","API-GATEWAY-01","any","ssl","application-default","Allow","strict","","any"
"3827","STD_POS_TO_INSIDE_2373","Shared","app-team","universal","pos","API-GATEWAY-01","any","any","inside","APP-SRV-02","any","dns","application-default","Allow","strict","","any"
"3828","STD_MGMT_TO_SERVER_2102","Shared","standard","universal","mgmt","WEB-SRV-02","any","any","server","WEB-SRV-02","any","ntp","application-default","Allow","none","","any"
"3829","STD_DMZ_TO_SERVER_3494","Shared","standard","universal","dmz","WORKSTATIONS-FLOOR2","any","any","server","WEB-SRV-01","any","ping","application-default","Allow","none","","any"
"3830","STD_POS_TO_IOT_3166","Shared","none","universal","pos","DC-01","any","any","iot","FILE-SRV-01","any","dns","application-default","Allow","strict","","any"
"3831","STD_DMZ_TO_MGMT_641","Shared","standard","universal","dmz","DC-01","any","any","mgmt","VOIP-PBX-01","any","voip-generic","application-default","Allow","none","","any"
"3832","STD_SERVER_TO_POS_3196","Shared","app-team","universal","server","APP-SRV-02","any","any","pos","WEB-SRV-01","any","snmp-base","application-default","Allow","none","","any"
"3833","STD_OUTSIDE_TO_INSIDE_807","Shared","none","universal","outside","any","any","any","inside","WEB-SRV-01","any","web-browsing","application-default","Allow","none","","any"
"3834","DNS_OUTBOUND_36","Shared","none","universal","inside","WORKSTATIONS-FLOOR1","any","any","outside","1.1.1.1/32","any","dns-over-https","tcp-853","Allow","none","","any"
"3835","OUTBOUND_SCOPED_57","Shared","outbound-standard","universal","server","MGMT-JUMPBOX-01","any","any","outside","141.93.224.240/32","any","ping","application-default","Allow","strict","","any"
"3836","SCOPED_PARTNER_TO_WEB-SRV-02_35","Shared","partner-integration","universal","outside","PARTNER-VENDOR-B","any","any","dmz","WEB-SRV-02","any","ssl","application-default","Allow","strict","","any"
"3837","STD_IOT_TO_MGMT_668","Shared","none","universal","iot","MGMT-JUMPBOX-01","any","any","mgmt","APP-SRV-02","any","web-browsing","application-default","Allow","none","","any"
"3838","SCOPED_NO_PROFILE_27","Shared","partner-integration","universal","outside","PARTNER-VENDOR-A","any","any","dmz","WEB-SRV-01","any","ssl","application-default","Allow","none","","any"
"3839","STD_MGMT_TO_AD_1982","Shared","app-team","universal","mgmt","DC-01","any","any","ad","APP-SRV-02","any","mqtt","application-default","Allow","strict","","any"
"3840","STD_OUTSIDE_TO_VOIP_258","Shared","standard","universal","outside","any","any","any","voip","DC-01","any","web-browsing","application-default","Allow","strict","","any"
"3841","STD_AD_TO_INSIDE_2808","Shared","app-team","universal","ad","API-GATEWAY-01","any","any","inside","MGMT-JUMPBOX-01","any","mqtt","application-default","Allow","strict","","any"
"3842","STD_SERVER_TO_OUTSIDE_3063","Shared","standard","universal","server","WORKSTATIONS-FLOOR2","any","any","outside","1.1.1.1/32","any","ssl","application-default","Allow","strict","","any"
"3843","STD_INSIDE_TO_SERVER_2755","Shared","standard","universal","inside","API-GATEWAY-01","any","any","server","IOT-GATEWAY-01","any","mqtt","application-default","Allow","strict","","any"
"3844","OPEN_OUTSIDE_TO_WEB-SERVERS-G_138","Shared","none","universal","outside","any","any","any","dmz","WEB-SERVERS-G","any","mysql","application-default","Allow","none","","any"
"3845","STD_SERVER_TO_DMZ_947","Shared","standard","universal","server","IOT-GATEWAY-01","any","any","dmz","WORKSTATIONS-FLOOR1","any","smtp","application-default","Allow","strict","","any"
"3846","STD_OUTSIDE_TO_SERVER_2981","Shared","none","universal","outside","any","any","any","server","APP-SRV-02","any","sip","application-default","Allow","none","","any"
"3847","STD_SERVER_TO_MGMT_576","Shared","none","universal","server","VOIP-PBX-01","any","any","mgmt","APP-SRV-02","any","dns","application-default","Allow","strict","","any"
"3848","STD_SERVER_TO_DMZ_2479","Shared","standard","universal","server","WORKSTATIONS-FLOOR1","any","any","dmz","WEB-SRV-02","any","sip","application-default","Allow","strict","","any"
"3849","STD_MGMT_TO_OUTSIDE_2202","Shared","none","universal","mgmt","VOIP-PBX-01","any","any","outside","1.1.1.1/32","any","voip-generic","application-default","Allow","none","","any"
"3850","STD_VOIP_TO_AD_3128","Shared","app-team","universal","voip","WORKSTATIONS-FLOOR1","any","any","ad","DB-SRV-01","any","ssl","application-default","Allow","none","","any"
"3851","BROAD_INTERNAL_INSIDE_TO_AD_4","Shared","internal","universal","inside","any","any","any","ad","any","any","any","any","Allow","none","","any"
"3852","STD_POS_TO_AD_442","Shared","standard","universal","pos","MGMT-JUMPBOX-01","any","any","ad","WEB-SRV-02","any","mqtt","application-default","Allow","none","","any"
"3853","STD_MGMT_TO_AD_1366","Shared","none","universal","mgmt","APP-SRV-01","any","any","ad","FILE-SRV-01","any","mqtt","application-default","Allow","none","","any"
"3854","STD_VOIP_TO_POS_3404","Shared","standard","universal","voip","IOT-GATEWAY-01","any","any","pos","API-GATEWAY-01","any","mqtt","application-default","Allow","none","","any"
"3855","STD_DMZ_TO_VOIP_205","Shared","app-team","universal","dmz","WORKSTATIONS-FLOOR1","any","any","voip","APP-SRV-02","any","smtp","application-default","Allow","none","","any"
"3856","STD_MGMT_TO_VOIP_3359","Shared","app-team","universal","mgmt","WEB-SRV-02","any","any","voip","MGMT-JUMPBOX-01","any","mqtt","application-default","Allow","strict","","any"
"3857","[Disabled] OLD_DISABLED_16","Shared","none","universal","outside","any","any","any","server","APP-SRV-01","any","any","any","Allow","none","","any"
"3858","BROAD_INTERNAL_INSIDE_TO_VOIP_0","Shared","internal","universal","inside","any","any","any","voip","any","any","any","any","Allow","none","","any"
"3859","SCOPED_PARTNER_TO_WEB-SRV-02_37","Shared","partner-integration","universal","outside","THIRD-PARTY-PAYMENT-GW","any","any","dmz","WEB-SRV-02","any","ssl","application-default","Allow","strict","","any"
"3860","STD_POS_TO_VOIP_3501","Shared","standard","universal","pos","WORKSTATIONS-FLOOR2","any","any","voip","WEB-SRV-01","any","ntp","application-default","Allow","none","","any"
"3861","SERVER_TO_DC_10","Shared","ad-auth","universal","server","WORKSTATIONS-FLOOR2","any","any","ad","DOMAIN-CONTROLLERS-G","any","kerberos","application-default","Allow","none","","any"
"3862","LEGACY_PORT_49","Shared","legacy-port","universal","outside","any","any","any","ad","DC-02","any","any","tcp-3389","Allow","none","","any"
"3863","STD_VOIP_TO_OUTSIDE_3013","Shared","none","universal","voip","MGMT-JUMPBOX-01","any","any","outside","9.9.9.9/32","any","smtp","application-default","Allow","strict","","any"
"3864","STD_AD_TO_VOIP_656","Shared","none","universal","ad","WEB-SRV-01","any","any","voip","WORKSTATIONS-FLOOR2","any","snmp-base","application-default","Allow","strict","","any"
"3865","STD_AD_TO_OUTSIDE_388","Shared","app-team","universal","ad","API-GATEWAY-01","any","any","outside","9.9.9.9/32","any","ntp","application-default","Allow","none","","any"
"3866","STD_AD_TO_MGMT_2610","Shared","standard","universal","ad","VOIP-PBX-01","any","any","mgmt","DB-SRV-01","any","sip","application-default","Allow","strict","","any"
"3867","STD_SERVER_TO_AD_2829","Shared","none","universal","server","MGMT-JUMPBOX-01","any","any","ad","WEB-SRV-01","any","smtp","application-default","Allow","none","","any"
"3868","STD_VOIP_TO_IOT_2791","Shared","none","universal","voip","API-GATEWAY-01","any","any","iot","APP-SRV-01","any","snmp-base","application-default","Allow","strict","","any"
"3869","STD_MGMT_TO_INSIDE_2055","Shared","app-team","universal","mgmt","IOT-GATEWAY-01","any","any","inside","VOIP-PBX-01","any","smtp","application-default","Allow","none","","any"
"3870","STD_AD_TO_INSIDE_151","Shared","standard","universal","ad","API-GATEWAY-01","any","any","inside","DC-01","any","dns","application-default","Allow","strict","","any"
"3871","OPEN_OUTSIDE_TO_POS-TERMINALS-G_62","Shared","legacy-open","universal","outside","any","any","any","pos","POS-TERMINALS-G","any","ms-ds-smb","any","Allow","none","","any"
"3872","SERVER_TO_DC_1","Shared","ad-auth","universal","server","any","any","any","ad","DOMAIN-CONTROLLERS-G","any","kerberos","application-default","Allow","none","","any"
"3873","SCOPED_PARTNER_TO_WEB-SRV-02_71","Shared","partner-integration","universal","outside","PARTNER-VENDOR-B","any","any","dmz","WEB-SRV-02","any","ssl","application-default","Allow","strict","","any"
"3874","STD_POS_TO_MGMT_2444","Shared","none","universal","pos","IOT-GATEWAY-01","any","any","mgmt","WEB-SRV-02","any","dns","application-default","Allow","strict","","any"
"3875","LEGACY_PORT_51","Shared","legacy-port","universal","inside","any","any","any","inside","BACKUP-SRV-01","any","any","tcp-6379","Allow","none","","any"
"3876","STD_INSIDE_TO_AD_2656","Shared","standard","universal","inside","APP-SRV-01","any","any","ad","WORKSTATIONS-FLOOR1","any","ssl","application-default","Allow","strict","","any"
"3877","STD_OUTSIDE_TO_INSIDE_3521","Shared","none","universal","outside","any","any","any","inside","DB-SRV-01","any","voip-generic","application-default","Allow","strict","","any"
"3878","STD_INSIDE_TO_POS_504","Shared","none","universal","inside","DC-01","any","any","pos","FILE-SRV-01","any","ssl","application-default","Allow","strict","","any"
"3879","STD_OUTSIDE_TO_DMZ_192","Shared","app-team","universal","outside","any","any","any","dmz","MGMT-JUMPBOX-01","any","ping","application-default","Allow","none","","any"
"3880","STD_MGMT_TO_OUTSIDE_2075","Shared","standard","universal","mgmt","WORKSTATIONS-FLOOR1","any","any","outside","1.1.1.1/32","any","voip-generic","application-default","Allow","strict","","any"
"3881","SCOPED_PARTNER_TO_WEB-SRV-02_65","Shared","partner-integration","universal","outside","PARTNER-VENDOR-B","any","any","dmz","WEB-SRV-02","any","ssl","application-default","Allow","strict","","any"
"3882","STD_INSIDE_TO_OUTSIDE_1107","Shared","app-team","universal","inside","WORKSTATIONS-FLOOR2","any","any","outside","9.9.9.9/32","any","smtp","application-default","Allow","strict","","any"
"3883","STD_SERVER_TO_AD_2947","Shared","none","universal","server","API-GATEWAY-01","any","any","ad","WORKSTATIONS-FLOOR1","any","web-browsing","application-default","Allow","none","","any"
"3884","STD_IOT_TO_MGMT_3062","Shared","none","universal","iot","WORKSTATIONS-FLOOR1","any","any","mgmt","MGMT-JUMPBOX-01","any","web-browsing","application-default","Allow","strict","","any"
"3885","STD_IOT_TO_POS_752","Shared","none","universal","iot","FILE-SRV-01","any","any","pos","IOT-GATEWAY-01","any","snmp-base","application-default","Allow","none","","any"
"3886","BROAD_INTERNAL_SERVER_TO_POS_65","Shared","internal","universal","server","any","any","any","pos","any","any","any","any","Allow","none","","any"
"3887","STD_POS_TO_DMZ_74","Shared","app-team","universal","pos","IOT-GATEWAY-01","any","any","dmz","VOIP-PBX-01","any","snmp-base","application-default","Allow","strict","","any"
"3888","STD_POS_TO_MGMT_630","Shared","app-team","universal","pos","WORKSTATIONS-FLOOR1","any","any","mgmt","VOIP-PBX-01","any","ping","application-default","Allow","strict","","any"
"3889","STD_OUTSIDE_TO_POS_2091","Shared","none","universal","outside","any","any","any","pos","WEB-SRV-02","any","dns","application-default","Allow","strict","","any"
"3890","STD_OUTSIDE_TO_INSIDE_2028","Shared","app-team","universal","outside","any","any","any","inside","DB-SRV-01","any","ping","application-default","Allow","strict","","any"
"3891","STD_OUTSIDE_TO_DMZ_3798","Shared","standard","universal","outside","any","any","any","dmz","APP-SRV-02","any","sip","application-default","Allow","strict","","any"
"3892","STD_AD_TO_OUTSIDE_2123","Shared","standard","universal","ad","DB-SRV-01","any","any","outside","1.1.1.1/32","any","ping","application-default","Allow","strict","","any"
"3893","STD_OUTSIDE_TO_MGMT_3007","Shared","standard","universal","outside","any","any","any","mgmt","WEB-SRV-01","any","sip","application-default","Allow","none","","any"
"3894","STD_INSIDE_TO_AD_3533","Shared","standard","universal","inside","MGMT-JUMPBOX-01","any","any","ad","WEB-SRV-01","any","mqtt","application-default","Allow","none","","any"
"3895","STD_VOIP_TO_POS_3475","Shared","app-team","universal","voip","MGMT-JUMPBOX-01","any","any","pos","IOT-GATEWAY-01","any","web-browsing","application-default","Allow","strict","","any"
"3896","SCOPED_NO_PROFILE_25","Shared","partner-integration","universal","outside","PARTNER-VENDOR-A","any","any","dmz","WEB-SRV-01","any","ssl","application-default","Allow","none","","any"
"3897","STD_VOIP_TO_AD_3831","Shared","none","universal","voip","WORKSTATIONS-FLOOR2","any","any","ad","DB-SRV-01","any","ssl","application-default","Allow","strict","","any"
"3898","STD_VOIP_TO_AD_3467","Shared","none","universal","voip","WORKSTATIONS-FLOOR1","any","any","ad","VOIP-PBX-01","any","web-browsing","application-default","Allow","none","","any"
"3899","STD_SERVER_TO_IOT_1969","Shared","none","universal","server","MGMT-JUMPBOX-01","any","any","iot","WEB-SRV-02","any","dns","application-default","Allow","strict","","any"
"3900","STD_OUTSIDE_TO_DMZ_1110","Shared","standard","universal","outside","any","any","any","dmz","MGMT-JUMPBOX-01","any","voip-generic","application-default","Allow","none","","any"
"3901","STD_VOIP_TO_SERVER_3646","Shared","standard","universal","voip","MGMT-JUMPBOX-01","any","any","server","VOIP-PBX-01","any","dns","application-default","Allow","strict","","any"
"3902","STD_MGMT_TO_SERVER_2714","Shared","standard","universal","mgmt","VOIP-PBX-01","any","any","server","DC-01","any","snmp-base","application-default","Allow","strict","","any"
"3903","STD_OUTSIDE_TO_AD_3536","Shared","none","universal","outside","any","any","any","ad","DB-SRV-01","any","web-browsing","application-default","Allow","strict","","any"
"3904","STD_MGMT_TO_DMZ_3921","Shared","app-team","universal","mgmt","WORKSTATIONS-FLOOR2","any","any","dmz","IOT-GATEWAY-01","any","web-browsing","application-default","Allow","none","","any"
"3905","STD_VOIP_TO_SERVER_3885","Shared","standard","universal","voip","MGMT-JUMPBOX-01","any","any","server","FILE-SRV-01","any","voip-generic","application-default","Allow","none","","any"
"3906","STD_INSIDE_TO_IOT_3677","Shared","standard","universal","inside","DC-01","any","any","iot","API-GATEWAY-01","any","mqtt","application-default","Allow","none","","any"
"3907","OPEN_OUTSIDE_TO_WEB-SERVERS-G_86","Shared","legacy-open","universal","outside","any","any","any","server","WEB-SERVERS-G","any","splashtop","any","Allow","none","","any"
"3908","STD_POS_TO_DMZ_960","Shared","standard","universal","pos","VOIP-PBX-01","any","any","dmz","DB-SRV-01","any","sip","application-default","Allow","none","","any"
"3909","STD_DMZ_TO_IOT_2642","Shared","app-team","universal","dmz","WEB-SRV-01","any","any","iot","IOT-GATEWAY-01","any","smtp","application-default","Allow","none","","any"
"3910","STD_IOT_TO_INSIDE_3502","Shared","standard","universal","iot","WEB-SRV-02","any","any","inside","WEB-SRV-02","any","ssl","application-default","Allow","none","","any"
"3911","OPEN_OUTSIDE_TO_CRITICAL-INFRA-G_23","Shared","legacy-open","universal","outside","any","any","any","pos","CRITICAL-INFRA-G","any","ldap","any","Allow","none","","any"
"3912","STD_VOIP_TO_AD_2799","Shared","standard","universal","voip","WEB-SRV-01","any","any","ad","IOT-GATEWAY-01","any","dns","application-default","Allow","strict","","any"
"3913","STD_DMZ_TO_OUTSIDE_3333","Shared","none","universal","dmz","IOT-GATEWAY-01","any","any","outside","8.8.8.8/32","any","sip","application-default","Allow","strict","","any"
"3914","STD_SERVER_TO_POS_1806","Shared","standard","universal","server","MGMT-JUMPBOX-01","any","any","pos","API-GATEWAY-01","any","voip-generic","application-default","Allow","none","","any"
"3915","STD_SERVER_TO_VOIP_298","Shared","app-team","universal","server","DC-01","any","any","voip","DC-01","any","sip","application-default","Allow","strict","","any"
"3916","SCOPED_PARTNER_TO_WEB-SRV-02_70","Shared","partner-integration","universal","outside","THIRD-PARTY-PAYMENT-GW","any","any","dmz","WEB-SRV-02","any","ssl","application-default","Allow","strict","","any"
"3917","RISKY_OUTSIDE_TO_FILE-SRV-01_46","Shared","remote-access","universal","outside","any","any","any","inside","FILE-SRV-01","any","ftp","application-default","Allow","none","","any"
"3918","STD_OUTSIDE_TO_VOIP_3488","Shared","none","universal","outside","any","any","any","voip","WORKSTATIONS-FLOOR2","any","ntp","application-default","Allow","none","","any"
"3919","LEGACY_PORT_9","Shared","legacy-port","universal","outside","any","any","any","mgmt","FILE-SRV-01","any","any","tcp-3389","Allow","none","","any"
"3920","STD_SERVER_TO_VOIP_3722","Shared","app-team","universal","server","APP-SRV-01","any","any","voip","APP-SRV-01","any","voip-generic","application-default","Allow","strict","","any"
"3921","STD_SERVER_TO_AD_1592","Shared","none","universal","server","APP-SRV-02","any","any","ad","WEB-SRV-01","any","sip","application-default","Allow","strict","","any"
"3922","STD_DMZ_TO_SERVER_2129","Shared","none","universal","dmz","DC-01","any","any","server","VOIP-PBX-01","any","ping","application-default","Allow","strict","","any"
"3923","STD_AD_TO_INSIDE_3812","Shared","none","universal","ad","API-GATEWAY-01","any","any","inside","IOT-GATEWAY-01","any","mqtt","application-default","Allow","none","","any"
"3924","STD_SERVER_TO_OUTSIDE_2880","Shared","standard","universal","server","WORKSTATIONS-FLOOR2","any","any","outside","9.9.9.9/32","any","mqtt","application-default","Allow","strict","","any"
"3925","STD_INSIDE_TO_DMZ_1128","Shared","none","universal","inside","WORKSTATIONS-FLOOR1","any","any","dmz","WORKSTATIONS-FLOOR1","any","dns","application-default","Allow","none","","any"
"3926","STD_AD_TO_OUTSIDE_1056","Shared","app-team","universal","ad","APP-SRV-01","any","any","outside","1.1.1.1/32","any","voip-generic","application-default","Allow","strict","","any"
"3927","STD_IOT_TO_POS_288","Shared","standard","universal","iot","MGMT-JUMPBOX-01","any","any","pos","WORKSTATIONS-FLOOR2","any","ssl","application-default","Allow","strict","","any"
"3928","STD_POS_TO_IOT_3079","Shared","standard","universal","pos","VOIP-PBX-01","any","any","iot","VOIP-PBX-01","any","ping","application-default","Allow","strict","","any"
"3929","STD_VOIP_TO_MGMT_565","Shared","none","universal","voip","MGMT-JUMPBOX-01","any","any","mgmt","APP-SRV-01","any","voip-generic","application-default","Allow","strict","","any"
"3930","SCOPED_NO_PROFILE_10","Shared","partner-integration","universal","outside","PARTNER-VENDOR-A","any","any","dmz","API-GATEWAY-01","any","ssl","application-default","Allow","none","","any"
"3931","SCOPED_INTERNAL_INSIDE_TO_VOIP_51","Shared","standard","universal","inside","APP-SRV-01","any","any","voip","DB-SRV-01","any","ping","application-default","Allow","strict","","any"
"3932","SERVER_TO_DC_26","Shared","ad-auth","universal","server","WORKSTATIONS-FLOOR2","any","any","ad","DOMAIN-CONTROLLERS-G","any","ms-ds-smb","application-default","Allow","none","","any"
"3933","STD_SERVER_TO_AD_2507","Shared","none","universal","server","DB-SRV-01","any","any","ad","API-GATEWAY-01","any","web-browsing","application-default","Allow","strict","","any"
"3934","STD_INSIDE_TO_OUTSIDE_1898","Shared","app-team","universal","inside","WORKSTATIONS-FLOOR1","any","any","outside","8.8.8.8/32","any","ntp","application-default","Allow","strict","","any"
"3935","STD_VOIP_TO_MGMT_1020","Shared","app-team","universal","voip","WORKSTATIONS-FLOOR1","any","any","mgmt","WEB-SRV-02","any","snmp-base","application-default","Allow","strict","","any"
"3936","STD_INSIDE_TO_DMZ_1095","Shared","standard","universal","inside","FILE-SRV-01","any","any","dmz","VOIP-PBX-01","any","ntp","application-default","Allow","strict","","any"
"3937","STD_AD_TO_OUTSIDE_3817","Shared","none","universal","ad","WEB-SRV-01","any","any","outside","8.8.8.8/32","any","sip","application-default","Allow","strict","","any"
"3938","STD_IOT_TO_OUTSIDE_2244","Shared","none","universal","iot","DC-01","any","any","outside","1.1.1.1/32","any","ping","application-default","Allow","strict","","any"
"3939","STD_INSIDE_TO_SERVER_3732","Shared","app-team","universal","inside","WEB-SRV-01","any","any","server","MGMT-JUMPBOX-01","any","ping","application-default","Allow","strict","","any"
"3940","STD_INSIDE_TO_POS_1659","Shared","standard","universal","inside","WORKSTATIONS-FLOOR1","any","any","pos","API-GATEWAY-01","any","web-browsing","application-default","Allow","none","","any"
"3941","STD_DMZ_TO_INSIDE_995","Shared","none","universal","dmz","API-GATEWAY-01","any","any","inside","WORKSTATIONS-FLOOR2","any","mqtt","application-default","Allow","strict","","any"
"3942","STD_DMZ_TO_POS_1182","Shared","app-team","universal","dmz","IOT-GATEWAY-01","any","any","pos","WORKSTATIONS-FLOOR1","any","sip","application-default","Allow","strict","","any"
"3943","STD_DMZ_TO_MGMT_883","Shared","standard","universal","dmz","IOT-GATEWAY-01","any","any","mgmt","DC-01","any","web-browsing","application-default","Allow","strict","","any"
"3944","STD_AD_TO_OUTSIDE_2313","Shared","standard","universal","ad","APP-SRV-01","any","any","outside","8.8.8.8/32","any","snmp-base","application-default","Allow","strict","","any"
"3945","OPEN_OUTSIDE_TO_POS-TERMINALS-G_42","Shared","none","universal","outside","any","any","any","dmz","POS-TERMINALS-G","any","ldap","application-default","Allow","none","","any"
"3946","STD_SERVER_TO_INSIDE_386","Shared","none","universal","server","WEB-SRV-01","any","any","inside","VOIP-PBX-01","any","ssl","application-default","Allow","none","","any"
"3947","STD_IOT_TO_VOIP_2979","Shared","app-team","universal","iot","FILE-SRV-01","any","any","voip","WORKSTATIONS-FLOOR1","any","smtp","application-default","Allow","none","","any"
"3948","STD_OUTSIDE_TO_VOIP_1999","Shared","app-team","universal","outside","any","any","any","voip","VOIP-PBX-01","any","ssl","application-default","Allow","strict","","any"
"3949","STD_DMZ_TO_POS_167","Shared","none","universal","dmz","IOT-GATEWAY-01","any","any","pos","DB-SRV-01","any","ping","application-default","Allow","strict","","any"
"3950","STD_SERVER_TO_INSIDE_260","Shared","app-team","universal","server","WEB-SRV-01","any","any","inside","WEB-SRV-02","any","sip","application-default","Allow","strict","","any"
"3951","STD_SERVER_TO_IOT_3191","Shared","app-team","universal","server","FILE-SRV-01","any","any","iot","APP-SRV-01","any","ntp","application-default","Allow","strict","","any"
"3952","STD_OUTSIDE_TO_DMZ_3370","Shared","standard","universal","outside","any","any","any","dmz","DC-01","any","snmp-base","application-default","Allow","strict","","any"
"3953","REMOTE_ACCESS_31","Shared","remote-support","universal","outside","any","any","any","ad","MGMT-JUMPBOX-01","any","teamviewer","application-default","Allow","none","","any"
"3954","STD_OUTSIDE_TO_SERVER_3046","Shared","standard","universal","outside","any","any","any","server","WORKSTATIONS-FLOOR1","any","ssl","application-default","Allow","strict","","any"
"3955","STD_IOT_TO_AD_2186","Shared","standard","universal","iot","APP-SRV-02","any","any","ad","WEB-SRV-02","any","mqtt","application-default","Allow","strict","","any"
"3956","STD_POS_TO_IOT_2474","Shared","app-team","universal","pos","MGMT-JUMPBOX-01","any","any","iot","FILE-SRV-01","any","smtp","application-default","Allow","strict","","any"
"3957","STD_MGMT_TO_VOIP_2827","Shared","none","universal","mgmt","WEB-SRV-01","any","any","voip","MGMT-JUMPBOX-01","any","ntp","application-default","Allow","strict","","any"
"3958","STD_DMZ_TO_MGMT_1703","Shared","none","universal","dmz","APP-SRV-02","any","any","mgmt","APP-SRV-01","any","sip","application-default","Allow","strict","","any"
"3959","STD_SERVER_TO_DMZ_3230","Shared","app-team","universal","server","IOT-GATEWAY-01","any","any","dmz","FILE-SRV-01","any","voip-generic","application-default","Allow","strict","","any"
"3960","STD_INSIDE_TO_SERVER_3119","Shared","standard","universal","inside","WORKSTATIONS-FLOOR1","any","any","server","APP-SRV-01","any","sip","application-default","Allow","none","","any"
"3961","STD_OUTSIDE_TO_DMZ_2508","Shared","app-team","universal","outside","any","any","any","dmz","API-GATEWAY-01","any","ntp","application-default","Allow","strict","","any"
"3962","STD_IOT_TO_MGMT_1148","Shared","none","universal","iot","APP-SRV-01","any","any","mgmt","IOT-GATEWAY-01","any","smtp","application-default","Allow","none","","any"
"3963","STD_DMZ_TO_AD_775","Shared","standard","universal","dmz","WEB-SRV-01","any","any","ad","WEB-SRV-01","any","ping","application-default","Allow","none","","any"
"3964","STD_POS_TO_DMZ_1504","Shared","standard","universal","pos","APP-SRV-01","any","any","dmz","FILE-SRV-01","any","ping","application-default","Allow","strict","","any"
"3965","SCOPED_PARTNER_TO_WEB-SRV-02_39","Shared","partner-integration","universal","outside","PARTNER-VENDOR-B","any","any","dmz","WEB-SRV-02","any","ssl","application-default","Allow","strict","","any"
"3966","STD_OUTSIDE_TO_MGMT_137","Shared","app-team","universal","outside","any","any","any","mgmt","FILE-SRV-01","any","web-browsing","application-default","Allow","strict","","any"
"3967","STD_POS_TO_OUTSIDE_3527","Shared","standard","universal","pos","DB-SRV-01","any","any","outside","9.9.9.9/32","any","web-browsing","application-default","Allow","strict","","any"
"3968","OPEN_OUTSIDE_TO_CRITICAL-INFRA-G_64","Shared","none","universal","outside","any","any","any","mgmt","CRITICAL-INFRA-G","any","ms-rdp","application-default","Allow","none","","any"
"3969","STD_IOT_TO_MGMT_2172","Shared","app-team","universal","iot","VOIP-PBX-01","any","any","mgmt","APP-SRV-01","any","sip","application-default","Allow","none","","any"
"3970","[Disabled] OLD_DISABLED_20","Shared","none","universal","outside","any","any","any","voip","FILE-SRV-01","any","any","any","Allow","none","","any"
"3971","STD_OUTSIDE_TO_DMZ_3132","Shared","standard","universal","outside","any","any","any","dmz","APP-SRV-02","any","web-browsing","application-default","Allow","none","","any"
"3972","STD_POS_TO_OUTSIDE_1646","Shared","standard","universal","pos","DB-SRV-01","any","any","outside","1.1.1.1/32","any","snmp-base","application-default","Allow","none","","any"
"3973","LEGACY_PORT_1","Shared","legacy-port","universal","inside","any","any","any","server","FILE-SRV-01","any","any","tcp-27017","Allow","none","","any"
"3974","STD_SERVER_TO_AD_22","Shared","app-team","universal","server","FILE-SRV-01","any","any","ad","WORKSTATIONS-FLOOR2","any","ntp","application-default","Allow","none","","any"
"3975","STD_VOIP_TO_SERVER_2514","Shared","none","universal","voip","IOT-GATEWAY-01","any","any","server","APP-SRV-01","any","ntp","application-default","Allow","strict","","any"
"3976","STD_MGMT_TO_VOIP_2010","Shared","none","universal","mgmt","APP-SRV-01","any","any","voip","WORKSTATIONS-FLOOR2","any","smtp","application-default","Allow","strict","","any"
"3977","STD_VOIP_TO_SERVER_1595","Shared","standard","universal","voip","WORKSTATIONS-FLOOR1","any","any","server","WORKSTATIONS-FLOOR2","any","dns","application-default","Allow","strict","","any"
"3978","STD_SERVER_TO_INSIDE_106","Shared","standard","universal","server","APP-SRV-02","any","any","inside","DB-SRV-01","any","voip-generic","application-default","Allow","strict","","any"
"3979","STD_SERVER_TO_AD_3660","Shared","standard","universal","server","API-GATEWAY-01","any","any","ad","WORKSTATIONS-FLOOR1","any","mqtt","application-default","Allow","strict","","any"
"3980","OPEN_OUTSIDE_TO_APP-SERVERS-G_50","Shared","legacy-open","universal","outside","any","any","any","pos","APP-SERVERS-G","any","ldap","application-default","Allow","none","","any"
"3981","STD_VOIP_TO_IOT_64","Shared","standard","universal","voip","DB-SRV-01","any","any","iot","WORKSTATIONS-FLOOR2","any","sip","application-default","Allow","strict","","any"
"3982","STD_DMZ_TO_IOT_3131","Shared","app-team","universal","dmz","DC-01","any","any","iot","WORKSTATIONS-FLOOR1","any","sip","application-default","Allow","strict","","any"
"3983","STD_INSIDE_TO_VOIP_220","Shared","app-team","universal","inside","VOIP-PBX-01","any","any","voip","VOIP-PBX-01","any","voip-generic","application-default","Allow","strict","","any"
"3984","STD_SERVER_TO_DMZ_3863","Shared","none","universal","server","WORKSTATIONS-FLOOR1","any","any","dmz","APP-SRV-02","any","mqtt","application-default","Allow","strict","","any"
"3985","STD_POS_TO_MGMT_2654","Shared","none","universal","pos","APP-SRV-01","any","any","mgmt","APP-SRV-02","any","web-browsing","application-default","Allow","strict","","any"
"3986","STD_INSIDE_TO_OUTSIDE_289","Shared","standard","universal","inside","APP-SRV-01","any","any","outside","8.8.8.8/32","any","dns","application-default","Allow","strict","","any"
"3987","OPEN_OUTSIDE_TO_CRITICAL-INFRA-G_90","Shared","none","universal","outside","any","any","any","dmz","CRITICAL-INFRA-G","any","teamviewer","application-default","Allow","none","","any"
"3988","SCOPED_PARTNER_TO_WEB-SRV-02_36","Shared","partner-integration","universal","outside","THIRD-PARTY-PAYMENT-GW","any","any","dmz","WEB-SRV-02","any","ssl","application-default","Allow","strict","","any"
"3989","STD_IOT_TO_VOIP_1230","Shared","standard","universal","iot","MGMT-JUMPBOX-01","any","any","voip","APP-SRV-01","any","web-browsing","application-default","Allow","none","","any"
"3990","STD_SERVER_TO_DMZ_1839","Shared","none","universal","server","DB-SRV-01","any","any","dmz","IOT-GATEWAY-01","any","ping","application-default","Allow","strict","","any"
"3991","STD_OUTSIDE_TO_SERVER_3287","Shared","standard","universal","outside","any","any","any","server","WORKSTATIONS-FLOOR1","any","ssl","application-default","Allow","strict","","any"
"3992","STD_AD_TO_VOIP_2148","Shared","standard","universal","ad","WEB-SRV-02","any","any","voip","WEB-SRV-01","any","mqtt","application-default","Allow","strict","","any"
"3993","SCOPED_PARTNER_TO_WEB-SRV-02_8","Shared","partner-integration","universal","outside","PARTNER-VENDOR-B","any","any","dmz","WEB-SRV-02","any","ssl","application-default","Allow","strict","","any"
"3994","SCOPED_INTERNAL_VOIP_TO_POS_79","Shared","standard","universal","voip","APP-SRV-01","any","any","pos","DB-SRV-01","any","ping","application-default","Allow","strict","","any"
"3995","OUTBOUND_OPEN_1","Shared","legacy-open","universal","inside","any","any","any","outside","any","any","any","any","Allow","none","","any"
"3996","OUTBOUND_OPEN_22","Shared","legacy-open","universal","voip","any","any","any","outside","any","any","any","any","Allow","none","","any"
"3997","STD_AD_TO_VOIP_1076","Shared","standard","universal","ad","DC-01","any","any","voip","WORKSTATIONS-FLOOR1","any","ping","application-default","Allow","strict","","any"
"3998","STD_IOT_TO_MGMT_2443","Shared","none","universal","iot","IOT-GATEWAY-01","any","any","mgmt","WEB-SRV-02","any","snmp-base","application-default","Allow","strict","","any"
"3999","STD_DMZ_TO_SERVER_3405","Shared","none","universal","dmz","WEB-SRV-01","any","any","server","API-GATEWAY-01","any","snmp-base","application-default","Allow","none","","any"
"4000","STD_OUTSIDE_TO_MGMT_1105","Shared","app-team","universal","outside","any","any","any","mgmt","VOIP-PBX-01","any","ping","application-default","Allow","strict","","any"
"4001","STD_INSIDE_TO_DMZ_3789","Shared","standard","universal","inside","APP-SRV-01","any","any","dmz","WORKSTATIONS-FLOOR2","any","smtp","application-default","Allow","strict","","any"
"4002","CORP_TO_POS_29","Shared","admin-access","universal","inside","any","any","any","pos","any","any","any","application-default","Allow","none","","any"
"4003","STD_OUTSIDE_TO_INSIDE_1502","Shared","standard","universal","outside","any","any","any","inside","IOT-GATEWAY-01","any","web-browsing","application-default","Allow","none","","any"
"4004","STD_INSIDE_TO_SERVER_1098","Shared","app-team","universal","inside","VOIP-PBX-01","any","any","server","VOIP-PBX-01","any","web-browsing","application-default","Allow","none","","any"
"4005","STD_POS_TO_MGMT_1233","Shared","none","universal","pos","DC-01","any","any","mgmt","WORKSTATIONS-FLOOR2","any","voip-generic","application-default","Allow","strict","","any"
"4006","STD_MGMT_TO_POS_3300","Shared","app-team","universal","mgmt","WEB-SRV-01","any","any","pos","FILE-SRV-01","any","mqtt","application-default","Allow","none","","any"
"4007","STD_AD_TO_OUTSIDE_1326","Shared","standard","universal","ad","WORKSTATIONS-FLOOR1","any","any","outside","1.1.1.1/32","any","smtp","application-default","Allow","strict","","any"
"4008","STD_IOT_TO_SERVER_412","Shared","none","universal","iot","API-GATEWAY-01","any","any","server","WORKSTATIONS-FLOOR2","any","sip","application-default","Allow","strict","","any"
"4009","STD_MGMT_TO_OUTSIDE_1729","Shared","standard","universal","mgmt","WORKSTATIONS-FLOOR2","any","any","outside","9.9.9.9/32","any","sip","application-default","Allow","strict","","any"
"4010","LEGACY_PORT_23","Shared","legacy-port","universal","outside","any","any","any","dmz","BACKUP-SRV-01","any","any","tcp-23","Allow","none","","any"
"4011","STD_SERVER_TO_AD_1168","Shared","none","universal","server","VOIP-PBX-01","any","any","ad","APP-SRV-01","any","snmp-base","application-default","Allow","strict","","any"
"4012","STD_VOIP_TO_MGMT_2100","Shared","none","universal","voip","WORKSTATIONS-FLOOR2","any","any","mgmt","WORKSTATIONS-FLOOR2","any","smtp","application-default","Allow","none","","any"
"4013","STD_SERVER_TO_AD_2400","Shared","none","universal","server","VOIP-PBX-01","any","any","ad","DB-SRV-01","any","snmp-base","application-default","Allow","strict","","any"
"4014","[Disabled] OLD_DISABLED_8","Shared","none","universal","outside","any","any","any","voip","APP-SRV-01","any","any","any","Allow","none","","any"
"4015","STD_OUTSIDE_TO_DMZ_2992","Shared","standard","universal","outside","any","any","any","dmz","FILE-SRV-01","any","smtp","application-default","Allow","none","","any"
"4016","STD_OUTSIDE_TO_AD_2863","Shared","standard","universal","outside","any","any","any","ad","DB-SRV-01","any","snmp-base","application-default","Allow","strict","","any"
"4017","STD_INSIDE_TO_SERVER_633","Shared","app-team","universal","inside","API-GATEWAY-01","any","any","server","DC-01","any","mqtt","application-default","Allow","none","","any"
"4018","OUTBOUND_SCOPED_46","Shared","outbound-standard","universal","mgmt","WORKSTATIONS-FLOOR1","any","any","outside","CLOUD-BACKUP-PROVIDER","any","voip-generic","application-default","Allow","strict","","any"
"4019","STD_MGMT_TO_IOT_910","Shared","standard","universal","mgmt","WEB-SRV-02","any","any","iot","DB-SRV-01","any","smtp","application-default","Allow","none","","any"
"4020","STD_SERVER_TO_IOT_2362","Shared","standard","universal","server","IOT-GATEWAY-01","any","any","iot","APP-SRV-01","any","web-browsing","application-default","Allow","none","","any"
"4021","OPEN_OUTSIDE_TO_MGMT-HOSTS-G_89","Shared","none","universal","outside","any","any","any","server","MGMT-HOSTS-G","any","ftp","application-default","Allow","none","","any"
"4022","STD_INSIDE_TO_POS_3580","Shared","app-team","universal","inside","IOT-GATEWAY-01","any","any","pos","WORKSTATIONS-FLOOR2","any","snmp-base","application-default","Allow","strict","","any"
"4023","STD_DMZ_TO_AD_1566","Shared","none","universal","dmz","IOT-GATEWAY-01","any","any","ad","IOT-GATEWAY-01","any","ssl","application-default","Allow","strict","","any"
"4024","STD_AD_TO_OUTSIDE_2841","Shared","app-team","universal","ad","IOT-GATEWAY-01","any","any","outside","9.9.9.9/32","any","voip-generic","application-default","Allow","strict","","any"
"4025","STD_SERVER_TO_VOIP_3408","Shared","none","universal","server","DC-01","any","any","voip","MGMT-JUMPBOX-01","any","smtp","application-default","Allow","strict","","any"
"4026","STD_IOT_TO_OUTSIDE_3491","Shared","standard","universal","iot","FILE-SRV-01","any","any","outside","8.8.8.8/32","any","web-browsing","application-default","Allow","none","","any"
"4027","STD_VOIP_TO_IOT_970","Shared","app-team","universal","voip","WORKSTATIONS-FLOOR2","any","any","iot","DB-SRV-01","any","ntp","application-default","Allow","none","","any"
"4028","STD_DMZ_TO_IOT_2190","Shared","none","universal","dmz","VOIP-PBX-01","any","any","iot","MGMT-JUMPBOX-01","any","smtp","application-default","Allow","strict","","any"
"4029","STD_DMZ_TO_OUTSIDE_1051","Shared","app-team","universal","dmz","APP-SRV-02","any","any","outside","9.9.9.9/32","any","sip","application-default","Allow","strict","","any"
"4030","OPEN_OUTSIDE_TO_WEB-SERVERS-G_120","Shared","legacy-open","universal","outside","any","any","any","pos","WEB-SERVERS-G","any","telnet","application-default","Allow","none","","any"
"4031","STD_OUTSIDE_TO_SERVER_1031","Shared","none","universal","outside","any","any","any","server","FILE-SRV-01","any","ping","application-default","Allow","strict","","any"
"4032","STD_AD_TO_SERVER_431","Shared","standard","universal","ad","DB-SRV-01","any","any","server","WORKSTATIONS-FLOOR2","any","ssl","application-default","Allow","strict","","any"
"4033","STD_AD_TO_SERVER_2488","Shared","app-team","universal","ad","APP-SRV-01","any","any","server","MGMT-JUMPBOX-01","any","smtp","application-default","Allow","strict","","any"
"4034","STD_IOT_TO_MGMT_1895","Shared","standard","universal","iot","API-GATEWAY-01","any","any","mgmt","API-GATEWAY-01","any","smtp","application-default","Allow","none","","any"
"4035","LEGACY_PORT_48","Shared","legacy-port","universal","inside","any","any","any","iot","DC-02","any","any","tcp-27017","Allow","none","","any"
"4036","STD_AD_TO_INSIDE_1330","Shared","standard","universal","ad","WEB-SRV-01","any","any","inside","WEB-SRV-02","any","sip","application-default","Allow","strict","","any"
"4037","BROAD_INTERNAL_IOT_TO_SERVER_46","Shared","internal","universal","iot","any","any","any","server","any","any","any","any","Allow","none","","any"
"4038","INSIDE_TO_DC_60","Shared","ad-auth","universal","inside","WORKSTATIONS-FLOOR1","any","any","ad","DOMAIN-CONTROLLERS-G","any","ldap","application-default","Allow","none","","any"
"4039","STD_POS_TO_VOIP_3070","Shared","app-team","universal","pos","DC-01","any","any","voip","DB-SRV-01","any","ssl","application-default","Allow","strict","","any"
"4040","STD_INSIDE_TO_IOT_2843","Shared","app-team","universal","inside","APP-SRV-02","any","any","iot","WEB-SRV-02","any","ping","application-default","Allow","strict","","any"
"4041","RISKY_OUTSIDE_TO_MGMT-JUMPBOX-01_4","Shared","remote-access","universal","outside","any","any","any","ad","MGMT-JUMPBOX-01","any","anydesk","application-default","Allow","none","","any"
"4042","STD_OUTSIDE_TO_DMZ_743","Shared","app-team","universal","outside","any","any","any","dmz","MGMT-JUMPBOX-01","any","snmp-base","application-default","Allow","strict","","any"
"4043","STD_INSIDE_TO_SERVER_470","Shared","standard","universal","inside","APP-SRV-02","any","any","server","WEB-SRV-02","any","dns","application-default","Allow","none","","any"
"4044","STD_INSIDE_TO_AD_3930","Shared","none","universal","inside","DB-SRV-01","any","any","ad","DC-01","any","ping","application-default","Allow","strict","","any"
"4045","STD_INSIDE_TO_DMZ_1422","Shared","none","universal","inside","APP-SRV-01","any","any","dmz","DC-01","any","snmp-base","application-default","Allow","strict","","any"
"4046","STD_MGMT_TO_OUTSIDE_3867","Shared","app-team","universal","mgmt","WEB-SRV-01","any","any","outside","8.8.8.8/32","any","sip","application-default","Allow","none","","any"
"4047","SCOPED_PARTNER_TO_API-GATEWAY-01_23","Shared","partner-integration","universal","outside","THIRD-PARTY-PAYMENT-GW","any","any","dmz","API-GATEWAY-01","any","ssl","application-default","Allow","strict","","any"
"4048","STD_DMZ_TO_VOIP_2255","Shared","standard","universal","dmz","WORKSTATIONS-FLOOR2","any","any","voip","FILE-SRV-01","any","ping","application-default","Allow","none","","any"
"4049","DUPLICATE_NAME_TEST","Shared","none","universal","outside","any","any","any","dmz","WEB-SRV-01","any","ssl","application-default","Allow","strict","","any"
"4050","STD_VOIP_TO_MGMT_91","Shared","standard","universal","voip","WEB-SRV-01","any","any","mgmt","WORKSTATIONS-FLOOR1","any","ntp","application-default","Allow","strict","","any"
"4051","STD_OUTSIDE_TO_MGMT_1280","Shared","none","universal","outside","any","any","any","mgmt","APP-SRV-01","any","voip-generic","application-default","Allow","none","","any"
"4052","STD_DMZ_TO_IOT_3777","Shared","standard","universal","dmz","IOT-GATEWAY-01","any","any","iot","APP-SRV-02","any","dns","application-default","Allow","strict","","any"
"4053","STD_IOT_TO_SERVER_3496","Shared","none","universal","iot","FILE-SRV-01","any","any","server","WEB-SRV-02","any","snmp-base","application-default","Allow","none","","any"
"4054","STD_OUTSIDE_TO_DMZ_243","Shared","none","universal","outside","any","any","any","dmz","FILE-SRV-01","any","web-browsing","application-default","Allow","none","","any"
"4055","IOT_TO_DC_8","Shared","ad-auth","universal","iot","any","any","any","ad","DOMAIN-CONTROLLERS-G","any","ms-ds-smb","application-default","Allow","none","","any"
"4056","SCOPED_PARTNER_TO_WEB-SRV-02_16","Shared","partner-integration","universal","outside","PARTNER-VENDOR-B","any","any","dmz","WEB-SRV-02","any","ssl","application-default","Allow","strict","","any"
"4057","STD_IOT_TO_DMZ_3596","Shared","app-team","universal","iot","WEB-SRV-01","any","any","dmz","IOT-GATEWAY-01","any","web-browsing","application-default","Allow","none","","any"
"4058","STD_INSIDE_TO_POS_3731","Shared","standard","universal","inside","APP-SRV-01","any","any","pos","WORKSTATIONS-FLOOR1","any","ntp","application-default","Allow","strict","","any"
"4059","STD_MGMT_TO_POS_3687","Shared","app-team","universal","mgmt","VOIP-PBX-01","any","any","pos","WEB-SRV-02","any","sip","application-default","Allow","none","","any"
"4060","STD_DMZ_TO_OUTSIDE_2251","Shared","app-team","universal","dmz","MGMT-JUMPBOX-01","any","any","outside","1.1.1.1/32","any","ping","application-default","Allow","none","","any"
"4061","STD_MGMT_TO_VOIP_72","Shared","standard","universal","mgmt","APP-SRV-02","any","any","voip","WEB-SRV-01","any","ping","application-default","Allow","strict","","any"
"4062","STD_POS_TO_VOIP_3592","Shared","standard","universal","pos","WORKSTATIONS-FLOOR2","any","any","voip","VOIP-PBX-01","any","sip","application-default","Allow","none","","any"
"4063","STD_SERVER_TO_MGMT_422","Shared","standard","universal","server","IOT-GATEWAY-01","any","any","mgmt","WEB-SRV-02","any","sip","application-default","Allow","strict","","any"
"4064","STD_INSIDE_TO_DMZ_1240","Shared","none","universal","inside","MGMT-JUMPBOX-01","any","any","dmz","APP-SRV-02","any","web-browsing","application-default","Allow","strict","","any"
"4065","STD_AD_TO_SERVER_2837","Shared","standard","universal","ad","MGMT-JUMPBOX-01","any","any","server","API-GATEWAY-01","any","ssl","application-default","Allow","strict","","any"
"4066","STD_AD_TO_INSIDE_2015","Shared","none","universal","ad","WORKSTATIONS-FLOOR1","any","any","inside","IOT-GATEWAY-01","any","ntp","application-default","Allow","strict","","any"
"4067","OUTBOUND_OPEN_30","Shared","legacy-open","universal","mgmt","any","any","any","outside","any","any","any","any","Allow","none","","any"
"4068","STD_INSIDE_TO_OUTSIDE_2222","Shared","app-team","universal","inside","FILE-SRV-01","any","any","outside","9.9.9.9/32","any","mqtt","application-default","Allow","strict","","any"
"4069","STD_VOIP_TO_OUTSIDE_2997","Shared","none","universal","voip","IOT-GATEWAY-01","any","any","outside","8.8.8.8/32","any","snmp-base","application-default","Allow","strict","","any"
"4070","STD_INSIDE_TO_IOT_3243","Shared","none","universal","inside","WORKSTATIONS-FLOOR2","any","any","iot","FILE-SRV-01","any","dns","application-default","Allow","strict","","any"
"4071","STD_POS_TO_MGMT_2006","Shared","app-team","universal","pos","MGMT-JUMPBOX-01","any","any","mgmt","WEB-SRV-01","any","sip","application-default","Allow","strict","","any"
"4072","STD_MGMT_TO_POS_3453","Shared","standard","universal","mgmt","WORKSTATIONS-FLOOR1","any","any","pos","DB-SRV-01","any","ssl","application-default","Allow","strict","","any"
"4073","REMOTE_ACCESS_10","Shared","remote-support","universal","outside","any","any","any","pos","FILE-SRV-01","any","logmein","application-default","Allow","none","","any"
"4074","STD_INSIDE_TO_AD_2566","Shared","standard","universal","inside","DC-01","any","any","ad","DB-SRV-01","any","snmp-base","application-default","Allow","strict","","any"
"4075","STD_MGMT_TO_INSIDE_879","Shared","app-team","universal","mgmt","APP-SRV-01","any","any","inside","VOIP-PBX-01","any","ssl","application-default","Allow","none","","any"
"4076","DNS_OUTBOUND_24","Shared","none","universal","inside","MGMT-JUMPBOX-01","any","any","outside","1.1.1.1/32","any","dns","tcp-853","Allow","strict","","any"
"4077","OUTBOUND_SCOPED_44","Shared","outbound-standard","universal","mgmt","MGMT-JUMPBOX-01","any","any","outside","VPN-CLIENT-RANGE","any","ntp","application-default","Allow","strict","","any"
"4078","TEMP_ACCESS_11","Shared","temp-poc","universal","outside","any","any","any","iot","any","any","any","any","Allow","none","","any"
"4079","STD_AD_TO_INSIDE_392","Shared","app-team","universal","ad","FILE-SRV-01","any","any","inside","DC-01","any","ntp","application-default","Allow","none","","any"
"4080","STD_AD_TO_IOT_1269","Shared","standard","universal","ad","DB-SRV-01","any","any","iot","DB-SRV-01","any","dns","application-default","Allow","none","","any"
"4081","STD_INSIDE_TO_POS_867","Shared","app-team","universal","inside","APP-SRV-01","any","any","pos","WEB-SRV-01","any","ping","application-default","Allow","none","","any"
"4082","STD_OUTSIDE_TO_IOT_1635","Shared","none","universal","outside","any","any","any","iot","WORKSTATIONS-FLOOR1","any","smtp","application-default","Allow","strict","","any"
"4083","STD_POS_TO_OUTSIDE_978","Shared","none","universal","pos","WEB-SRV-02","any","any","outside","1.1.1.1/32","any","ntp","application-default","Allow","strict","","any"
"4084","OUTBOUND_OPEN_43","Shared","legacy-open","universal","inside","any","any","any","outside","any","any","any","any","Allow","none","","any"
"4085","VOIP_TO_DC_74","Shared","ad-auth","universal","voip","WORKSTATIONS-FLOOR1","any","any","ad","DOMAIN-CONTROLLERS-G","any","ms-ds-smb","application-default","Allow","none","","any"
"4086","STD_DMZ_TO_IOT_457","Shared","none","universal","dmz","APP-SRV-02","any","any","iot","DC-01","any","ping","application-default","Allow","strict","","any"
"4087","STD_SERVER_TO_VOIP_415","Shared","standard","universal","server","APP-SRV-01","any","any","voip","WEB-SRV-02","any","ping","application-default","Allow","none","","any"
"4088","STD_POS_TO_OUTSIDE_3033","Shared","standard","universal","pos","WEB-SRV-02","any","any","outside","9.9.9.9/32","any","dns","application-default","Allow","none","","any"
"4089","STD_VOIP_TO_SERVER_389","Shared","none","universal","voip","DC-01","any","any","server","IOT-GATEWAY-01","any","snmp-base","application-default","Allow","strict","","any"
"4090","STD_SERVER_TO_DMZ_1127","Shared","app-team","universal","server","DB-SRV-01","any","any","dmz","IOT-GATEWAY-01","any","sip","application-default","Allow","none","","any"
"4091","STD_INSIDE_TO_DMZ_217","Shared","standard","universal","inside","WORKSTATIONS-FLOOR1","any","any","dmz","MGMT-JUMPBOX-01","any","snmp-base","application-default","Allow","strict","","any"
"4092","STD_POS_TO_INSIDE_3972","Shared","none","universal","pos","APP-SRV-02","any","any","inside","API-GATEWAY-01","any","mqtt","application-default","Allow","none","","any"
"4093","STD_IOT_TO_INSIDE_1368","Shared","app-team","universal","iot","FILE-SRV-01","any","any","inside","MGMT-JUMPBOX-01","any","ssl","application-default","Allow","strict","","any"
"4094","RISKY_OUTSIDE_TO_MGMT-JUMPBOX-01_47","Shared","remote-access","universal","outside","any","any","any","iot","MGMT-JUMPBOX-01","any","postgres","application-default","Allow","none","","any"
"4095","STD_MGMT_TO_AD_286","Shared","standard","universal","mgmt","VOIP-PBX-01","any","any","ad","IOT-GATEWAY-01","any","ping","application-default","Allow","strict","","any"
"4096","STD_SERVER_TO_INSIDE_759","Shared","app-team","universal","server","FILE-SRV-01","any","any","inside","WEB-SRV-01","any","ping","application-default","Allow","strict","","any"
"4097","CORP_TO_POS_16","Shared","admin-access","universal","dmz","any","any","any","pos","any","any","any","application-default","Allow","none","","any"
"4098","STD_OUTSIDE_TO_DMZ_1995","Shared","standard","universal","outside","any","any","any","dmz","WORKSTATIONS-FLOOR1","any","sip","application-default","Allow","none","","any"
"4099","STD_AD_TO_SERVER_1711","Shared","none","universal","ad","FILE-SRV-01","any","any","server","APP-SRV-02","any","ping","application-default","Allow","none","","any"
"4100","STD_POS_TO_OUTSIDE_1652","Shared","app-team","universal","pos","VOIP-PBX-01","any","any","outside","1.1.1.1/32","any","mqtt","application-default","Allow","none","","any"
"4101","STD_AD_TO_POS_2124","Shared","standard","universal","ad","WORKSTATIONS-FLOOR1","any","any","pos","MGMT-JUMPBOX-01","any","web-browsing","application-default","Allow","strict","","any"
"4102","STD_POS_TO_AD_1612","Shared","standard","universal","pos","APP-SRV-01","any","any","ad","VOIP-PBX-01","any","smtp","application-default","Allow","strict","","any"
"4103","STD_AD_TO_MGMT_1622","Shared","app-team","universal","ad","WEB-SRV-01","any","any","mgmt","WEB-SRV-02","any","ssl","application-default","Allow","strict","","any"
"4104","STD_POS_TO_SERVER_3626","Shared","none","universal","pos","FILE-SRV-01","any","any","server","APP-SRV-01","any","ssl","application-default","Allow","none","","any"
"4105","INSIDE_TO_DC_14","Shared","ad-auth","universal","inside","any","any","any","ad","DOMAIN-CONTROLLERS-G","any","kerberos","application-default","Allow","none","","any"
"4106","STD_SERVER_TO_DMZ_1464","Shared","app-team","universal","server","WORKSTATIONS-FLOOR1","any","any","dmz","WORKSTATIONS-FLOOR2","any","dns","application-default","Allow","none","","any"
"4107","REMOTE_ACCESS_33","Shared","remote-support","universal","outside","any","any","any","pos","APP-SRV-01","any","anydesk","application-default","Allow","none","","any"
"4108","DNS_OUTBOUND_9","Shared","none","universal","mgmt","MGMT-JUMPBOX-01","any","any","outside","9.9.9.9/32","any","any","tcp-853","Allow","none","","any"
"4109","STD_POS_TO_AD_3125","Shared","none","universal","pos","VOIP-PBX-01","any","any","ad","VOIP-PBX-01","any","dns","application-default","Allow","none","","any"
"4110","STD_VOIP_TO_AD_29","Shared","none","universal","voip","FILE-SRV-01","any","any","ad","DC-01","any","ntp","application-default","Allow","none","","any"
"4111","STD_POS_TO_IOT_3412","Shared","app-team","universal","pos","APP-SRV-01","any","any","iot","IOT-GATEWAY-01","any","ping","application-default","Allow","strict","","any"
"4112","LEGACY_PORT_64","Shared","legacy-port","universal","outside","any","any","any","pos","DC-02","any","any","tcp-1433","Allow","none","","any"
"4113","STD_DMZ_TO_INSIDE_2803","Shared","app-team","universal","dmz","FILE-SRV-01","any","any","inside","WEB-SRV-02","any","ping","application-default","Allow","strict","","any"
"4114","STD_POS_TO_DMZ_374","Shared","standard","universal","pos","DC-01","any","any","dmz","APP-SRV-02","any","ntp","application-default","Allow","strict","","any"
"4115","STD_POS_TO_SERVER_3216","Shared","standard","universal","pos","APP-SRV-02","any","any","server","WEB-SRV-02","any","smtp","application-default","Allow","strict","","any"
"4116","STD_MGMT_TO_AD_3109","Shared","standard","universal","mgmt","WORKSTATIONS-FLOOR2","any","any","ad","WEB-SRV-02","any","dns","application-default","Allow","strict","","any"
"4117","STD_DMZ_TO_OUTSIDE_2145","Shared","app-team","universal","dmz","DC-01","any","any","outside","9.9.9.9/32","any","smtp","application-default","Allow","strict","","any"
"4118","DNS_OUTBOUND_15","Shared","none","universal","server","WORKSTATIONS-FLOOR1","any","any","outside","8.8.8.8/32","any","dns-over-https","tcp-853","Allow","strict","","any"
"4119","STD_DMZ_TO_SERVER_3103","Shared","standard","universal","dmz","IOT-GATEWAY-01","any","any","server","MGMT-JUMPBOX-01","any","ntp","application-default","Allow","strict","","any"
"4120","STD_IOT_TO_SERVER_1258","Shared","none","universal","iot","WEB-SRV-01","any","any","server","DB-SRV-01","any","sip","application-default","Allow","strict","","any"
"4121","RISKY_OUTSIDE_TO_MGMT-JUMPBOX-01_61","Shared","remote-access","universal","outside","any","any","any","ad","MGMT-JUMPBOX-01","any","mysql","application-default","Allow","none","","any"
"4122","SCOPED_PARTNER_TO_WEB-SRV-02_21","Shared","partner-integration","universal","outside","PARTNER-VENDOR-B","any","any","dmz","WEB-SRV-02","any","ssl","application-default","Allow","strict","","any"
"4123","STD_AD_TO_POS_451","Shared","standard","universal","ad","MGMT-JUMPBOX-01","any","any","pos","WORKSTATIONS-FLOOR1","any","ssl","application-default","Allow","none","","any"
"4124","STD_POS_TO_IOT_882","Shared","standard","universal","pos","WORKSTATIONS-FLOOR1","any","any","iot","FILE-SRV-01","any","sip","application-default","Allow","strict","","any"
"4125","OUTBOUND_SCOPED_23","Shared","outbound-standard","universal","inside","APP-SRV-01","any","any","outside","VPN-CLIENT-RANGE","any","ping","application-default","Allow","strict","","any"
"4126","STD_SERVER_TO_OUTSIDE_1117","Shared","app-team","universal","server","DB-SRV-01","any","any","outside","8.8.8.8/32","any","ntp","application-default","Allow","none","","any"
"4127","STD_MGMT_TO_AD_3810","Shared","standard","universal","mgmt","APP-SRV-01","any","any","ad","WEB-SRV-01","any","sip","application-default","Allow","strict","","any"
"4128","STD_SERVER_TO_INSIDE_3535","Shared","app-team","universal","server","DC-01","any","any","inside","API-GATEWAY-01","any","ssl","application-default","Allow","strict","","any"
"4129","STD_SERVER_TO_INSIDE_3516","Shared","standard","universal","server","API-GATEWAY-01","any","any","inside","WEB-SRV-02","any","web-browsing","application-default","Allow","strict","","any"
"4130","STD_INSIDE_TO_MGMT_1395","Shared","app-team","universal","inside","WORKSTATIONS-FLOOR1","any","any","mgmt","FILE-SRV-01","any","snmp-base","application-default","Allow","strict","","any"
"4131","OUTBOUND_SCOPED_8","Shared","outbound-standard","universal","mgmt","APP-SRV-01","any","any","outside","CLOUD-BACKUP-PROVIDER","any","ntp","application-default","Allow","strict","","any"
"4132","STD_OUTSIDE_TO_VOIP_690","Shared","none","universal","outside","any","any","any","voip","APP-SRV-01","any","ssl","application-default","Allow","strict","","any"
"4133","STD_OUTSIDE_TO_IOT_613","Shared","standard","universal","outside","any","any","any","iot","DC-01","any","smtp","application-default","Allow","strict","","any"
"4134","STD_INSIDE_TO_POS_2883","Shared","standard","universal","inside","WORKSTATIONS-FLOOR2","any","any","pos","DB-SRV-01","any","snmp-base","application-default","Allow","strict","","any"
"4135","STD_POS_TO_OUTSIDE_1369","Shared","none","universal","pos","VOIP-PBX-01","any","any","outside","1.1.1.1/32","any","mqtt","application-default","Allow","strict","","any"
"4136","STD_POS_TO_MGMT_2814","Shared","standard","universal","pos","APP-SRV-01","any","any","mgmt","WEB-SRV-01","any","sip","application-default","Allow","none","","any"
"4137","STD_SERVER_TO_IOT_2892","Shared","app-team","universal","server","IOT-GATEWAY-01","any","any","iot","APP-SRV-01","any","voip-generic","application-default","Allow","strict","","any"
"4138","STD_MGMT_TO_OUTSIDE_3232","Shared","standard","universal","mgmt","WEB-SRV-02","any","any","outside","1.1.1.1/32","any","smtp","application-default","Allow","strict","","any"
"4139","NEGATED_SINGLE_2","Shared","legacy","universal","any","[Negate]  203.0.2.0/24","any","any","dmz","any","any","anydesk","application-default","Allow","none","","any"
"4140","STD_VOIP_TO_MGMT_2706","Shared","none","universal","voip","WEB-SRV-02","any","any","mgmt","MGMT-JUMPBOX-01","any","web-browsing","application-default","Allow","none","","any"
"4141","STD_OUTSIDE_TO_IOT_1431","Shared","app-team","universal","outside","any","any","any","iot","WORKSTATIONS-FLOOR2","any","ntp","application-default","Allow","strict","","any"
"4142","STD_VOIP_TO_IOT_494","Shared","standard","universal","voip","DB-SRV-01","any","any","iot","IOT-GATEWAY-01","any","dns","application-default","Allow","strict","","any"
"4143","STD_DMZ_TO_INSIDE_2548","Shared","standard","universal","dmz","VOIP-PBX-01","any","any","inside","WEB-SRV-02","any","sip","application-default","Allow","strict","","any"
"4144","OPEN_OUTSIDE_TO_APP-SERVERS-G_28","Shared","legacy-open","universal","outside","any","any","any","mgmt","APP-SERVERS-G","any","ms-rdp","application-default","Allow","none","","any"
"4145","STD_POS_TO_AD_2050","Shared","none","universal","pos","WORKSTATIONS-FLOOR1","any","any","ad","WORKSTATIONS-FLOOR2","any","sip","application-default","Allow","none","","any"
"4146","STD_OUTSIDE_TO_AD_544","Shared","app-team","universal","outside","any","any","any","ad","APP-SRV-02","any","mqtt","application-default","Allow","strict","","any"
"4147","STD_MGMT_TO_VOIP_3848","Shared","app-team","universal","mgmt","WORKSTATIONS-FLOOR2","any","any","voip","APP-SRV-02","any","voip-generic","application-default","Allow","strict","","any"
"4148","STD_VOIP_TO_POS_478","Shared","app-team","universal","voip","WEB-SRV-01","any","any","pos","WORKSTATIONS-FLOOR2","any","dns","application-default","Allow","strict","","any"
"4149","STD_INSIDE_TO_MGMT_3000","Shared","app-team","universal","inside","VOIP-PBX-01","any","any","mgmt","APP-SRV-02","any","sip","application-default","Allow","strict","","any"
"4150","TEMP_ACCESS_12","Shared","temp-poc","universal","outside","any","any","any","pos","any","any","any","any","Allow","none","","any"
"4151","STD_IOT_TO_AD_1244","Shared","none","universal","iot","VOIP-PBX-01","any","any","ad","WEB-SRV-02","any","voip-generic","application-default","Allow","strict","","any"
"4152","STD_IOT_TO_POS_2021","Shared","app-team","universal","iot","IOT-GATEWAY-01","any","any","pos","FILE-SRV-01","any","dns","application-default","Allow","strict","","any"
"4153","STD_INSIDE_TO_IOT_1205","Shared","none","universal","inside","IOT-GATEWAY-01","any","any","iot","VOIP-PBX-01","any","mqtt","application-default","Allow","none","","any"
"4154","OUTBOUND_OPEN_45","Shared","legacy-open","universal","server","any","any","any","outside","any","any","any","any","Allow","none","","any"
"4155","STD_POS_TO_SERVER_1207","Shared","app-team","universal","pos","APP-SRV-02","any","any","server","WORKSTATIONS-FLOOR1","any","web-browsing","application-default","Allow","none","","any"
"4156","STD_DMZ_TO_INSIDE_1047","Shared","app-team","universal","dmz","MGMT-JUMPBOX-01","any","any","inside","APP-SRV-02","any","snmp-base","application-default","Allow","strict","","any"
"4157","STD_OUTSIDE_TO_VOIP_2068","Shared","app-team","universal","outside","any","any","any","voip","DB-SRV-01","any","ssl","application-default","Allow","strict","","any"
"4158","STD_VOIP_TO_IOT_660","Shared","standard","universal","voip","FILE-SRV-01","any","any","iot","IOT-GATEWAY-01","any","dns","application-default","Allow","none","","any"
"4159","STD_SERVER_TO_OUTSIDE_695","Shared","standard","universal","server","WEB-SRV-02","any","any","outside","1.1.1.1/32","any","mqtt","application-default","Allow","none","","any"
"4160","STD_IOT_TO_INSIDE_2620","Shared","none","universal","iot","FILE-SRV-01","any","any","inside","APP-SRV-01","any","web-browsing","application-default","Allow","none","","any"
"4161","STD_POS_TO_MGMT_486","Shared","standard","universal","pos","WORKSTATIONS-FLOOR2","any","any","mgmt","API-GATEWAY-01","any","voip-generic","application-default","Allow","strict","","any"
"4162","STD_POS_TO_INSIDE_1795","Shared","standard","universal","pos","FILE-SRV-01","any","any","inside","API-GATEWAY-01","any","dns","application-default","Allow","strict","","any"
"4163","STD_DMZ_TO_SERVER_3335","Shared","standard","universal","dmz","MGMT-JUMPBOX-01","any","any","server","VOIP-PBX-01","any","ssl","application-default","Allow","strict","","any"
"4164","STD_VOIP_TO_OUTSIDE_2516","Shared","standard","universal","voip","FILE-SRV-01","any","any","outside","9.9.9.9/32","any","dns","application-default","Allow","none","","any"
"4165","OUTBOUND_SCOPED_14","Shared","outbound-standard","universal","server","MGMT-JUMPBOX-01","any","any","outside","VPN-CLIENT-RANGE","any","voip-generic","application-default","Allow","strict","","any"
"4166","OPEN_OUTSIDE_TO_APP-SERVERS-G_31","Shared","legacy-open","universal","outside","any","any","any","pos","APP-SERVERS-G","any","splashtop","application-default","Allow","none","","any"
"4167","BROAD_INTERNAL_SERVER_TO_AD_49","Shared","internal","universal","server","any","any","any","ad","any","any","any","any","Allow","none","","any"
"4168","STD_IOT_TO_POS_3753","Shared","standard","universal","iot","WEB-SRV-02","any","any","pos","MGMT-JUMPBOX-01","any","dns","application-default","Allow","strict","","any"
"4169","STD_IOT_TO_MGMT_227","Shared","app-team","universal","iot","APP-SRV-01","any","any","mgmt","WORKSTATIONS-FLOOR2","any","mqtt","application-default","Allow","strict","","any"
"4170","STD_AD_TO_POS_734","Shared","none","universal","ad","DC-01","any","any","pos","API-GATEWAY-01","any","ntp","application-default","Allow","strict","","any"
"4171","STD_IOT_TO_AD_355","Shared","none","universal","iot","DB-SRV-01","any","any","ad","IOT-GATEWAY-01","any","ssl","application-default","Allow","none","","any"
"4172","STD_OUTSIDE_TO_VOIP_1300","Shared","none","universal","outside","any","any","any","voip","WORKSTATIONS-FLOOR1","any","web-browsing","application-default","Allow","strict","","any"
"4173","OPEN_OUTSIDE_TO_MGMT-HOSTS-G_11","Shared","legacy-open","universal","outside","any","any","any","mgmt","MGMT-HOSTS-G","any","logmein","any","Allow","none","","any"
"4174","SCOPED_PARTNER_TO_WEB-SRV-01_12","Shared","partner-integration","universal","outside","THIRD-PARTY-PAYMENT-GW","any","any","dmz","WEB-SRV-01","any","ssl","application-default","Allow","strict","","any"
"4175","STD_DMZ_TO_IOT_3562","Shared","standard","universal","dmz","WORKSTATIONS-FLOOR2","any","any","iot","DC-01","any","ping","application-default","Allow","none","","any"
"4176","STD_MGMT_TO_IOT_3699","Shared","standard","universal","mgmt","APP-SRV-02","any","any","iot","VOIP-PBX-01","any","voip-generic","application-default","Allow","strict","","any"
"4177","OUTBOUND_SCOPED_41","Shared","outbound-standard","universal","mgmt","WORKSTATIONS-FLOOR1","any","any","outside","VPN-CLIENT-RANGE","any","mqtt","application-default","Allow","strict","","any"
"4178","STD_DMZ_TO_AD_2783","Shared","standard","universal","dmz","WEB-SRV-02","any","any","ad","VOIP-PBX-01","any","sip","application-default","Allow","strict","","any"
"4179","STD_OUTSIDE_TO_POS_1375","Shared","standard","universal","outside","any","any","any","pos","IOT-GATEWAY-01","any","dns","application-default","Allow","strict","","any"
"4180","STD_MGMT_TO_OUTSIDE_2693","Shared","standard","universal","mgmt","API-GATEWAY-01","any","any","outside","9.9.9.9/32","any","smtp","application-default","Allow","strict","","any"
"4181","STD_DMZ_TO_INSIDE_3762","Shared","app-team","universal","dmz","WORKSTATIONS-FLOOR1","any","any","inside","MGMT-JUMPBOX-01","any","mqtt","application-default","Allow","strict","","any"
"4182","RISKY_OUTSIDE_TO_APP-SRV-02_3","Shared","remote-access","universal","outside","any","any","any","dmz","APP-SRV-02","any","ms-rdp","application-default","Allow","none","","any"
"4183","STD_VOIP_TO_OUTSIDE_2428","Shared","none","universal","voip","IOT-GATEWAY-01","any","any","outside","9.9.9.9/32","any","voip-generic","application-default","Allow","none","","any"
"4184","STD_MGMT_TO_AD_1265","Shared","app-team","universal","mgmt","VOIP-PBX-01","any","any","ad","VOIP-PBX-01","any","dns","application-default","Allow","none","","any"
"4185","STD_AD_TO_POS_784","Shared","none","universal","ad","IOT-GATEWAY-01","any","any","pos","DB-SRV-01","any","mqtt","application-default","Allow","strict","","any"
"4186","STD_INSIDE_TO_IOT_1294","Shared","none","universal","inside","DB-SRV-01","any","any","iot","MGMT-JUMPBOX-01","any","web-browsing","application-default","Allow","none","","any"
"4187","STD_OUTSIDE_TO_INSIDE_1845","Shared","standard","universal","outside","any","any","any","inside","IOT-GATEWAY-01","any","ssl","application-default","Allow","strict","","any"
"4188","STD_SERVER_TO_DMZ_1193","Shared","standard","universal","server","APP-SRV-01","any","any","dmz","WEB-SRV-01","any","ping","application-default","Allow","strict","","any"
"4189","SCOPED_INTERNAL_IOT_TO_VOIP_6","Shared","standard","universal","iot","MGMT-JUMPBOX-01","any","any","voip","FILE-SRV-01","any","ntp","application-default","Allow","strict","","any"
"4190","STD_AD_TO_DMZ_61","Shared","none","universal","ad","APP-SRV-02","any","any","dmz","DB-SRV-01","any","mqtt","application-default","Allow","strict","","any"
"4191","STD_IOT_TO_INSIDE_189","Shared","standard","universal","iot","WEB-SRV-02","any","any","inside","IOT-GATEWAY-01","any","dns","application-default","Allow","strict","","any"
"4192","VOIP_TO_DC_53","Shared","ad-auth","universal","voip","any","any","any","ad","DOMAIN-CONTROLLERS-G","any","ldap","application-default","Allow","none","","any"
"4193","STD_SERVER_TO_IOT_3344","Shared","app-team","universal","server","WEB-SRV-02","any","any","iot","WORKSTATIONS-FLOOR1","any","mqtt","application-default","Allow","strict","","any"
"4194","STD_INSIDE_TO_OUTSIDE_2752","Shared","standard","universal","inside","WORKSTATIONS-FLOOR2","any","any","outside","1.1.1.1/32","any","voip-generic","application-default","Allow","none","","any"
"4195","STD_POS_TO_INSIDE_3331","Shared","app-team","universal","pos","WEB-SRV-01","any","any","inside","IOT-GATEWAY-01","any","ntp","application-default","Allow","strict","","any"
"4196","STD_INSIDE_TO_SERVER_2691","Shared","app-team","universal","inside","API-GATEWAY-01","any","any","server","MGMT-JUMPBOX-01","any","web-browsing","application-default","Allow","strict","","any"
"4197","STD_INSIDE_TO_SERVER_3003","Shared","standard","universal","inside","VOIP-PBX-01","any","any","server","APP-SRV-01","any","ssl","application-default","Allow","none","","any"
"4198","STD_MGMT_TO_POS_216","Shared","none","universal","mgmt","FILE-SRV-01","any","any","pos","WORKSTATIONS-FLOOR2","any","mqtt","application-default","Allow","strict","","any"
"4199","STD_INSIDE_TO_AD_720","Shared","app-team","universal","inside","API-GATEWAY-01","any","any","ad","MGMT-JUMPBOX-01","any","sip","application-default","Allow","strict","","any"
"4200","STD_MGMT_TO_INSIDE_2189","Shared","app-team","universal","mgmt","FILE-SRV-01","any","any","inside","WORKSTATIONS-FLOOR2","any","voip-generic","application-default","Allow","strict","","any"
"4201","RISKY_OUTSIDE_TO_APP-SRV-01_49","Shared","remote-access","universal","outside","any","any","any","inside","APP-SRV-01","any","ssh","application-default","Allow","none","","any"
"4202","STD_INSIDE_TO_VOIP_1611","Shared","app-team","universal","inside","DB-SRV-01","any","any","voip","IOT-GATEWAY-01","any","web-browsing","application-default","Allow","strict","","any"
"4203","RISKY_OUTSIDE_TO_APP-SRV-01_57","Shared","remote-access","universal","outside","any","any","any","dmz","APP-SRV-01","any","ssh","application-default","Allow","none","","any"
"4204","STD_MGMT_TO_POS_166","Shared","app-team","universal","mgmt","VOIP-PBX-01","any","any","pos","WEB-SRV-01","any","dns","application-default","Allow","strict","","any"
"4205","OPEN_OUTSIDE_TO_WEB-SERVERS-G_82","Shared","none","universal","outside","any","any","any","dmz","WEB-SERVERS-G","any","any","any","Allow","none","","any"
"4206","STD_SERVER_TO_OUTSIDE_1481","Shared","none","universal","server","WEB-SRV-02","any","any","outside","1.1.1.1/32","any","sip","application-default","Allow","strict","","any"
"4207","STD_INSIDE_TO_DMZ_2631","Shared","app-team","universal","inside","WEB-SRV-02","any","any","dmz","DB-SRV-01","any","ping","application-default","Allow","strict","","any"
"4208","STD_POS_TO_INSIDE_1962","Shared","standard","universal","pos","WEB-SRV-01","any","any","inside","DC-01","any","dns","application-default","Allow","strict","","any"
"4209","STD_INSIDE_TO_DMZ_1777","Shared","none","universal","inside","VOIP-PBX-01","any","any","dmz","FILE-SRV-01","any","smtp","application-default","Allow","none","","any"
"4210","SCOPED_PARTNER_TO_WEB-SRV-02_73","Shared","partner-integration","universal","outside","PARTNER-VENDOR-B","any","any","dmz","WEB-SRV-02","any","ssl","application-default","Allow","strict","","any"
"4211","STD_AD_TO_OUTSIDE_3136","Shared","app-team","universal","ad","MGMT-JUMPBOX-01","any","any","outside","1.1.1.1/32","any","smtp","application-default","Allow","strict","","any"
"4212","STD_DMZ_TO_VOIP_125","Shared","none","universal","dmz","WORKSTATIONS-FLOOR1","any","any","voip","WORKSTATIONS-FLOOR1","any","web-browsing","application-default","Allow","strict","","any"
"4213","RISKY_OUTSIDE_TO_APP-SRV-02_103","Shared","remote-access","universal","outside","any","any","any","inside","APP-SRV-02","any","splashtop","application-default","Allow","none","","any"
"4214","STD_MGMT_TO_IOT_3856","Shared","none","universal","mgmt","DB-SRV-01","any","any","iot","VOIP-PBX-01","any","sip","application-default","Allow","none","","any"
"4215","STD_IOT_TO_DMZ_706","Shared","none","universal","iot","APP-SRV-02","any","any","dmz","VOIP-PBX-01","any","dns","application-default","Allow","none","","any"
"4216","STD_VOIP_TO_MGMT_1565","Shared","app-team","universal","voip","FILE-SRV-01","any","any","mgmt","WEB-SRV-01","any","smtp","application-default","Allow","strict","","any"
"4217","STD_DMZ_TO_IOT_1261","Shared","standard","universal","dmz","MGMT-JUMPBOX-01","any","any","iot","API-GATEWAY-01","any","dns","application-default","Allow","none","","any"
"4218","[Disabled] OLD_DISABLED_0","Shared","none","universal","outside","any","any","any","server","FILE-SRV-01","any","any","any","Allow","none","","any"
"4219","STD_DMZ_TO_VOIP_2498","Shared","standard","universal","dmz","WEB-SRV-02","any","any","voip","WEB-SRV-01","any","ping","application-default","Allow","none","","any"
"4220","OPEN_OUTSIDE_TO_WEB-SERVERS-G_119","Shared","legacy-open","universal","outside","any","any","any","dmz","WEB-SERVERS-G","any","postgres","any","Allow","none","","any"
"4221","STD_OUTSIDE_TO_VOIP_1490","Shared","none","universal","outside","any","any","any","voip","VOIP-PBX-01","any","ping","application-default","Allow","none","","any"
"4222","STD_DMZ_TO_POS_898","Shared","standard","universal","dmz","WEB-SRV-01","any","any","pos","WORKSTATIONS-FLOOR2","any","ssl","application-default","Allow","strict","","any"
"4223","STD_VOIP_TO_AD_3474","Shared","standard","universal","voip","API-GATEWAY-01","any","any","ad","MGMT-JUMPBOX-01","any","smtp","application-default","Allow","strict","","any"
"4224","STD_INSIDE_TO_AD_2535","Shared","none","universal","inside","MGMT-JUMPBOX-01","any","any","ad","WORKSTATIONS-FLOOR1","any","dns","application-default","Allow","strict","","any"
"4225","STD_OUTSIDE_TO_SERVER_1978","Shared","standard","universal","outside","any","any","any","server","DB-SRV-01","any","ping","application-default","Allow","strict","","any"
"4226","STD_IOT_TO_MGMT_2214","Shared","none","universal","iot","DC-01","any","any","mgmt","WORKSTATIONS-FLOOR2","any","smtp","application-default","Allow","strict","","any"
"4227","STD_AD_TO_MGMT_2103","Shared","none","universal","ad","WORKSTATIONS-FLOOR1","any","any","mgmt","WORKSTATIONS-FLOOR1","any","sip","application-default","Allow","none","","any"
"4228","STD_POS_TO_DMZ_1116","Shared","app-team","universal","pos","DB-SRV-01","any","any","dmz","MGMT-JUMPBOX-01","any","ntp","application-default","Allow","strict","","any"
"4229","STD_AD_TO_INSIDE_267","Shared","standard","universal","ad","WORKSTATIONS-FLOOR2","any","any","inside","APP-SRV-01","any","ssl","application-default","Allow","none","","any"
"4230","STD_MGMT_TO_INSIDE_1915","Shared","none","universal","mgmt","DC-01","any","any","inside","APP-SRV-02","any","smtp","application-default","Allow","none","","any"
"4231","STD_AD_TO_MGMT_2111","Shared","app-team","universal","ad","VOIP-PBX-01","any","any","mgmt","FILE-SRV-01","any","dns","application-default","Allow","none","","any"
"4232","STD_POS_TO_VOIP_3625","Shared","none","universal","pos","VOIP-PBX-01","any","any","voip","WORKSTATIONS-FLOOR2","any","smtp","application-default","Allow","strict","","any"
"4233","STD_IOT_TO_SERVER_2707","Shared","app-team","universal","iot","WEB-SRV-01","any","any","server","WORKSTATIONS-FLOOR1","any","web-browsing","application-default","Allow","strict","","any"
"4234","NEGATED_RFC1918_7","Shared","none","universal","server","[Negate]  10.0.0.0-10.255.255.255;[Negate]  172.16.0.0-172.31.255.255;[Negate]  192.168.0.0-192.168.255.255","any","any","outside","any","any","web-browsing","application-default","Allow","strict","","any"
"4235","STD_AD_TO_IOT_2800","Shared","none","universal","ad","DB-SRV-01","any","any","iot","DB-SRV-01","any","ping","application-default","Allow","none","","any"
"4236","OUTBOUND_SCOPED_26","Shared","outbound-standard","universal","server","MGMT-JUMPBOX-01","any","any","outside","CLOUD-BACKUP-PROVIDER","any","web-browsing","application-default","Allow","strict","","any"
"4237","LEGACY_PORT_8","Shared","legacy-port","universal","outside","any","any","any","iot","DC-02","any","any","tcp-3389","Allow","none","","any"
"4238","STD_INSIDE_TO_MGMT_2985","Shared","none","universal","inside","WORKSTATIONS-FLOOR2","any","any","mgmt","IOT-GATEWAY-01","any","web-browsing","application-default","Allow","strict","","any"
"4239","STD_IOT_TO_INSIDE_1515","Shared","app-team","universal","iot","APP-SRV-02","any","any","inside","DB-SRV-01","any","smtp","application-default","Allow","none","","any"
"4240","STD_DMZ_TO_OUTSIDE_1463","Shared","standard","universal","dmz","WEB-SRV-02","any","any","outside","9.9.9.9/32","any","web-browsing","application-default","Allow","none","","any"
"4241","STD_AD_TO_DMZ_430","Shared","none","universal","ad","WEB-SRV-02","any","any","dmz","MGMT-JUMPBOX-01","any","ntp","application-default","Allow","none","","any"
"4242","STD_SERVER_TO_VOIP_3105","Shared","none","universal","server","DB-SRV-01","any","any","voip","WORKSTATIONS-FLOOR2","any","voip-generic","application-default","Allow","strict","","any"
"4243","STD_VOIP_TO_AD_2807","Shared","standard","universal","voip","IOT-GATEWAY-01","any","any","ad","DC-01","any","ssl","application-default","Allow","none","","any"
"4244","STD_AD_TO_IOT_6","Shared","none","universal","ad","VOIP-PBX-01","any","any","iot","WEB-SRV-02","any","mqtt","application-default","Allow","strict","","any"
"4245","STD_IOT_TO_DMZ_976","Shared","standard","universal","iot","VOIP-PBX-01","any","any","dmz","FILE-SRV-01","any","dns","application-default","Allow","strict","","any"
"4246","STD_SERVER_TO_DMZ_212","Shared","app-team","universal","server","VOIP-PBX-01","any","any","dmz","APP-SRV-01","any","ssl","application-default","Allow","none","","any"
"4247","STD_POS_TO_DMZ_2735","Shared","app-team","universal","pos","DC-01","any","any","dmz","WORKSTATIONS-FLOOR1","any","dns","application-default","Allow","strict","","any"
"4248","STD_IOT_TO_OUTSIDE_257","Shared","app-team","universal","iot","APP-SRV-01","any","any","outside","8.8.8.8/32","any","ping","application-default","Allow","strict","","any"
"4249","STD_POS_TO_DMZ_3936","Shared","app-team","universal","pos","IOT-GATEWAY-01","any","any","dmz","FILE-SRV-01","any","snmp-base","application-default","Allow","strict","","any"
"4250","OUTBOUND_SCOPED_35","Shared","outbound-standard","universal","mgmt","APP-SRV-01","any","any","outside","173.100.84.182/32","any","web-browsing","application-default","Allow","strict","","any"
"4251","STD_INSIDE_TO_OUTSIDE_952","Shared","app-team","universal","inside","IOT-GATEWAY-01","any","any","outside","9.9.9.9/32","any","ntp","application-default","Allow","strict","","any"
"4252","STD_INSIDE_TO_POS_1156","Shared","none","universal","inside","WEB-SRV-01","any","any","pos","WORKSTATIONS-FLOOR2","any","mqtt","application-default","Allow","none","","any"
"4253","OUTBOUND_SCOPED_28","Shared","outbound-standard","universal","mgmt","WORKSTATIONS-FLOOR1","any","any","outside","VPN-CLIENT-RANGE","any","ntp","application-default","Allow","strict","","any"
"4254","STD_IOT_TO_INSIDE_3345","Shared","app-team","universal","iot","WEB-SRV-02","any","any","inside","IOT-GATEWAY-01","any","mqtt","application-default","Allow","strict","","any"
"4255","STD_IOT_TO_INSIDE_3254","Shared","app-team","universal","iot","WORKSTATIONS-FLOOR1","any","any","inside","WEB-SRV-02","any","sip","application-default","Allow","strict","","any"
"4256","STD_AD_TO_INSIDE_3087","Shared","standard","universal","ad","API-GATEWAY-01","any","any","inside","WEB-SRV-02","any","ssl","application-default","Allow","strict","","any"
"4257","STD_AD_TO_OUTSIDE_2110","Shared","none","universal","ad","WORKSTATIONS-FLOOR2","any","any","outside","8.8.8.8/32","any","snmp-base","application-default","Allow","strict","","any"
"4258","STD_SERVER_TO_POS_2423","Shared","none","universal","server","APP-SRV-02","any","any","pos","VOIP-PBX-01","any","ssl","application-default","Allow","strict","","any"
"4259","STD_AD_TO_INSIDE_1219","Shared","none","universal","ad","WEB-SRV-01","any","any","inside","FILE-SRV-01","any","voip-generic","application-default","Allow","strict","","any"
"4260","STD_VOIP_TO_AD_1250","Shared","standard","universal","voip","WEB-SRV-02","any","any","ad","IOT-GATEWAY-01","any","web-browsing","application-default","Allow","strict","","any"
"4261","SCOPED_INTERNAL_POS_TO_INSIDE_8","Shared","standard","universal","pos","MGMT-JUMPBOX-01","any","any","inside","DB-SRV-01","any","snmp-base","application-default","Allow","strict","","any"
"4262","STD_POS_TO_MGMT_721","Shared","app-team","universal","pos","DC-01","any","any","mgmt","WEB-SRV-01","any","web-browsing","application-default","Allow","strict","","any"
"4263","STD_AD_TO_INSIDE_1112","Shared","app-team","universal","ad","API-GATEWAY-01","any","any","inside","VOIP-PBX-01","any","ntp","application-default","Allow","none","","any"
"4264","STD_DMZ_TO_MGMT_2639","Shared","app-team","universal","dmz","IOT-GATEWAY-01","any","any","mgmt","WORKSTATIONS-FLOOR1","any","ssl","application-default","Allow","strict","","any"
"4265","STD_POS_TO_OUTSIDE_3171","Shared","none","universal","pos","DC-01","any","any","outside","9.9.9.9/32","any","ping","application-default","Allow","strict","","any"
"4266","STD_IOT_TO_INSIDE_89","Shared","standard","universal","iot","DB-SRV-01","any","any","inside","VOIP-PBX-01","any","ping","application-default","Allow","strict","","any"
"4267","STD_IOT_TO_POS_3086","Shared","standard","universal","iot","IOT-GATEWAY-01","any","any","pos","MGMT-JUMPBOX-01","any","web-browsing","application-default","Allow","strict","","any"
"4268","OPEN_OUTSIDE_TO_MGMT-HOSTS-G_67","Shared","legacy-open","universal","outside","any","any","any","pos","MGMT-HOSTS-G","any","mysql","application-default","Allow","none","","any"
"4269","STD_DMZ_TO_POS_1857","Shared","standard","universal","dmz","APP-SRV-02","any","any","pos","MGMT-JUMPBOX-01","any","voip-generic","application-default","Allow","strict","","any"
"4270","STD_SERVER_TO_INSIDE_1762","Shared","app-team","universal","server","WORKSTATIONS-FLOOR1","any","any","inside","IOT-GATEWAY-01","any","smtp","application-default","Allow","strict","","any"
"4271","STD_DMZ_TO_AD_3559","Shared","app-team","universal","dmz","DB-SRV-01","any","any","ad","APP-SRV-02","any","ping","application-default","Allow","strict","","any"
"4272","STD_MGMT_TO_IOT_2867","Shared","none","universal","mgmt","WEB-SRV-01","any","any","iot","FILE-SRV-01","any","snmp-base","application-default","Allow","none","","any"
"4273","STD_MGMT_TO_DMZ_3815","Shared","standard","universal","mgmt","FILE-SRV-01","any","any","dmz","DB-SRV-01","any","mqtt","application-default","Allow","strict","","any"
"4274","STD_DMZ_TO_SERVER_1461","Shared","none","universal","dmz","WORKSTATIONS-FLOOR1","any","any","server","APP-SRV-02","any","web-browsing","application-default","Allow","strict","","any"
"4275","IOT_TO_DC_11","Shared","ad-auth","universal","iot","WORKSTATIONS-FLOOR2","any","any","ad","DOMAIN-CONTROLLERS-G","any","ms-ds-smb","application-default","Allow","none","","any"
"4276","STD_OUTSIDE_TO_POS_3069","Shared","app-team","universal","outside","any","any","any","pos","WEB-SRV-02","any","mqtt","application-default","Allow","strict","","any"
"4277","STD_MGMT_TO_DMZ_678","Shared","app-team","universal","mgmt","FILE-SRV-01","any","any","dmz","MGMT-JUMPBOX-01","any","ssl","application-default","Allow","strict","","any"
"4278","STD_POS_TO_MGMT_1589","Shared","app-team","universal","pos","WORKSTATIONS-FLOOR1","any","any","mgmt","IOT-GATEWAY-01","any","dns","application-default","Allow","none","","any"
"4279","STD_POS_TO_MGMT_183","Shared","none","universal","pos","IOT-GATEWAY-01","any","any","mgmt","APP-SRV-02","any","ntp","application-default","Allow","none","","any"
"4280","STD_IOT_TO_DMZ_3685","Shared","app-team","universal","iot","VOIP-PBX-01","any","any","dmz","WORKSTATIONS-FLOOR2","any","ssl","application-default","Allow","none","","any"
"4281","STD_DMZ_TO_SERVER_202","Shared","none","universal","dmz","FILE-SRV-01","any","any","server","WEB-SRV-01","any","voip-generic","application-default","Allow","strict","","any"
"4282","STD_DMZ_TO_IOT_3123","Shared","app-team","universal","dmz","WORKSTATIONS-FLOOR2","any","any","iot","MGMT-JUMPBOX-01","any","snmp-base","application-default","Allow","strict","","any"
"4283","STD_POS_TO_OUTSIDE_2781","Shared","standard","universal","pos","WORKSTATIONS-FLOOR2","any","any","outside","8.8.8.8/32","any","sip","application-default","Allow","strict","","any"
"4284","STD_AD_TO_IOT_1383","Shared","standard","universal","ad","MGMT-JUMPBOX-01","any","any","iot","WEB-SRV-01","any","sip","application-default","Allow","strict","","any"
"4285","STD_INSIDE_TO_MGMT_235","Shared","app-team","universal","inside","WEB-SRV-02","any","any","mgmt","WORKSTATIONS-FLOOR2","any","mqtt","application-default","Allow","none","","any"
"4286","STD_VOIP_TO_OUTSIDE_1339","Shared","app-team","universal","voip","DB-SRV-01","any","any","outside","1.1.1.1/32","any","ping","application-default","Allow","strict","","any"
"4287","OUTBOUND_SCOPED_3","Shared","outbound-standard","universal","inside","MGMT-JUMPBOX-01","any","any","outside","CLOUD-BACKUP-PROVIDER","any","sip","application-default","Allow","strict","","any"
"4288","OUTBOUND_SCOPED_0","Shared","outbound-standard","universal","mgmt","MGMT-JUMPBOX-01","any","any","outside","77.240.163.218/32","any","dns","application-default","Allow","strict","","any"
"4289","STD_POS_TO_DMZ_1018","Shared","none","universal","pos","FILE-SRV-01","any","any","dmz","APP-SRV-01","any","sip","application-default","Allow","strict","","any"
"4290","STD_IOT_TO_DMZ_3653","Shared","none","universal","iot","DB-SRV-01","any","any","dmz","IOT-GATEWAY-01","any","ping","application-default","Allow","strict","","any"
"4291","STD_MGMT_TO_POS_923","Shared","standard","universal","mgmt","APP-SRV-02","any","any","pos","APP-SRV-01","any","ntp","application-default","Allow","strict","","any"
"4292","STD_VOIP_TO_IOT_1684","Shared","standard","universal","voip","VOIP-PBX-01","any","any","iot","IOT-GATEWAY-01","any","mqtt","application-default","Allow","strict","","any"
"4293","STD_VOIP_TO_MGMT_1398","Shared","none","universal","voip","FILE-SRV-01","any","any","mgmt","API-GATEWAY-01","any","snmp-base","application-default","Allow","none","","any"
"4294","STD_POS_TO_AD_1346","Shared","standard","universal","pos","VOIP-PBX-01","any","any","ad","APP-SRV-01","any","smtp","application-default","Allow","none","","any"
"4295","OUTBOUND_OPEN_31","Shared","legacy-open","universal","dmz","any","any","any","outside","any","any","any","any","Allow","none","","any"
"4296","STD_AD_TO_MGMT_606","Shared","none","universal","ad","WORKSTATIONS-FLOOR2","any","any","mgmt","FILE-SRV-01","any","ssl","application-default","Allow","none","","any"
"4297","STD_MGMT_TO_INSIDE_404","Shared","standard","universal","mgmt","APP-SRV-01","any","any","inside","DC-01","any","dns","application-default","Allow","strict","","any"
"4298","STD_OUTSIDE_TO_MGMT_1903","Shared","none","universal","outside","any","any","any","mgmt","DB-SRV-01","any","dns","application-default","Allow","strict","","any"
"4299","STD_IOT_TO_VOIP_1491","Shared","app-team","universal","iot","WORKSTATIONS-FLOOR1","any","any","voip","IOT-GATEWAY-01","any","voip-generic","application-default","Allow","none","","any"
"4300","STD_MGMT_TO_VOIP_3152","Shared","app-team","universal","mgmt","VOIP-PBX-01","any","any","voip","WORKSTATIONS-FLOOR2","any","sip","application-default","Allow","strict","","any"
"4301","STD_INSIDE_TO_MGMT_3585","Shared","app-team","universal","inside","DB-SRV-01","any","any","mgmt","DB-SRV-01","any","web-browsing","application-default","Allow","strict","","any"
"4302","STD_POS_TO_SERVER_1495","Shared","app-team","universal","pos","API-GATEWAY-01","any","any","server","WEB-SRV-02","any","dns","application-default","Allow","strict","","any"
"4303","STD_OUTSIDE_TO_AD_1568","Shared","none","universal","outside","any","any","any","ad","WORKSTATIONS-FLOOR2","any","voip-generic","application-default","Allow","none","","any"
"4304","STD_OUTSIDE_TO_IOT_2608","Shared","app-team","universal","outside","any","any","any","iot","APP-SRV-02","any","voip-generic","application-default","Allow","strict","","any"
"4305","NEGATED_RFC1918_1","Shared","none","universal","dmz","[Negate]  10.0.0.0-10.255.255.255;[Negate]  172.16.0.0-172.31.255.255;[Negate]  192.168.0.0-192.168.255.255","any","any","outside","any","any","web-browsing","application-default","Allow","strict","","any"
"4306","SCOPED_INTERNAL_VOIP_TO_INSIDE_12","Shared","standard","universal","voip","MGMT-JUMPBOX-01","any","any","inside","DB-SRV-01","any","dns","application-default","Allow","strict","","any"
"4307","STD_AD_TO_INSIDE_2403","Shared","app-team","universal","ad","APP-SRV-02","any","any","inside","FILE-SRV-01","any","snmp-base","application-default","Allow","strict","","any"
"4308","SCOPED_PARTNER_TO_API-GATEWAY-01_55","Shared","partner-integration","universal","outside","THIRD-PARTY-PAYMENT-GW","any","any","dmz","API-GATEWAY-01","any","ssl","application-default","Allow","strict","","any"
"4309","OUTBOUND_SCOPED_10","Shared","outbound-standard","universal","server","WORKSTATIONS-FLOOR1","any","any","outside","VPN-CLIENT-RANGE","any","voip-generic","application-default","Allow","strict","","any"
"4310","STD_SERVER_TO_IOT_3244","Shared","none","universal","server","IOT-GATEWAY-01","any","any","iot","WORKSTATIONS-FLOOR1","any","ping","application-default","Allow","strict","","any"
"4311","STD_MGMT_TO_POS_1625","Shared","standard","universal","mgmt","WORKSTATIONS-FLOOR1","any","any","pos","DB-SRV-01","any","ntp","application-default","Allow","strict","","any"
"4312","STD_VOIP_TO_AD_1309","Shared","app-team","universal","voip","DB-SRV-01","any","any","ad","VOIP-PBX-01","any","ssl","application-default","Allow","strict","","any"
"4313","STD_POS_TO_VOIP_1796","Shared","app-team","universal","pos","WORKSTATIONS-FLOOR2","any","any","voip","APP-SRV-02","any","ssl","application-default","Allow","strict","","any"
"4314","STD_INSIDE_TO_VOIP_1293","Shared","app-team","universal","inside","IOT-GATEWAY-01","any","any","voip","IOT-GATEWAY-01","any","dns","application-default","Allow","strict","","any"
"4315","STD_DMZ_TO_IOT_2768","Shared","app-team","universal","dmz","WEB-SRV-01","any","any","iot","DB-SRV-01","any","voip-generic","application-default","Allow","none","","any"
"4316","STD_DMZ_TO_INSIDE_3593","Shared","none","universal","dmz","MGMT-JUMPBOX-01","any","any","inside","FILE-SRV-01","any","snmp-base","application-default","Allow","strict","","any"
"4317","STD_IOT_TO_DMZ_1819","Shared","standard","universal","iot","FILE-SRV-01","any","any","dmz","DC-01","any","snmp-base","application-default","Allow","strict","","any"
"4318","RISKY_OUTSIDE_TO_DC-01_0","Shared","remote-access","universal","outside","any","any","any","iot","DC-01","any","ms-ds-smb","application-default","Allow","none","","any"
"4319","OUTBOUND_SCOPED_27","Shared","outbound-standard","universal","inside","WORKSTATIONS-FLOOR1","any","any","outside","173.110.144.88/32","any","dns","application-default","Allow","strict","","any"
"4320","STD_AD_TO_POS_138","Shared","standard","universal","ad","API-GATEWAY-01","any","any","pos","WORKSTATIONS-FLOOR1","any","ntp","application-default","Allow","none","","any"
"4321","STD_INSIDE_TO_POS_3552","Shared","app-team","universal","inside","DC-01","any","any","pos","FILE-SRV-01","any","web-browsing","application-default","Allow","strict","","any"
"4322","STD_SERVER_TO_IOT_1968","Shared","standard","universal","server","WORKSTATIONS-FLOOR1","any","any","iot","VOIP-PBX-01","any","mqtt","application-default","Allow","strict","","any"
"4323","STD_DMZ_TO_OUTSIDE_599","Shared","none","universal","dmz","APP-SRV-02","any","any","outside","8.8.8.8/32","any","web-browsing","application-default","Allow","strict","","any"
"4324","STD_VOIP_TO_OUTSIDE_2183","Shared","app-team","universal","voip","APP-SRV-02","any","any","outside","1.1.1.1/32","any","web-browsing","application-default","Allow","strict","","any"
"4325","STD_DMZ_TO_MGMT_2249","Shared","app-team","universal","dmz","APP-SRV-02","any","any","mgmt","API-GATEWAY-01","any","snmp-base","application-default","Allow","strict","","any"
"4326","STD_DMZ_TO_INSIDE_26","Shared","none","universal","dmz","VOIP-PBX-01","any","any","inside","API-GATEWAY-01","any","ping","application-default","Allow","strict","","any"
"4327","STD_MGMT_TO_IOT_234","Shared","standard","universal","mgmt","DB-SRV-01","any","any","iot","API-GATEWAY-01","any","ntp","application-default","Allow","strict","","any"
"4328","STD_SERVER_TO_MGMT_1980","Shared","app-team","universal","server","WEB-SRV-02","any","any","mgmt","IOT-GATEWAY-01","any","web-browsing","application-default","Allow","strict","","any"
"4329","OPEN_OUTSIDE_TO_POS-TERMINALS-G_58","Shared","none","universal","outside","any","any","any","pos","POS-TERMINALS-G","any","mysql","application-default","Allow","none","","any"
"4330","STD_DMZ_TO_IOT_1775","Shared","standard","universal","dmz","VOIP-PBX-01","any","any","iot","APP-SRV-02","any","mqtt","application-default","Allow","none","","any"
"4331","BROAD_INTERNAL_VOIP_TO_IOT_35","Shared","internal","universal","voip","any","any","any","iot","any","any","any","any","Allow","none","","any"
"4332","OUTBOUND_SCOPED_58","Shared","outbound-standard","universal","server","APP-SRV-01","any","any","outside","141.42.166.119/32","any","ssl","application-default","Allow","strict","","any"
"4333","BROAD_INTERNAL_IOT_TO_AD_9","Shared","internal","universal","iot","any","any","any","ad","any","any","any","any","Allow","none","","any"
"4334","STD_AD_TO_OUTSIDE_174","Shared","standard","universal","ad","WEB-SRV-01","any","any","outside","1.1.1.1/32","any","web-browsing","application-default","Allow","none","","any"
"4335","STD_MGMT_TO_SERVER_3057","Shared","standard","universal","mgmt","IOT-GATEWAY-01","any","any","server","WORKSTATIONS-FLOOR1","any","snmp-base","application-default","Allow","strict","","any"
"4336","STD_AD_TO_DMZ_2987","Shared","standard","universal","ad","IOT-GATEWAY-01","any","any","dmz","DC-01","any","ssl","application-default","Allow","strict","","any"
"4337","STD_AD_TO_SERVER_2785","Shared","none","universal","ad","WORKSTATIONS-FLOOR2","any","any","server","FILE-SRV-01","any","snmp-base","application-default","Allow","none","","any"
"4338","OUTBOUND_OPEN_32","Shared","legacy-open","universal","voip","any","any","any","outside","any","any","any","any","Allow","none","","any"
"4339","STD_INSIDE_TO_IOT_2378","Shared","standard","universal","inside","WEB-SRV-02","any","any","iot","IOT-GATEWAY-01","any","mqtt","application-default","Allow","none","","any"
"4340","STD_IOT_TO_DMZ_698","Shared","standard","universal","iot","WORKSTATIONS-FLOOR1","any","any","dmz","WEB-SRV-02","any","ping","application-default","Allow","none","","any"
"4341","STD_INSIDE_TO_DMZ_871","Shared","standard","universal","inside","MGMT-JUMPBOX-01","any","any","dmz","APP-SRV-01","any","sip","application-default","Allow","strict","","any"
"4342","STD_VOIP_TO_INSIDE_330","Shared","standard","universal","voip","VOIP-PBX-01","any","any","inside","WORKSTATIONS-FLOOR2","any","ssl","application-default","Allow","strict","","any"
"4343","RISKY_OUTSIDE_TO_APP-SRV-02_114","Shared","remote-access","universal","outside","any","any","any","pos","APP-SRV-02","any","anydesk","application-default","Allow","none","","any"
"4344","STD_POS_TO_SERVER_1989","Shared","standard","universal","pos","API-GATEWAY-01","any","any","server","WEB-SRV-01","any","ntp","application-default","Allow","strict","","any"
"4345","STD_INSIDE_TO_OUTSIDE_1927","Shared","app-team","universal","inside","APP-SRV-02","any","any","outside","8.8.8.8/32","any","ntp","application-default","Allow","strict","","any"
"4346","STD_SERVER_TO_AD_1144","Shared","none","universal","server","MGMT-JUMPBOX-01","any","any","ad","MGMT-JUMPBOX-01","any","ssl","application-default","Allow","strict","","any"
"4347","NEGATED_SINGLE_9","Shared","legacy","universal","any","[Negate]  203.0.9.0/24","any","any","dmz","any","any","anydesk","application-default","Allow","none","","any"
"4348","STD_OUTSIDE_TO_VOIP_611","Shared","none","universal","outside","any","any","any","voip","MGMT-JUMPBOX-01","any","ssl","application-default","Allow","none","","any"
"4349","OUTBOUND_SCOPED_31","Shared","outbound-standard","universal","inside","MGMT-JUMPBOX-01","any","any","outside","102.46.182.99/32","any","voip-generic","application-default","Allow","strict","","any"
"4350","STD_IOT_TO_MGMT_1561","Shared","standard","universal","iot","WORKSTATIONS-FLOOR2","any","any","mgmt","IOT-GATEWAY-01","any","voip-generic","application-default","Allow","none","","any"
"4351","STD_INSIDE_TO_VOIP_2740","Shared","standard","universal","inside","MGMT-JUMPBOX-01","any","any","voip","APP-SRV-02","any","ping","application-default","Allow","strict","","any"
"4352","OPEN_OUTSIDE_TO_WEB-SERVERS-G_149","Shared","legacy-open","universal","outside","any","any","any","mgmt","WEB-SERVERS-G","any","vnc","application-default","Allow","none","","any"
"4353","SCOPED_PARTNER_TO_WEB-SRV-01_42","Shared","partner-integration","universal","outside","THIRD-PARTY-PAYMENT-GW","any","any","dmz","WEB-SRV-01","any","ssl","application-default","Allow","strict","","any"
"4354","STD_INSIDE_TO_MGMT_498","Shared","none","universal","inside","APP-SRV-02","any","any","mgmt","WEB-SRV-02","any","web-browsing","application-default","Allow","strict","","any"
"4355","STD_IOT_TO_OUTSIDE_2305","Shared","app-team","universal","iot","DC-01","any","any","outside","9.9.9.9/32","any","smtp","application-default","Allow","strict","","any"
"4356","DNS_OUTBOUND_13","Shared","none","universal","server","APP-SRV-01","any","any","outside","8.8.8.8/32","any","dns-over-https","tcp-853","Allow","none","","any"
"4357","SCOPED_PARTNER_TO_API-GATEWAY-01_74","Shared","partner-integration","universal","outside","PARTNER-VENDOR-B","any","any","dmz","API-GATEWAY-01","any","ssl","application-default","Allow","strict","","any"
"4358","STD_AD_TO_INSIDE_3118","Shared","none","universal","ad","FILE-SRV-01","any","any","inside","MGMT-JUMPBOX-01","any","ntp","application-default","Allow","strict","","any"
"4359","STD_INSIDE_TO_DMZ_437","Shared","app-team","universal","inside","FILE-SRV-01","any","any","dmz","VOIP-PBX-01","any","voip-generic","application-default","Allow","strict","","any"
"4360","OUTBOUND_OPEN_17","Shared","legacy-open","universal","server","any","any","any","outside","any","any","any","any","Allow","none","","any"
"4361","SCOPED_INTERNAL_INSIDE_TO_MGMT_9","Shared","standard","universal","inside","MGMT-JUMPBOX-01","any","any","mgmt","APP-SRV-01","any","dns","application-default","Allow","strict","","any"
"4362","STD_POS_TO_OUTSIDE_2169","Shared","standard","universal","pos","VOIP-PBX-01","any","any","outside","8.8.8.8/32","any","ssl","application-default","Allow","strict","","any"
"4363","STD_VOIP_TO_MGMT_2132","Shared","standard","universal","voip","APP-SRV-02","any","any","mgmt","API-GATEWAY-01","any","ntp","application-default","Allow","none","","any"
"4364","OUTBOUND_SCOPED_48","Shared","outbound-standard","universal","mgmt","WORKSTATIONS-FLOOR1","any","any","outside","45.38.85.142/32","any","snmp-base","application-default","Allow","strict","","any"
"4365","STD_MGMT_TO_IOT_3694","Shared","standard","universal","mgmt","DB-SRV-01","any","any","iot","WORKSTATIONS-FLOOR2","any","ssl","application-default","Allow","strict","","any"
"4366","STD_AD_TO_INSIDE_2962","Shared","standard","universal","ad","APP-SRV-01","any","any","inside","DB-SRV-01","any","web-browsing","application-default","Allow","strict","","any"
"4367","STD_INSIDE_TO_MGMT_3913","Shared","none","universal","inside","API-GATEWAY-01","any","any","mgmt","WEB-SRV-02","any","voip-generic","application-default","Allow","strict","","any"
"4368","STD_MGMT_TO_POS_3043","Shared","none","universal","mgmt","DB-SRV-01","any","any","pos","WORKSTATIONS-FLOOR2","any","mqtt","application-default","Allow","none","","any"
"4369","STD_VOIP_TO_DMZ_997","Shared","none","universal","voip","DB-SRV-01","any","any","dmz","IOT-GATEWAY-01","any","dns","application-default","Allow","strict","","any"
"4370","STD_INSIDE_TO_DMZ_1904","Shared","app-team","universal","inside","DB-SRV-01","any","any","dmz","WORKSTATIONS-FLOOR1","any","snmp-base","application-default","Allow","strict","","any"
"4371","STD_MGMT_TO_AD_3267","Shared","none","universal","mgmt","DB-SRV-01","any","any","ad","IOT-GATEWAY-01","any","ssl","application-default","Allow","strict","","any"
"4372","STD_IOT_TO_MGMT_3197","Shared","none","universal","iot","APP-SRV-02","any","any","mgmt","IOT-GATEWAY-01","any","snmp-base","application-default","Allow","strict","","any"
"4373","STD_INSIDE_TO_AD_1935","Shared","none","universal","inside","DC-01","any","any","ad","WORKSTATIONS-FLOOR1","any","ntp","application-default","Allow","strict","","any"
"4374","TEMP_ACCESS_21","Shared","trial-vendor","universal","outside","any","any","any","pos","any","any","any","any","Allow","none","","any"
"4375","STD_DMZ_TO_VOIP_3734","Shared","app-team","universal","dmz","DC-01","any","any","voip","DB-SRV-01","any","dns","application-default","Allow","strict","","any"
"4376","STD_DMZ_TO_SERVER_1017","Shared","standard","universal","dmz","APP-SRV-01","any","any","server","APP-SRV-02","any","voip-generic","application-default","Allow","none","","any"
"4377","STD_MGMT_TO_AD_1878","Shared","standard","universal","mgmt","WORKSTATIONS-FLOOR1","any","any","ad","FILE-SRV-01","any","ssl","application-default","Allow","none","","any"
"4378","STD_INSIDE_TO_SERVER_2564","Shared","none","universal","inside","API-GATEWAY-01","any","any","server","API-GATEWAY-01","any","voip-generic","application-default","Allow","strict","","any"
"4379","STD_IOT_TO_SERVER_2842","Shared","standard","universal","iot","API-GATEWAY-01","any","any","server","FILE-SRV-01","any","sip","application-default","Allow","strict","","any"
"4380","SCOPED_INTERNAL_DMZ_TO_SERVER_65","Shared","standard","universal","dmz","APP-SRV-01","any","any","server","FILE-SRV-01","any","snmp-base","application-default","Allow","strict","","any"
"4381","STD_DMZ_TO_OUTSIDE_2321","Shared","standard","universal","dmz","WEB-SRV-01","any","any","outside","9.9.9.9/32","any","dns","application-default","Allow","strict","","any"
"4382","STD_MGMT_TO_AD_2958","Shared","none","universal","mgmt","WORKSTATIONS-FLOOR2","any","any","ad","DC-01","any","ntp","application-default","Allow","none","","any"
"4383","STD_MGMT_TO_IOT_925","Shared","standard","universal","mgmt","WEB-SRV-01","any","any","iot","FILE-SRV-01","any","mqtt","application-default","Allow","strict","","any"
"4384","REMOTE_ACCESS_5","Shared","remote-support","universal","outside","any","any","any","iot","APP-SRV-01","any","teamviewer","application-default","Allow","none","","any"
"4385","STD_IOT_TO_POS_3751","Shared","app-team","universal","iot","DC-01","any","any","pos","DB-SRV-01","any","web-browsing","application-default","Allow","none","","any"
"4386","STD_POS_TO_INSIDE_2092","Shared","none","universal","pos","WEB-SRV-01","any","any","inside","WORKSTATIONS-FLOOR1","any","ssl","application-default","Allow","strict","","any"
"4387","STD_VOIP_TO_POS_2240","Shared","app-team","universal","voip","WEB-SRV-01","any","any","pos","WORKSTATIONS-FLOOR2","any","ping","application-default","Allow","strict","","any"
"4388","STD_SERVER_TO_AD_2493","Shared","standard","universal","server","FILE-SRV-01","any","any","ad","APP-SRV-02","any","ntp","application-default","Allow","none","","any"
"4389","STD_INSIDE_TO_AD_276","Shared","standard","universal","inside","WEB-SRV-01","any","any","ad","API-GATEWAY-01","any","web-browsing","application-default","Allow","strict","","any"
"4390","STD_DMZ_TO_OUTSIDE_3760","Shared","standard","universal","dmz","WEB-SRV-01","any","any","outside","1.1.1.1/32","any","ping","application-default","Allow","none","","any"
"4391","STD_IOT_TO_VOIP_505","Shared","app-team","universal","iot","APP-SRV-02","any","any","voip","WORKSTATIONS-FLOOR2","any","dns","application-default","Allow","none","","any"
"4392","STD_VOIP_TO_POS_918","Shared","app-team","universal","voip","FILE-SRV-01","any","any","pos","WEB-SRV-01","any","mqtt","application-default","Allow","strict","","any"
"4393","BROAD_INTERNAL_IOT_TO_SERVER_66","Shared","internal","universal","iot","any","any","any","server","any","any","any","any","Allow","none","","any"
"4394","STD_MGMT_TO_DMZ_1234","Shared","standard","universal","mgmt","API-GATEWAY-01","any","any","dmz","WEB-SRV-02","any","web-browsing","application-default","Allow","strict","","any"
"4395","STD_POS_TO_OUTSIDE_2977","Shared","standard","universal","pos","DC-01","any","any","outside","8.8.8.8/32","any","ping","application-default","Allow","strict","","any"
"4396","STD_IOT_TO_VOIP_590","Shared","app-team","universal","iot","WORKSTATIONS-FLOOR2","any","any","voip","DB-SRV-01","any","smtp","application-default","Allow","none","","any"
"4397","STD_INSIDE_TO_SERVER_2719","Shared","standard","universal","inside","APP-SRV-01","any","any","server","DB-SRV-01","any","voip-generic","application-default","Allow","none","","any"
"4398","STD_OUTSIDE_TO_POS_1621","Shared","none","universal","outside","any","any","any","pos","WEB-SRV-02","any","voip-generic","application-default","Allow","none","","any"
"4399","SCOPED_PARTNER_TO_API-GATEWAY-01_79","Shared","partner-integration","universal","outside","THIRD-PARTY-PAYMENT-GW","any","any","dmz","API-GATEWAY-01","any","ssl","application-default","Allow","strict","","any"
"4400","SCOPED_PARTNER_TO_WEB-SRV-02_75","Shared","partner-integration","universal","outside","PARTNER-VENDOR-B","any","any","dmz","WEB-SRV-02","any","ssl","application-default","Allow","strict","","any"
"4401","STD_OUTSIDE_TO_MGMT_724","Shared","standard","universal","outside","any","any","any","mgmt","API-GATEWAY-01","any","web-browsing","application-default","Allow","none","","any"
"4402","STD_VOIP_TO_OUTSIDE_3899","Shared","standard","universal","voip","APP-SRV-01","any","any","outside","8.8.8.8/32","any","voip-generic","application-default","Allow","strict","","any"
"4403","STD_SERVER_TO_INSIDE_3507","Shared","none","universal","server","DC-01","any","any","inside","WORKSTATIONS-FLOOR1","any","snmp-base","application-default","Allow","strict","","any"
"4404","STD_IOT_TO_VOIP_237","Shared","none","universal","iot","APP-SRV-02","any","any","voip","WEB-SRV-02","any","mqtt","application-default","Allow","strict","","any"
"4405","STD_MGMT_TO_VOIP_226","Shared","standard","universal","mgmt","WEB-SRV-01","any","any","voip","APP-SRV-02","any","ping","application-default","Allow","none","","any"
"4406","RISKY_OUTSIDE_TO_MGMT-JUMPBOX-01_37","Shared","remote-access","universal","outside","any","any","any","iot","MGMT-JUMPBOX-01","any","logmein","application-default","Allow","none","","any"
"4407","STD_MGMT_TO_VOIP_2267","Shared","standard","universal","mgmt","VOIP-PBX-01","any","any","voip","API-GATEWAY-01","any","dns","application-default","Allow","strict","","any"
"4408","STD_VOIP_TO_MGMT_3360","Shared","standard","universal","voip","WEB-SRV-01","any","any","mgmt","WORKSTATIONS-FLOOR2","any","ssl","application-default","Allow","strict","","any"
"4409","STD_MGMT_TO_OUTSIDE_2796","Shared","standard","universal","mgmt","APP-SRV-01","any","any","outside","1.1.1.1/32","any","mqtt","application-default","Allow","strict","","any"
"4410","STD_AD_TO_SERVER_79","Shared","standard","universal","ad","FILE-SRV-01","any","any","server","DC-01","any","snmp-base","application-default","Allow","none","","any"
"4411","STD_DMZ_TO_IOT_2326","Shared","none","universal","dmz","WORKSTATIONS-FLOOR2","any","any","iot","WEB-SRV-01","any","dns","application-default","Allow","strict","","any"
"4412","STD_INSIDE_TO_AD_1139","Shared","none","universal","inside","MGMT-JUMPBOX-01","any","any","ad","DB-SRV-01","any","web-browsing","application-default","Allow","none","","any"
"4413","STD_SERVER_TO_POS_1152","Shared","app-team","universal","server","WEB-SRV-02","any","any","pos","WORKSTATIONS-FLOOR2","any","snmp-base","application-default","Allow","none","","any"
"4414","STD_IOT_TO_VOIP_2769","Shared","standard","universal","iot","WORKSTATIONS-FLOOR2","any","any","voip","FILE-SRV-01","any","mqtt","application-default","Allow","none","","any"
"4415","STD_INSIDE_TO_IOT_1426","Shared","none","universal","inside","DB-SRV-01","any","any","iot","IOT-GATEWAY-01","any","sip","application-default","Allow","strict","","any"
"4416","STD_DMZ_TO_AD_1381","Shared","standard","universal","dmz","APP-SRV-02","any","any","ad","VOIP-PBX-01","any","snmp-base","application-default","Allow","none","","any"
"4417","STD_VOIP_TO_IOT_327","Shared","app-team","universal","voip","WEB-SRV-01","any","any","iot","FILE-SRV-01","any","web-browsing","application-default","Allow","none","","any"
"4418","STD_INSIDE_TO_POS_3353","Shared","app-team","universal","inside","WEB-SRV-01","any","any","pos","VOIP-PBX-01","any","ping","application-default","Allow","none","","any"
"4419","STD_OUTSIDE_TO_INSIDE_296","Shared","none","universal","outside","any","any","any","inside","IOT-GATEWAY-01","any","smtp","application-default","Allow","strict","","any"
"4420","STD_OUTSIDE_TO_VOIP_3102","Shared","none","universal","outside","any","any","any","voip","WORKSTATIONS-FLOOR2","any","snmp-base","application-default","Allow","strict","","any"
"4421","STD_OUTSIDE_TO_INSIDE_1686","Shared","standard","universal","outside","any","any","any","inside","FILE-SRV-01","any","dns","application-default","Allow","none","","any"
"4422","STD_VOIP_TO_IOT_783","Shared","none","universal","voip","API-GATEWAY-01","any","any","iot","WORKSTATIONS-FLOOR2","any","sip","application-default","Allow","strict","","any"
"4423","RISKY_OUTSIDE_TO_MGMT-JUMPBOX-01_26","Shared","remote-access","universal","outside","any","any","any","dmz","MGMT-JUMPBOX-01","any","vnc","application-default","Allow","none","","any"
"4424","STD_OUTSIDE_TO_MGMT_211","Shared","app-team","universal","outside","any","any","any","mgmt","MGMT-JUMPBOX-01","any","smtp","application-default","Allow","strict","","any"
"4425","OUTBOUND_OPEN_13","Shared","legacy-open","universal","server","any","any","any","outside","any","any","any","any","Allow","none","","any"
"4426","STD_POS_TO_DMZ_3846","Shared","none","universal","pos","API-GATEWAY-01","any","any","dmz","VOIP-PBX-01","any","sip","application-default","Allow","strict","","any"
"4427","STD_AD_TO_DMZ_1311","Shared","none","universal","ad","IOT-GATEWAY-01","any","any","dmz","VOIP-PBX-01","any","voip-generic","application-default","Allow","none","","any"
"4428","STD_INSIDE_TO_MGMT_3825","Shared","app-team","universal","inside","APP-SRV-02","any","any","mgmt","WORKSTATIONS-FLOOR1","any","mqtt","application-default","Allow","none","","any"
"4429","STD_VOIP_TO_INSIDE_10","Shared","standard","universal","voip","DC-01","any","any","inside","FILE-SRV-01","any","dns","application-default","Allow","strict","","any"
"4430","STD_POS_TO_OUTSIDE_2675","Shared","standard","universal","pos","VOIP-PBX-01","any","any","outside","1.1.1.1/32","any","ssl","application-default","Allow","none","","any"
"4431","SCOPED_PARTNER_TO_WEB-SRV-01_19","Shared","partner-integration","universal","outside","THIRD-PARTY-PAYMENT-GW","any","any","dmz","WEB-SRV-01","any","ssl","application-default","Allow","strict","","any"
"4432","STD_AD_TO_IOT_3839","Shared","standard","universal","ad","FILE-SRV-01","any","any","iot","APP-SRV-02","any","ping","application-default","Allow","none","","any"
"4433","STD_AD_TO_MGMT_334","Shared","app-team","universal","ad","APP-SRV-02","any","any","mgmt","MGMT-JUMPBOX-01","any","smtp","application-default","Allow","strict","","any"
"4434","STD_IOT_TO_AD_3603","Shared","standard","universal","iot","MGMT-JUMPBOX-01","any","any","ad","DC-01","any","dns","application-default","Allow","strict","","any"
"4435","STD_VOIP_TO_IOT_3922","Shared","standard","universal","voip","WEB-SRV-01","any","any","iot","APP-SRV-02","any","dns","application-default","Allow","none","","any"
"4436","SCOPED_PARTNER_TO_API-GATEWAY-01_56","Shared","partner-integration","universal","outside","PARTNER-VENDOR-B","any","any","dmz","API-GATEWAY-01","any","ssl","application-default","Allow","strict","","any"
"4437","BROAD_INTERNAL_VOIP_TO_IOT_40","Shared","internal","universal","voip","any","any","any","iot","any","any","any","any","Allow","none","","any"
"4438","SCOPED_INTERNAL_DMZ_TO_INSIDE_47","Shared","standard","universal","dmz","WORKSTATIONS-FLOOR1","any","any","inside","APP-SRV-01","any","web-browsing","application-default","Allow","strict","","any"
"4439","SERVER_TO_DC_78","Shared","ad-auth","universal","server","any","any","any","ad","DOMAIN-CONTROLLERS-G","any","ldap","application-default","Allow","none","","any"
"4440","STD_MGMT_TO_AD_446","Shared","none","universal","mgmt","MGMT-JUMPBOX-01","any","any","ad","FILE-SRV-01","any","ssl","application-default","Allow","none","","any"
"4441","STD_DMZ_TO_SERVER_1841","Shared","app-team","universal","dmz","WEB-SRV-02","any","any","server","MGMT-JUMPBOX-01","any","ntp","application-default","Allow","strict","","any"
"4442","STD_IOT_TO_MGMT_851","Shared","app-team","universal","iot","API-GATEWAY-01","any","any","mgmt","API-GATEWAY-01","any","mqtt","application-default","Allow","none","","any"
"4443","STD_VOIP_TO_INSIDE_2652","Shared","app-team","universal","voip","IOT-GATEWAY-01","any","any","inside","FILE-SRV-01","any","voip-generic","application-default","Allow","strict","","any"
"4444","STD_DMZ_TO_OUTSIDE_2545","Shared","standard","universal","dmz","DC-01","any","any","outside","8.8.8.8/32","any","web-browsing","application-default","Allow","none","","any"
"4445","STD_MGMT_TO_OUTSIDE_3354","Shared","standard","universal","mgmt","WORKSTATIONS-FLOOR1","any","any","outside","1.1.1.1/32","any","mqtt","application-default","Allow","none","","any"
"4446","STD_DMZ_TO_IOT_3439","Shared","standard","universal","dmz","MGMT-JUMPBOX-01","any","any","iot","DC-01","any","smtp","application-default","Allow","none","","any"
"4447","STD_POS_TO_OUTSIDE_556","Shared","none","universal","pos","WORKSTATIONS-FLOOR1","any","any","outside","9.9.9.9/32","any","web-browsing","application-default","Allow","strict","","any"
"4448","STD_MGMT_TO_OUTSIDE_843","Shared","none","universal","mgmt","WEB-SRV-01","any","any","outside","9.9.9.9/32","any","smtp","application-default","Allow","strict","","any"
"4449","STD_VOIP_TO_IOT_496","Shared","standard","universal","voip","WORKSTATIONS-FLOOR1","any","any","iot","WEB-SRV-01","any","smtp","application-default","Allow","strict","","any"
"4450","STD_MGMT_TO_IOT_1114","Shared","app-team","universal","mgmt","WEB-SRV-01","any","any","iot","WEB-SRV-02","any","smtp","application-default","Allow","strict","","any"
"4451","STD_VOIP_TO_DMZ_3476","Shared","standard","universal","voip","VOIP-PBX-01","any","any","dmz","DB-SRV-01","any","smtp","application-default","Allow","strict","","any"
"4452","STD_MGMT_TO_IOT_1880","Shared","app-team","universal","mgmt","FILE-SRV-01","any","any","iot","WEB-SRV-01","any","mqtt","application-default","Allow","strict","","any"
"4453","STD_DMZ_TO_VOIP_1338","Shared","app-team","universal","dmz","FILE-SRV-01","any","any","voip","IOT-GATEWAY-01","any","ping","application-default","Allow","none","","any"
"4454","STD_SERVER_TO_IOT_1893","Shared","app-team","universal","server","DC-01","any","any","iot","API-GATEWAY-01","any","mqtt","application-default","Allow","strict","","any"
"4455","STD_SERVER_TO_VOIP_1983","Shared","standard","universal","server","WORKSTATIONS-FLOOR1","any","any","voip","APP-SRV-02","any","dns","application-default","Allow","strict","","any"
"4456","STD_MGMT_TO_IOT_1910","Shared","app-team","universal","mgmt","DB-SRV-01","any","any","iot","IOT-GATEWAY-01","any","dns","application-default","Allow","strict","","any"
"4457","STD_SERVER_TO_OUTSIDE_2624","Shared","standard","universal","server","WEB-SRV-02","any","any","outside","9.9.9.9/32","any","mqtt","application-default","Allow","none","","any"
"4458","STD_VOIP_TO_SERVER_1077","Shared","app-team","universal","voip","APP-SRV-01","any","any","server","WORKSTATIONS-FLOOR1","any","web-browsing","application-default","Allow","strict","","any"
"4459","OUTBOUND_OPEN_2","Shared","legacy-open","universal","pos","any","any","any","outside","any","any","any","any","Allow","none","","any"
"4460","OPEN_OUTSIDE_TO_MGMT-HOSTS-G_59","Shared","legacy-open","universal","outside","any","any","any","dmz","MGMT-HOSTS-G","any","ms-ds-smb","application-default","Allow","none","","any"
"4461","OUTBOUND_SCOPED_34","Shared","outbound-standard","universal","inside","MGMT-JUMPBOX-01","any","any","outside","CLOUD-BACKUP-PROVIDER","any","snmp-base","application-default","Allow","strict","","any"
"4462","STD_AD_TO_POS_3458","Shared","app-team","universal","ad","WEB-SRV-01","any","any","pos","APP-SRV-01","any","ntp","application-default","Allow","strict","","any"
"4463","STD_DMZ_TO_INSIDE_3289","Shared","app-team","universal","dmz","MGMT-JUMPBOX-01","any","any","inside","MGMT-JUMPBOX-01","any","snmp-base","application-default","Allow","strict","","any"
"4464","STD_POS_TO_VOIP_3715","Shared","app-team","universal","pos","API-GATEWAY-01","any","any","voip","FILE-SRV-01","any","web-browsing","application-default","Allow","strict","","any"
"4465","STD_MGMT_TO_VOIP_2418","Shared","app-team","universal","mgmt","IOT-GATEWAY-01","any","any","voip","MGMT-JUMPBOX-01","any","dns","application-default","Allow","strict","","any"
"4466","OPEN_OUTSIDE_TO_APP-SERVERS-G_36","Shared","legacy-open","universal","outside","any","any","any","dmz","APP-SERVERS-G","any","ftp","any","Allow","none","","any"
"4467","STD_AD_TO_INSIDE_2792","Shared","none","universal","ad","DC-01","any","any","inside","VOIP-PBX-01","any","web-browsing","application-default","Allow","strict","","any"
"4468","STD_INSIDE_TO_AD_2978","Shared","none","universal","inside","DB-SRV-01","any","any","ad","APP-SRV-02","any","mqtt","application-default","Allow","strict","","any"
"4469","STD_DMZ_TO_POS_3147","Shared","none","universal","dmz","IOT-GATEWAY-01","any","any","pos","APP-SRV-02","any","dns","application-default","Allow","none","","any"
"4470","STD_POS_TO_IOT_3023","Shared","standard","universal","pos","WORKSTATIONS-FLOOR2","any","any","iot","DB-SRV-01","any","smtp","application-default","Allow","strict","","any"
"4471","STD_VOIP_TO_POS_2943","Shared","standard","universal","voip","DB-SRV-01","any","any","pos","WEB-SRV-01","any","voip-generic","application-default","Allow","none","","any"
"4472","STD_IOT_TO_POS_3441","Shared","standard","universal","iot","IOT-GATEWAY-01","any","any","pos","DB-SRV-01","any","ntp","application-default","Allow","strict","","any"
"4473","TEMP_ACCESS_3","Shared","trial-vendor","universal","outside","any","any","any","ad","any","any","any","any","Allow","none","","any"
"4474","STD_POS_TO_MGMT_3969","Shared","app-team","universal","pos","DC-01","any","any","mgmt","VOIP-PBX-01","any","mqtt","application-default","Allow","none","","any"
"4475","STD_SERVER_TO_AD_2593","Shared","standard","universal","server","VOIP-PBX-01","any","any","ad","WORKSTATIONS-FLOOR1","any","mqtt","application-default","Allow","strict","","any"
"4476","STD_DMZ_TO_POS_2967","Shared","none","universal","dmz","APP-SRV-02","any","any","pos","WORKSTATIONS-FLOOR1","any","ssl","application-default","Allow","strict","","any"
"4477","STD_VOIP_TO_AD_3644","Shared","none","universal","voip","DB-SRV-01","any","any","ad","WORKSTATIONS-FLOOR1","any","voip-generic","application-default","Allow","strict","","any"
"4478","STD_MGMT_TO_VOIP_338","Shared","standard","universal","mgmt","API-GATEWAY-01","any","any","voip","APP-SRV-01","any","ssl","application-default","Allow","strict","","any"
"4479","STD_IOT_TO_POS_3317","Shared","none","universal","iot","WORKSTATIONS-FLOOR1","any","any","pos","MGMT-JUMPBOX-01","any","dns","application-default","Allow","strict","","any"
"4480","STD_INSIDE_TO_OUTSIDE_2211","Shared","standard","universal","inside","DC-01","any","any","outside","8.8.8.8/32","any","sip","application-default","Allow","strict","","any"
"4481","STD_DMZ_TO_POS_1620","Shared","none","universal","dmz","WORKSTATIONS-FLOOR1","any","any","pos","WORKSTATIONS-FLOOR2","any","ping","application-default","Allow","strict","","any"
"4482","STD_SERVER_TO_MGMT_488","Shared","none","universal","server","WORKSTATIONS-FLOOR1","any","any","mgmt","WORKSTATIONS-FLOOR1","any","dns","application-default","Allow","strict","","any"
"4483","STD_OUTSIDE_TO_DMZ_2349","Shared","none","universal","outside","any","any","any","dmz","WORKSTATIONS-FLOOR1","any","ping","application-default","Allow","strict","","any"
"4484","OUTBOUND_OPEN_0","Shared","legacy-open","universal","ad","any","any","any","outside","any","any","any","any","Allow","none","","any"
"4485","STD_MGMT_TO_IOT_3555","Shared","none","universal","mgmt","MGMT-JUMPBOX-01","any","any","iot","DC-01","any","ntp","application-default","Allow","strict","","any"
"4486","STD_AD_TO_MGMT_886","Shared","app-team","universal","ad","WORKSTATIONS-FLOOR2","any","any","mgmt","APP-SRV-02","any","ping","application-default","Allow","strict","","any"
"4487","STD_INSIDE_TO_DMZ_461","Shared","none","universal","inside","APP-SRV-01","any","any","dmz","WORKSTATIONS-FLOOR2","any","dns","application-default","Allow","none","","any"
"4488","SCOPED_INTERNAL_VOIP_TO_DMZ_89","Shared","standard","universal","voip","APP-SRV-01","any","any","dmz","FILE-SRV-01","any","ntp","application-default","Allow","strict","","any"
"4489","STD_DMZ_TO_INSIDE_346","Shared","none","universal","dmz","APP-SRV-01","any","any","inside","DC-01","any","ssl","application-default","Allow","strict","","any"
"4490","BROAD_INTERNAL_POS_TO_IOT_57","Shared","internal","universal","pos","any","any","any","iot","any","any","any","any","Allow","none","","any"
"4491","CORP_TO_POS_18","Shared","admin-access","universal","server","any","any","any","pos","any","any","any","application-default","Allow","none","","any"
"4492","STD_POS_TO_IOT_2224","Shared","standard","universal","pos","API-GATEWAY-01","any","any","iot","API-GATEWAY-01","any","smtp","application-default","Allow","strict","","any"
"4493","[Disabled] OLD_DISABLED_25","Shared","none","universal","outside","any","any","any","server","FILE-SRV-01","any","any","any","Allow","none","","any"
"4494","[Disabled] OLD_DISABLED_18","Shared","none","universal","outside","any","any","any","mgmt","APP-SRV-01","any","any","any","Allow","none","","any"
"4495","STD_IOT_TO_DMZ_829","Shared","app-team","universal","iot","IOT-GATEWAY-01","any","any","dmz","APP-SRV-01","any","voip-generic","application-default","Allow","none","","any"
"4496","DNS_OUTBOUND_27","Shared","none","universal","server","APP-SRV-01","any","any","outside","8.8.8.8/32","any","any","application-default","Allow","none","","any"
"4497","OPEN_OUTSIDE_TO_APP-SERVERS-G_45","Shared","legacy-open","universal","outside","any","any","any","mgmt","APP-SERVERS-G","any","telnet","application-default","Allow","none","","any"
"4498","STD_OUTSIDE_TO_SERVER_1411","Shared","app-team","universal","outside","any","any","any","server","APP-SRV-02","any","ntp","application-default","Allow","strict","","any"
"4499","STD_IOT_TO_MGMT_2945","Shared","app-team","universal","iot","WEB-SRV-02","any","any","mgmt","IOT-GATEWAY-01","any","sip","application-default","Allow","strict","","any"
"4500","STD_AD_TO_POS_421","Shared","none","universal","ad","IOT-GATEWAY-01","any","any","pos","WORKSTATIONS-FLOOR1","any","smtp","application-default","Allow","strict","","any"
"4501","STD_POS_TO_INSIDE_2852","Shared","standard","universal","pos","APP-SRV-01","any","any","inside","IOT-GATEWAY-01","any","ping","application-default","Allow","strict","","any"
"4502","STD_SERVER_TO_MGMT_1769","Shared","standard","universal","server","IOT-GATEWAY-01","any","any","mgmt","WEB-SRV-02","any","snmp-base","application-default","Allow","strict","","any"
"4503","SCOPED_INTERNAL_INSIDE_TO_DMZ_70","Shared","standard","universal","inside","MGMT-JUMPBOX-01","any","any","dmz","APP-SRV-01","any","ping","application-default","Allow","strict","","any"
"4504","STD_AD_TO_VOIP_1914","Shared","standard","universal","ad","WEB-SRV-02","any","any","voip","WORKSTATIONS-FLOOR1","any","dns","application-default","Allow","strict","","any"
"4505","STD_INSIDE_TO_MGMT_3133","Shared","standard","universal","inside","API-GATEWAY-01","any","any","mgmt","APP-SRV-01","any","dns","application-default","Allow","none","","any"
"4506","STD_INSIDE_TO_SERVER_1588","Shared","none","universal","inside","FILE-SRV-01","any","any","server","DB-SRV-01","any","web-browsing","application-default","Allow","strict","","any"
"4507","SCOPED_INTERNAL_POS_TO_MGMT_11","Shared","standard","universal","pos","MGMT-JUMPBOX-01","any","any","mgmt","DB-SRV-01","any","web-browsing","application-default","Allow","strict","","any"
"4508","STD_POS_TO_DMZ_2397","Shared","none","universal","pos","DC-01","any","any","dmz","FILE-SRV-01","any","voip-generic","application-default","Allow","strict","","any"
"4509","STD_MGMT_TO_SERVER_705","Shared","app-team","universal","mgmt","WEB-SRV-02","any","any","server","WEB-SRV-01","any","ntp","application-default","Allow","none","","any"
"4510","OUTBOUND_OPEN_12","Shared","legacy-open","universal","server","any","any","any","outside","any","any","any","any","Allow","none","","any"
"4511","STD_DMZ_TO_OUTSIDE_3826","Shared","standard","universal","dmz","APP-SRV-01","any","any","outside","1.1.1.1/32","any","mqtt","application-default","Allow","none","","any"
"4512","STD_IOT_TO_MGMT_1730","Shared","app-team","universal","iot","VOIP-PBX-01","any","any","mgmt","IOT-GATEWAY-01","any","sip","application-default","Allow","strict","","any"
"4513","BROAD_INTERNAL_VOIP_TO_IOT_58","Shared","internal","universal","voip","any","any","any","iot","any","any","any","any","Allow","none","","any"
"4514","STD_OUTSIDE_TO_VOIP_2820","Shared","standard","universal","outside","any","any","any","voip","API-GATEWAY-01","any","smtp","application-default","Allow","none","","any"
"4515","STD_INSIDE_TO_IOT_1331","Shared","app-team","universal","inside","APP-SRV-02","any","any","iot","WORKSTATIONS-FLOOR2","any","smtp","application-default","Allow","strict","","any"
"4516","SCOPED_NO_PROFILE_5","Shared","partner-integration","universal","outside","PARTNER-VENDOR-A","any","any","dmz","WEB-SRV-01","any","ssl","application-default","Allow","none","","any"
"4517","STD_DMZ_TO_AD_2638","Shared","none","universal","dmz","WEB-SRV-01","any","any","ad","MGMT-JUMPBOX-01","any","web-browsing","application-default","Allow","strict","","any"
"4518","OUTBOUND_OPEN_37","Shared","legacy-open","universal","pos","any","any","any","outside","any","any","any","any","Allow","none","","any"
"4519","STD_SERVER_TO_OUTSIDE_331","Shared","standard","universal","server","DB-SRV-01","any","any","outside","1.1.1.1/32","any","mqtt","application-default","Allow","none","","any"
"4520","STD_MGMT_TO_AD_1176","Shared","app-team","universal","mgmt","DC-01","any","any","ad","FILE-SRV-01","any","ntp","application-default","Allow","none","","any"
"4521","INSIDE_TO_DC_5","Shared","ad-auth","universal","inside","any","any","any","ad","DOMAIN-CONTROLLERS-G","any","ldap","application-default","Allow","none","","any"
"4522","BROAD_INTERNAL_VOIP_TO_SERVER_56","Shared","internal","universal","voip","any","any","any","server","any","any","any","any","Allow","none","","any"
"4523","STD_INSIDE_TO_SERVER_1306","Shared","app-team","universal","inside","IOT-GATEWAY-01","any","any","server","WORKSTATIONS-FLOOR2","any","dns","application-default","Allow","none","","any"
"4524","STD_DMZ_TO_MGMT_1773","Shared","none","universal","dmz","FILE-SRV-01","any","any","mgmt","IOT-GATEWAY-01","any","voip-generic","application-default","Allow","strict","","any"
"4525","STD_VOIP_TO_AD_2098","Shared","standard","universal","voip","IOT-GATEWAY-01","any","any","ad","APP-SRV-02","any","ntp","application-default","Allow","strict","","any"
"4526","STD_OUTSIDE_TO_AD_3965","Shared","app-team","universal","outside","any","any","any","ad","APP-SRV-02","any","ntp","application-default","Allow","strict","","any"
"4527","STD_POS_TO_DMZ_1682","Shared","standard","universal","pos","MGMT-JUMPBOX-01","any","any","dmz","WORKSTATIONS-FLOOR1","any","ntp","application-default","Allow","strict","","any"
"4528","[Disabled] OLD_DISABLED_9","Shared","none","universal","outside","any","any","any","pos","FILE-SRV-01","any","any","any","Allow","none","","any"
"4529","STD_SERVER_TO_VOIP_1918","Shared","none","universal","server","API-GATEWAY-01","any","any","voip","WEB-SRV-01","any","dns","application-default","Allow","strict","","any"
"4530","STD_OUTSIDE_TO_MGMT_1873","Shared","none","universal","outside","any","any","any","mgmt","WORKSTATIONS-FLOOR2","any","ssl","application-default","Allow","strict","","any"
"4531","STD_IOT_TO_AD_3060","Shared","app-team","universal","iot","DC-01","any","any","ad","FILE-SRV-01","any","smtp","application-default","Allow","strict","","any"
"4532","STD_SERVER_TO_VOIP_495","Shared","none","universal","server","VOIP-PBX-01","any","any","voip","WORKSTATIONS-FLOOR2","any","mqtt","application-default","Allow","none","","any"
"4533","STD_MGMT_TO_DMZ_2451","Shared","app-team","universal","mgmt","DC-01","any","any","dmz","DC-01","any","sip","application-default","Allow","strict","","any"
"4534","STD_MGMT_TO_OUTSIDE_3727","Shared","app-team","universal","mgmt","IOT-GATEWAY-01","any","any","outside","8.8.8.8/32","any","snmp-base","application-default","Allow","strict","","any"
"4535","STD_POS_TO_OUTSIDE_2201","Shared","standard","universal","pos","VOIP-PBX-01","any","any","outside","8.8.8.8/32","any","web-browsing","application-default","Allow","strict","","any"
"4536","STD_IOT_TO_SERVER_1196","Shared","none","universal","iot","IOT-GATEWAY-01","any","any","server","FILE-SRV-01","any","smtp","application-default","Allow","strict","","any"
"4537","STD_OUTSIDE_TO_DMZ_297","Shared","app-team","universal","outside","any","any","any","dmz","APP-SRV-01","any","snmp-base","application-default","Allow","strict","","any"
"4538","STD_OUTSIDE_TO_VOIP_3551","Shared","app-team","universal","outside","any","any","any","voip","APP-SRV-01","any","mqtt","application-default","Allow","none","","any"
"4539","STD_VOIP_TO_SERVER_76","Shared","app-team","universal","voip","WEB-SRV-02","any","any","server","WORKSTATIONS-FLOOR2","any","dns","application-default","Allow","none","","any"
"4540","STD_IOT_TO_INSIDE_3890","Shared","none","universal","iot","WORKSTATIONS-FLOOR2","any","any","inside","VOIP-PBX-01","any","smtp","application-default","Allow","none","","any"
"4541","STD_IOT_TO_OUTSIDE_1937","Shared","standard","universal","iot","DC-01","any","any","outside","8.8.8.8/32","any","ssl","application-default","Allow","strict","","any"
"4542","STD_IOT_TO_POS_993","Shared","standard","universal","iot","WORKSTATIONS-FLOOR2","any","any","pos","FILE-SRV-01","any","snmp-base","application-default","Allow","strict","","any"
"4543","STD_MGMT_TO_VOIP_1113","Shared","app-team","universal","mgmt","DC-01","any","any","voip","WORKSTATIONS-FLOOR2","any","snmp-base","application-default","Allow","strict","","any"
"4544","STD_POS_TO_INSIDE_3293","Shared","none","universal","pos","DB-SRV-01","any","any","inside","IOT-GATEWAY-01","any","ntp","application-default","Allow","strict","","any"
"4545","STD_DMZ_TO_MGMT_3703","Shared","standard","universal","dmz","FILE-SRV-01","any","any","mgmt","FILE-SRV-01","any","dns","application-default","Allow","strict","","any"
"4546","STD_DMZ_TO_OUTSIDE_261","Shared","none","universal","dmz","API-GATEWAY-01","any","any","outside","8.8.8.8/32","any","snmp-base","application-default","Allow","strict","","any"
"4547","STD_DMZ_TO_OUTSIDE_3297","Shared","app-team","universal","dmz","VOIP-PBX-01","any","any","outside","8.8.8.8/32","any","mqtt","application-default","Allow","strict","","any"
"4548","STD_OUTSIDE_TO_VOIP_2955","Shared","standard","universal","outside","any","any","any","voip","WORKSTATIONS-FLOOR2","any","ntp","application-default","Allow","strict","","any"
"4549","STD_IOT_TO_DMZ_3801","Shared","none","universal","iot","WEB-SRV-02","any","any","dmz","WEB-SRV-02","any","sip","application-default","Allow","none","","any"
"4550","STD_OUTSIDE_TO_IOT_2938","Shared","none","universal","outside","any","any","any","iot","APP-SRV-01","any","web-browsing","application-default","Allow","strict","","any"
"4551","STD_INSIDE_TO_AD_3645","Shared","standard","universal","inside","DC-01","any","any","ad","DC-01","any","ping","application-default","Allow","strict","","any"
"4552","STD_MGMT_TO_INSIDE_3399","Shared","standard","universal","mgmt","WEB-SRV-01","any","any","inside","APP-SRV-01","any","voip-generic","application-default","Allow","strict","","any"
"4553","STD_OUTSIDE_TO_INSIDE_742","Shared","app-team","universal","outside","any","any","any","inside","VOIP-PBX-01","any","ntp","application-default","Allow","strict","","any"
"4554","STD_IOT_TO_VOIP_99","Shared","standard","universal","iot","API-GATEWAY-01","any","any","voip","DB-SRV-01","any","ntp","application-default","Allow","strict","","any"
"4555","DNS_OUTBOUND_11","Shared","none","universal","server","APP-SRV-01","any","any","outside","1.1.1.1/32","any","dns-over-https","tcp-853","Allow","strict","","any"
"4556","SCOPED_PARTNER_TO_API-GATEWAY-01_62","Shared","partner-integration","universal","outside","PARTNER-VENDOR-B","any","any","dmz","API-GATEWAY-01","any","ssl","application-default","Allow","strict","","any"
"4557","STD_IOT_TO_INSIDE_2054","Shared","none","universal","iot","DB-SRV-01","any","any","inside","APP-SRV-01","any","smtp","application-default","Allow","strict","","any"
"4558","RISKY_OUTSIDE_TO_APP-SRV-01_21","Shared","remote-access","universal","outside","any","any","any","voip","APP-SRV-01","any","logmein","application-default","Allow","none","","any"
"4559","STD_AD_TO_SERVER_3192","Shared","standard","universal","ad","APP-SRV-01","any","any","server","APP-SRV-01","any","sip","application-default","Allow","strict","","any"
"4560","STD_MGMT_TO_INSIDE_1756","Shared","none","universal","mgmt","DB-SRV-01","any","any","inside","VOIP-PBX-01","any","ntp","application-default","Allow","none","","any"
"4561","STD_VOIP_TO_MGMT_121","Shared","app-team","universal","voip","WORKSTATIONS-FLOOR2","any","any","mgmt","VOIP-PBX-01","any","sip","application-default","Allow","none","","any"
"4562","STD_DMZ_TO_OUTSIDE_3627","Shared","app-team","universal","dmz","DC-01","any","any","outside","1.1.1.1/32","any","web-browsing","application-default","Allow","strict","","any"
"4563","STD_VOIP_TO_DMZ_1715","Shared","none","universal","voip","VOIP-PBX-01","any","any","dmz","VOIP-PBX-01","any","dns","application-default","Allow","strict","","any"
"4564","STD_DMZ_TO_OUTSIDE_2233","Shared","none","universal","dmz","MGMT-JUMPBOX-01","any","any","outside","8.8.8.8/32","any","dns","application-default","Allow","strict","","any"
"4565","STD_INSIDE_TO_AD_1510","Shared","app-team","universal","inside","VOIP-PBX-01","any","any","ad","WORKSTATIONS-FLOOR1","any","snmp-base","application-default","Allow","none","","any"
"4566","STD_MGMT_TO_VOIP_3301","Shared","app-team","universal","mgmt","DB-SRV-01","any","any","voip","APP-SRV-02","any","ssl","application-default","Allow","strict","","any"
"4567","STD_DMZ_TO_IOT_3763","Shared","none","universal","dmz","APP-SRV-02","any","any","iot","DB-SRV-01","any","web-browsing","application-default","Allow","none","","any"
"4568","STD_IOT_TO_DMZ_3875","Shared","standard","universal","iot","WEB-SRV-01","any","any","dmz","WEB-SRV-01","any","dns","application-default","Allow","none","","any"
"4569","STD_OUTSIDE_TO_DMZ_3352","Shared","standard","universal","outside","any","any","any","dmz","IOT-GATEWAY-01","any","ssl","application-default","Allow","none","","any"
"4570","SCOPED_INTERNAL_SERVER_TO_DMZ_86","Shared","standard","universal","server","APP-SRV-01","any","any","dmz","APP-SRV-01","any","ping","application-default","Allow","strict","","any"
"4571","REMOTE_ACCESS_29","Shared","remote-support","universal","outside","any","any","any","dmz","MGMT-JUMPBOX-01","any","teamviewer","application-default","Allow","none","","any"
"4572","BROAD_INTERNAL_IOT_TO_INSIDE_2","Shared","internal","universal","iot","any","any","any","inside","any","any","any","any","Allow","none","","any"
"4573","STD_OUTSIDE_TO_VOIP_872","Shared","none","universal","outside","any","any","any","voip","WORKSTATIONS-FLOOR1","any","snmp-base","application-default","Allow","none","","any"
"4574","STD_DMZ_TO_SERVER_2840","Shared","standard","universal","dmz","WEB-SRV-02","any","any","server","APP-SRV-02","any","snmp-base","application-default","Allow","strict","","any"
"4575","STD_DMZ_TO_OUTSIDE_3313","Shared","none","universal","dmz","WORKSTATIONS-FLOOR2","any","any","outside","9.9.9.9/32","any","ping","application-default","Allow","none","","any"
"4576","STD_POS_TO_INSIDE_1050","Shared","standard","universal","pos","DB-SRV-01","any","any","inside","VOIP-PBX-01","any","ssl","application-default","Allow","none","","any"
"4577","STD_INSIDE_TO_VOIP_2122","Shared","app-team","universal","inside","APP-SRV-02","any","any","voip","WEB-SRV-02","any","ntp","application-default","Allow","strict","","any"
"4578","STD_SERVER_TO_OUTSIDE_537","Shared","app-team","universal","server","APP-SRV-01","any","any","outside","1.1.1.1/32","any","smtp","application-default","Allow","none","","any"
"4579","STD_VOIP_TO_SERVER_2749","Shared","app-team","universal","voip","DB-SRV-01","any","any","server","WEB-SRV-02","any","mqtt","application-default","Allow","strict","","any"
"4580","REMOTE_ACCESS_22","Shared","remote-support","universal","outside","any","any","any","ad","FILE-SRV-01","any","logmein","application-default","Allow","none","","any"
"4581","STD_SERVER_TO_MGMT_935","Shared","app-team","universal","server","VOIP-PBX-01","any","any","mgmt","IOT-GATEWAY-01","any","sip","application-default","Allow","strict","","any"
"4582","STD_INSIDE_TO_MGMT_1310","Shared","standard","universal","inside","VOIP-PBX-01","any","any","mgmt","IOT-GATEWAY-01","any","ping","application-default","Allow","strict","","any"
"4583","STD_POS_TO_IOT_3178","Shared","standard","universal","pos","DC-01","any","any","iot","API-GATEWAY-01","any","sip","application-default","Allow","strict","","any"
"4584","STD_OUTSIDE_TO_DMZ_1097","Shared","standard","universal","outside","any","any","any","dmz","DC-01","any","ping","application-default","Allow","strict","","any"
"4585","STD_IOT_TO_OUTSIDE_864","Shared","standard","universal","iot","IOT-GATEWAY-01","any","any","outside","8.8.8.8/32","any","dns","application-default","Allow","strict","","any"
"4586","STD_POS_TO_VOIP_3146","Shared","none","universal","pos","DC-01","any","any","voip","API-GATEWAY-01","any","ntp","application-default","Allow","strict","","any"
"4587","STD_IOT_TO_POS_3873","Shared","standard","universal","iot","WEB-SRV-01","any","any","pos","API-GATEWAY-01","any","ssl","application-default","Allow","strict","","any"
"4588","RISKY_OUTSIDE_TO_MGMT-JUMPBOX-01_33","Shared","remote-access","universal","outside","any","any","any","dmz","MGMT-JUMPBOX-01","any","ms-ds-smb","application-default","Allow","none","","any"
"4589","STD_VOIP_TO_IOT_1190","Shared","app-team","universal","voip","VOIP-PBX-01","any","any","iot","APP-SRV-02","any","web-browsing","application-default","Allow","none","","any"
"4590","STD_MGMT_TO_VOIP_1539","Shared","none","universal","mgmt","FILE-SRV-01","any","any","voip","WORKSTATIONS-FLOOR2","any","ssl","application-default","Allow","none","","any"
"4591","OPEN_OUTSIDE_TO_WEB-SERVERS-G_77","Shared","none","universal","outside","any","any","any","dmz","WEB-SERVERS-G","any","any","any","Allow","none","","any"
"4592","STD_SERVER_TO_OUTSIDE_3508","Shared","standard","universal","server","APP-SRV-02","any","any","outside","8.8.8.8/32","any","ntp","application-default","Allow","none","","any"
"4593","STD_POS_TO_AD_1701","Shared","standard","universal","pos","DB-SRV-01","any","any","ad","WEB-SRV-02","any","dns","application-default","Allow","strict","","any"
"4594","STD_AD_TO_DMZ_940","Shared","none","universal","ad","API-GATEWAY-01","any","any","dmz","APP-SRV-02","any","voip-generic","application-default","Allow","none","","any"
"4595","OPEN_OUTSIDE_TO_WEB-SERVERS-G_91","Shared","legacy-open","universal","outside","any","any","any","dmz","WEB-SERVERS-G","any","splashtop","application-default","Allow","none","","any"
"4596","STD_POS_TO_IOT_3563","Shared","standard","universal","pos","API-GATEWAY-01","any","any","iot","DB-SRV-01","any","web-browsing","application-default","Allow","strict","","any"
"4597","STD_AD_TO_MGMT_646","Shared","app-team","universal","ad","APP-SRV-02","any","any","mgmt","FILE-SRV-01","any","web-browsing","application-default","Allow","none","","any"
"4598","STD_MGMT_TO_DMZ_1237","Shared","standard","universal","mgmt","MGMT-JUMPBOX-01","any","any","dmz","WEB-SRV-01","any","snmp-base","application-default","Allow","strict","","any"
"4599","STD_AD_TO_INSIDE_3430","Shared","none","universal","ad","APP-SRV-02","any","any","inside","DC-01","any","snmp-base","application-default","Allow","strict","","any"
"4600","STD_DMZ_TO_VOIP_2112","Shared","none","universal","dmz","APP-SRV-01","any","any","voip","WORKSTATIONS-FLOOR1","any","mqtt","application-default","Allow","none","","any"
"4601","STD_OUTSIDE_TO_MGMT_2047","Shared","standard","universal","outside","any","any","any","mgmt","WORKSTATIONS-FLOOR1","any","ping","application-default","Allow","none","","any"
"4602","SCOPED_INTERNAL_VOIP_TO_POS_98","Shared","standard","universal","voip","WORKSTATIONS-FLOOR1","any","any","pos","APP-SRV-01","any","dns","application-default","Allow","strict","","any"
"4603","STD_MGMT_TO_IOT_1535","Shared","none","universal","mgmt","API-GATEWAY-01","any","any","iot","DC-01","any","smtp","application-default","Allow","strict","","any"
"4604","STD_OUTSIDE_TO_INSIDE_2419","Shared","app-team","universal","outside","any","any","any","inside","WEB-SRV-01","any","smtp","application-default","Allow","strict","","any"
"4605","STD_MGMT_TO_SERVER_3225","Shared","app-team","universal","mgmt","FILE-SRV-01","any","any","server","WORKSTATIONS-FLOOR1","any","web-browsing","application-default","Allow","strict","","any"
"4606","STD_OUTSIDE_TO_MGMT_3074","Shared","app-team","universal","outside","any","any","any","mgmt","IOT-GATEWAY-01","any","ping","application-default","Allow","none","","any"
"4607","STD_SERVER_TO_INSIDE_1757","Shared","none","universal","server","WEB-SRV-01","any","any","inside","APP-SRV-01","any","mqtt","application-default","Allow","none","","any"
"4608","STD_AD_TO_VOIP_1868","Shared","standard","universal","ad","DB-SRV-01","any","any","voip","WORKSTATIONS-FLOOR1","any","dns","application-default","Allow","strict","","any"
"4609","STD_AD_TO_OUTSIDE_1988","Shared","app-team","universal","ad","APP-SRV-01","any","any","outside","9.9.9.9/32","any","sip","application-default","Allow","strict","","any"
"4610","STD_VOIP_TO_SERVER_1662","Shared","app-team","universal","voip","API-GATEWAY-01","any","any","server","FILE-SRV-01","any","web-browsing","application-default","Allow","strict","","any"
"4611","STD_MGMT_TO_VOIP_1150","Shared","none","universal","mgmt","MGMT-JUMPBOX-01","any","any","voip","IOT-GATEWAY-01","any","web-browsing","application-default","Allow","strict","","any"
"4612","STD_VOIP_TO_INSIDE_765","Shared","standard","universal","voip","VOIP-PBX-01","any","any","inside","WEB-SRV-01","any","ping","application-default","Allow","strict","","any"
"4613","STD_IOT_TO_INSIDE_90","Shared","standard","universal","iot","IOT-GATEWAY-01","any","any","inside","APP-SRV-02","any","mqtt","application-default","Allow","none","","any"
"4614","STD_OUTSIDE_TO_IOT_3589","Shared","none","universal","outside","any","any","any","iot","WEB-SRV-02","any","web-browsing","application-default","Allow","strict","","any"
"4615","STD_INSIDE_TO_POS_2134","Shared","app-team","universal","inside","APP-SRV-01","any","any","pos","WORKSTATIONS-FLOOR2","any","sip","application-default","Allow","none","","any"
"4616","STD_DMZ_TO_POS_953","Shared","standard","universal","dmz","WEB-SRV-02","any","any","pos","WEB-SRV-02","any","sip","application-default","Allow","strict","","any"
"4617","STD_IOT_TO_VOIP_270","Shared","none","universal","iot","WORKSTATIONS-FLOOR1","any","any","voip","WEB-SRV-01","any","ping","application-default","Allow","strict","","any"
"4618","STD_POS_TO_VOIP_1216","Shared","none","universal","pos","FILE-SRV-01","any","any","voip","VOIP-PBX-01","any","mqtt","application-default","Allow","strict","","any"
"4619","STD_INSIDE_TO_POS_1709","Shared","app-team","universal","inside","VOIP-PBX-01","any","any","pos","FILE-SRV-01","any","ntp","application-default","Allow","strict","","any"
"4620","VOIP_TO_DC_73","Shared","ad-auth","universal","voip","WORKSTATIONS-FLOOR2","any","any","ad","DOMAIN-CONTROLLERS-G","any","kerberos","application-default","Allow","none","","any"
"4621","STD_VOIP_TO_IOT_2243","Shared","app-team","universal","voip","APP-SRV-01","any","any","iot","IOT-GATEWAY-01","any","dns","application-default","Allow","none","","any"
"4622","STD_AD_TO_OUTSIDE_3531","Shared","none","universal","ad","IOT-GATEWAY-01","any","any","outside","1.1.1.1/32","any","ntp","application-default","Allow","strict","","any"
"4623","STD_VOIP_TO_IOT_1955","Shared","app-team","universal","voip","WEB-SRV-01","any","any","iot","APP-SRV-02","any","snmp-base","application-default","Allow","none","","any"
"4624","STD_DMZ_TO_OUTSIDE_526","Shared","app-team","universal","dmz","WEB-SRV-02","any","any","outside","1.1.1.1/32","any","voip-generic","application-default","Allow","none","","any"
"4625","STD_POS_TO_DMZ_3838","Shared","standard","universal","pos","APP-SRV-01","any","any","dmz","APP-SRV-01","any","web-browsing","application-default","Allow","none","","any"
"4626","STD_VOIP_TO_IOT_95","Shared","standard","universal","voip","APP-SRV-01","any","any","iot","MGMT-JUMPBOX-01","any","web-browsing","application-default","Allow","none","","any"
"4627","STD_SERVER_TO_MGMT_1228","Shared","standard","universal","server","WEB-SRV-02","any","any","mgmt","API-GATEWAY-01","any","ntp","application-default","Allow","none","","any"
"4628","STD_INSIDE_TO_DMZ_1232","Shared","none","universal","inside","API-GATEWAY-01","any","any","dmz","WORKSTATIONS-FLOOR1","any","smtp","application-default","Allow","strict","","any"
"4629","STD_POS_TO_SERVER_3973","Shared","app-team","universal","pos","FILE-SRV-01","any","any","server","WEB-SRV-01","any","ping","application-default","Allow","strict","","any"
"4630","STD_MGMT_TO_DMZ_3691","Shared","app-team","universal","mgmt","APP-SRV-02","any","any","dmz","APP-SRV-02","any","snmp-base","application-default","Allow","none","","any"
"4631","STD_MGMT_TO_AD_2849","Shared","none","universal","mgmt","MGMT-JUMPBOX-01","any","any","ad","IOT-GATEWAY-01","any","snmp-base","application-default","Allow","strict","","any"
"4632","STD_INSIDE_TO_IOT_897","Shared","standard","universal","inside","WEB-SRV-02","any","any","iot","WEB-SRV-01","any","ping","application-default","Allow","strict","","any"
"4633","STD_SERVER_TO_INSIDE_1471","Shared","app-team","universal","server","MGMT-JUMPBOX-01","any","any","inside","APP-SRV-02","any","snmp-base","application-default","Allow","strict","","any"
"4634","OUTBOUND_OPEN_3","Shared","legacy-open","universal","server","any","any","any","outside","any","any","any","any","Allow","none","","any"
"4635","STD_OUTSIDE_TO_POS_3167","Shared","app-team","universal","outside","any","any","any","pos","APP-SRV-01","any","mqtt","application-default","Allow","none","","any"
"4636","STD_SERVER_TO_OUTSIDE_1991","Shared","app-team","universal","server","DC-01","any","any","outside","8.8.8.8/32","any","smtp","application-default","Allow","strict","","any"
"4637","STD_AD_TO_OUTSIDE_356","Shared","app-team","universal","ad","WEB-SRV-01","any","any","outside","8.8.8.8/32","any","web-browsing","application-default","Allow","none","","any"
"4638","STD_SERVER_TO_POS_3959","Shared","none","universal","server","DB-SRV-01","any","any","pos","DC-01","any","dns","application-default","Allow","none","","any"
"4639","BROAD_INTERNAL_POS_TO_SERVER_59","Shared","internal","universal","pos","any","any","any","server","any","any","any","any","Allow","none","","any"
"4640","STD_AD_TO_IOT_1209","Shared","standard","universal","ad","DC-01","any","any","iot","FILE-SRV-01","any","mqtt","application-default","Allow","strict","","any"
"4641","STD_DMZ_TO_MGMT_3607","Shared","none","universal","dmz","WORKSTATIONS-FLOOR2","any","any","mgmt","DC-01","any","ntp","application-default","Allow","strict","","any"
"4642","STD_OUTSIDE_TO_DMZ_3510","Shared","app-team","universal","outside","any","any","any","dmz","API-GATEWAY-01","any","voip-generic","application-default","Allow","none","","any"
"4643","STD_POS_TO_OUTSIDE_2881","Shared","app-team","universal","pos","IOT-GATEWAY-01","any","any","outside","8.8.8.8/32","any","ssl","application-default","Allow","none","","any"
"4644","STD_DMZ_TO_VOIP_1497","Shared","none","universal","dmz","WEB-SRV-01","any","any","voip","APP-SRV-01","any","snmp-base","application-default","Allow","strict","","any"
"4645","STD_DMZ_TO_IOT_17","Shared","none","universal","dmz","MGMT-JUMPBOX-01","any","any","iot","WEB-SRV-01","any","web-browsing","application-default","Allow","none","","any"
"4646","BROAD_INTERNAL_INSIDE_TO_AD_47","Shared","internal","universal","inside","any","any","any","ad","any","any","any","any","Allow","none","","any"
"4647","SCOPED_PARTNER_TO_WEB-SRV-01_61","Shared","partner-integration","universal","outside","PARTNER-VENDOR-B","any","any","dmz","WEB-SRV-01","any","ssl","application-default","Allow","strict","","any"
"4648","STD_VOIP_TO_MGMT_857","Shared","none","universal","voip","DB-SRV-01","any","any","mgmt","WEB-SRV-02","any","dns","application-default","Allow","strict","","any"
"4649","STD_INSIDE_TO_SERVER_568","Shared","none","universal","inside","WEB-SRV-01","any","any","server","IOT-GATEWAY-01","any","smtp","application-default","Allow","none","","any"
"4650","STD_AD_TO_SERVER_3490","Shared","standard","universal","ad","WORKSTATIONS-FLOOR1","any","any","server","WORKSTATIONS-FLOOR1","any","mqtt","application-default","Allow","none","","any"
"4651","STD_MGMT_TO_OUTSIDE_2901","Shared","none","universal","mgmt","DC-01","any","any","outside","8.8.8.8/32","any","ping","application-default","Allow","strict","","any"
"4652","SCOPED_NO_PROFILE_26","Shared","partner-integration","universal","outside","PARTNER-VENDOR-A","any","any","dmz","API-GATEWAY-01","any","ssl","application-default","Allow","none","","any"
"4653","STD_INSIDE_TO_SERVER_3528","Shared","none","universal","inside","VOIP-PBX-01","any","any","server","APP-SRV-01","any","sip","application-default","Allow","none","","any"
"4654","STD_MGMT_TO_IOT_848","Shared","none","universal","mgmt","WEB-SRV-01","any","any","iot","FILE-SRV-01","any","mqtt","application-default","Allow","strict","","any"
"4655","STD_IOT_TO_AD_1472","Shared","none","universal","iot","APP-SRV-02","any","any","ad","WEB-SRV-02","any","voip-generic","application-default","Allow","strict","","any"
"4656","OUTBOUND_SCOPED_22","Shared","outbound-standard","universal","mgmt","APP-SRV-01","any","any","outside","60.62.103.180/32","any","voip-generic","application-default","Allow","strict","","any"
"4657","STD_OUTSIDE_TO_DMZ_1441","Shared","none","universal","outside","any","any","any","dmz","IOT-GATEWAY-01","any","ping","application-default","Allow","strict","","any"
"4658","STD_IOT_TO_VOIP_1478","Shared","none","universal","iot","DC-01","any","any","voip","DB-SRV-01","any","voip-generic","application-default","Allow","strict","","any"
"4659","STD_AD_TO_POS_3639","Shared","none","universal","ad","DB-SRV-01","any","any","pos","WORKSTATIONS-FLOOR1","any","ping","application-default","Allow","strict","","any"
"4660","STD_DMZ_TO_MGMT_2344","Shared","standard","universal","dmz","VOIP-PBX-01","any","any","mgmt","WORKSTATIONS-FLOOR1","any","sip","application-default","Allow","strict","","any"
"4661","STD_VOIP_TO_OUTSIDE_1933","Shared","app-team","universal","voip","WEB-SRV-02","any","any","outside","1.1.1.1/32","any","mqtt","application-default","Allow","none","","any"
"4662","STD_VOIP_TO_AD_3783","Shared","standard","universal","voip","WEB-SRV-01","any","any","ad","MGMT-JUMPBOX-01","any","ssl","application-default","Allow","strict","","any"
"4663","STD_IOT_TO_POS_2044","Shared","none","universal","iot","APP-SRV-02","any","any","pos","WORKSTATIONS-FLOOR2","any","mqtt","application-default","Allow","strict","","any"
"4664","STD_SERVER_TO_OUTSIDE_2795","Shared","none","universal","server","IOT-GATEWAY-01","any","any","outside","8.8.8.8/32","any","dns","application-default","Allow","strict","","any"
"4665","STD_AD_TO_POS_2310","Shared","none","universal","ad","MGMT-JUMPBOX-01","any","any","pos","WEB-SRV-02","any","ssl","application-default","Allow","strict","","any"
"4666","STD_IOT_TO_AD_371","Shared","standard","universal","iot","APP-SRV-01","any","any","ad","DC-01","any","dns","application-default","Allow","none","","any"
"4667","STD_DMZ_TO_POS_0","Shared","app-team","universal","dmz","WORKSTATIONS-FLOOR1","any","any","pos","WEB-SRV-01","any","dns","application-default","Allow","none","","any"
"4668","STD_AD_TO_VOIP_56","Shared","none","universal","ad","IOT-GATEWAY-01","any","any","voip","DB-SRV-01","any","dns","application-default","Allow","strict","","any"
"4669","STD_AD_TO_MGMT_1106","Shared","app-team","universal","ad","WORKSTATIONS-FLOOR1","any","any","mgmt","DB-SRV-01","any","ssl","application-default","Allow","strict","","any"
"4670","STD_POS_TO_SERVER_3599","Shared","standard","universal","pos","MGMT-JUMPBOX-01","any","any","server","IOT-GATEWAY-01","any","mqtt","application-default","Allow","strict","","any"
"4671","STD_MGMT_TO_INSIDE_315","Shared","app-team","universal","mgmt","DC-01","any","any","inside","VOIP-PBX-01","any","web-browsing","application-default","Allow","strict","","any"
"4672","STD_DMZ_TO_AD_2848","Shared","none","universal","dmz","DB-SRV-01","any","any","ad","DC-01","any","sip","application-default","Allow","none","","any"
"4673","STD_VOIP_TO_SERVER_2471","Shared","standard","universal","voip","DB-SRV-01","any","any","server","WEB-SRV-01","any","ntp","application-default","Allow","strict","","any"
"4674","STD_AD_TO_SERVER_3361","Shared","none","universal","ad","MGMT-JUMPBOX-01","any","any","server","API-GATEWAY-01","any","smtp","application-default","Allow","none","","any"
"4675","STD_DMZ_TO_MGMT_3322","Shared","app-team","universal","dmz","IOT-GATEWAY-01","any","any","mgmt","IOT-GATEWAY-01","any","ssl","application-default","Allow","none","","any"
"4676","STD_OUTSIDE_TO_AD_1858","Shared","app-team","universal","outside","any","any","any","ad","DB-SRV-01","any","ntp","application-default","Allow","none","","any"
"4677","STD_INSIDE_TO_IOT_341","Shared","app-team","universal","inside","MGMT-JUMPBOX-01","any","any","iot","WEB-SRV-02","any","ntp","application-default","Allow","strict","","any"
"4678","OUTBOUND_OPEN_9","Shared","legacy-open","universal","ad","any","any","any","outside","any","any","any","any","Allow","none","","any"
"4679","STD_IOT_TO_OUTSIDE_575","Shared","app-team","universal","iot","WORKSTATIONS-FLOOR2","any","any","outside","9.9.9.9/32","any","snmp-base","application-default","Allow","strict","","any"
"4680","STD_DMZ_TO_POS_2298","Shared","standard","universal","dmz","DB-SRV-01","any","any","pos","APP-SRV-01","any","sip","application-default","Allow","strict","","any"
"4681","STD_IOT_TO_VOIP_3708","Shared","app-team","universal","iot","FILE-SRV-01","any","any","voip","WORKSTATIONS-FLOOR1","any","ntp","application-default","Allow","strict","","any"
"4682","STD_OUTSIDE_TO_VOIP_1776","Shared","none","universal","outside","any","any","any","voip","APP-SRV-02","any","smtp","application-default","Allow","strict","","any"
"4683","STD_MGMT_TO_SERVER_2007","Shared","app-team","universal","mgmt","WEB-SRV-01","any","any","server","DC-01","any","smtp","application-default","Allow","strict","","any"
"4684","REMOTE_ACCESS_8","Shared","remote-support","universal","outside","any","any","any","mgmt","FILE-SRV-01","any","splashtop","application-default","Allow","none","","any"
"4685","STD_IOT_TO_SERVER_2484","Shared","app-team","universal","iot","VOIP-PBX-01","any","any","server","MGMT-JUMPBOX-01","any","ssl","application-default","Allow","strict","","any"
"4686","STD_DMZ_TO_MGMT_474","Shared","app-team","universal","dmz","WORKSTATIONS-FLOOR2","any","any","mgmt","API-GATEWAY-01","any","mqtt","application-default","Allow","none","","any"
"4687","STD_POS_TO_OUTSIDE_3329","Shared","app-team","universal","pos","WORKSTATIONS-FLOOR1","any","any","outside","8.8.8.8/32","any","ping","application-default","Allow","none","","any"
"4688","STD_IOT_TO_INSIDE_1657","Shared","none","universal","iot","WORKSTATIONS-FLOOR2","any","any","inside","WEB-SRV-01","any","ssl","application-default","Allow","none","","any"
"4689","STD_MGMT_TO_AD_477","Shared","none","universal","mgmt","WEB-SRV-01","any","any","ad","API-GATEWAY-01","any","smtp","application-default","Allow","none","","any"
"4690","STD_IOT_TO_SERVER_3288","Shared","app-team","universal","iot","WORKSTATIONS-FLOOR2","any","any","server","WORKSTATIONS-FLOOR2","any","voip-generic","application-default","Allow","strict","","any"
"4691","STD_INSIDE_TO_DMZ_2939","Shared","app-team","universal","inside","WORKSTATIONS-FLOOR2","any","any","dmz","DB-SRV-01","any","voip-generic","application-default","Allow","strict","","any"
"4692","BROAD_INTERNAL_VOIP_TO_IOT_22","Shared","internal","universal","voip","any","any","any","iot","any","any","any","any","Allow","none","","any"
"4693","SCOPED_NO_PROFILE_11","Shared","partner-integration","universal","outside","PARTNER-VENDOR-A","any","any","dmz","WEB-SRV-01","any","ssl","application-default","Allow","none","","any"
"4694","STD_VOIP_TO_SERVER_2944","Shared","standard","universal","voip","WORKSTATIONS-FLOOR1","any","any","server","VOIP-PBX-01","any","ntp","application-default","Allow","none","","any"
"4695","STD_INSIDE_TO_AD_1415","Shared","app-team","universal","inside","API-GATEWAY-01","any","any","ad","APP-SRV-02","any","sip","application-default","Allow","strict","","any"
"4696","STD_MGMT_TO_POS_682","Shared","none","universal","mgmt","DC-01","any","any","pos","DB-SRV-01","any","voip-generic","application-default","Allow","none","","any"
"4697","CORP_TO_AD_4","Shared","admin-access","universal","dmz","any","any","any","ad","any","any","any","application-default","Allow","none","","any"
"4698","STD_INSIDE_TO_AD_3569","Shared","app-team","universal","inside","WORKSTATIONS-FLOOR2","any","any","ad","DC-01","any","ntp","application-default","Allow","strict","","any"
"4699","STD_VOIP_TO_IOT_1065","Shared","standard","universal","voip","WEB-SRV-01","any","any","iot","API-GATEWAY-01","any","ssl","application-default","Allow","strict","","any"
"4700","STD_OUTSIDE_TO_POS_3096","Shared","standard","universal","outside","any","any","any","pos","APP-SRV-01","any","sip","application-default","Allow","strict","","any"
"4701","BROAD_INTERNAL_INSIDE_TO_POS_1","Shared","internal","universal","inside","any","any","any","pos","any","any","any","any","Allow","none","","any"
"4702","OPEN_OUTSIDE_TO_MGMT-HOSTS-G_14","Shared","none","universal","outside","any","any","any","dmz","MGMT-HOSTS-G","any","ldap","any","Allow","none","","any"
"4703","STD_VOIP_TO_POS_2762","Shared","app-team","universal","voip","FILE-SRV-01","any","any","pos","WORKSTATIONS-FLOOR1","any","snmp-base","application-default","Allow","none","","any"
"4704","STD_VOIP_TO_AD_2331","Shared","none","universal","voip","APP-SRV-01","any","any","ad","WEB-SRV-01","any","voip-generic","application-default","Allow","none","","any"
"4705","STD_INSIDE_TO_DMZ_2396","Shared","app-team","universal","inside","FILE-SRV-01","any","any","dmz","DB-SRV-01","any","snmp-base","application-default","Allow","strict","","any"
"4706","LEGACY_PORT_58","Shared","legacy-port","universal","outside","any","any","any","pos","APP-SRV-01","any","any","tcp-27017","Allow","none","","any"
"4707","STD_MGMT_TO_DMZ_146","Shared","app-team","universal","mgmt","DB-SRV-01","any","any","dmz","FILE-SRV-01","any","snmp-base","application-default","Allow","strict","","any"
"4708","STD_INSIDE_TO_OUTSIDE_3678","Shared","standard","universal","inside","MGMT-JUMPBOX-01","any","any","outside","9.9.9.9/32","any","ping","application-default","Allow","none","","any"
"4709","STD_MGMT_TO_DMZ_3902","Shared","standard","universal","mgmt","APP-SRV-02","any","any","dmz","WEB-SRV-02","any","snmp-base","application-default","Allow","none","","any"
"4710","STD_DMZ_TO_OUTSIDE_150","Shared","none","universal","dmz","VOIP-PBX-01","any","any","outside","1.1.1.1/32","any","mqtt","application-default","Allow","strict","","any"
"4711","OPEN_OUTSIDE_TO_WEB-SERVERS-G_109","Shared","none","universal","outside","any","any","any","pos","WEB-SERVERS-G","any","mysql","application-default","Allow","none","","any"
"4712","STD_SERVER_TO_VOIP_57","Shared","app-team","universal","server","APP-SRV-02","any","any","voip","VOIP-PBX-01","any","ntp","application-default","Allow","strict","","any"
"4713","STD_POS_TO_OUTSIDE_3041","Shared","standard","universal","pos","WORKSTATIONS-FLOOR2","any","any","outside","8.8.8.8/32","any","web-browsing","application-default","Allow","strict","","any"
"4714","[Disabled] OLD_DISABLED_14","Shared","none","universal","outside","any","any","any","pos","APP-SRV-01","any","any","any","Allow","none","","any"
"4715","STD_DMZ_TO_AD_2263","Shared","app-team","universal","dmz","WEB-SRV-01","any","any","ad","DB-SRV-01","any","ping","application-default","Allow","strict","","any"
"4716","STD_DMZ_TO_VOIP_2537","Shared","app-team","universal","dmz","WEB-SRV-01","any","any","voip","WORKSTATIONS-FLOOR2","any","sip","application-default","Allow","strict","","any"
"4717","STD_MGMT_TO_OUTSIDE_2819","Shared","app-team","universal","mgmt","API-GATEWAY-01","any","any","outside","8.8.8.8/32","any","smtp","application-default","Allow","strict","","any"
"4718","STD_DMZ_TO_IOT_3148","Shared","standard","universal","dmz","WORKSTATIONS-FLOOR1","any","any","iot","WEB-SRV-02","any","ssl","application-default","Allow","strict","","any"
"4719","STD_DMZ_TO_MGMT_787","Shared","app-team","universal","dmz","DB-SRV-01","any","any","mgmt","WORKSTATIONS-FLOOR2","any","voip-generic","application-default","Allow","strict","","any"
"4720","STD_SERVER_TO_DMZ_2674","Shared","none","universal","server","API-GATEWAY-01","any","any","dmz","VOIP-PBX-01","any","voip-generic","application-default","Allow","strict","","any"
"4721","CORP_TO_AD_2","Shared","admin-access","universal","inside","any","any","any","ad","any","any","any","application-default","Allow","none","","any"
"4722","RISKY_OUTSIDE_TO_APP-SRV-02_31","Shared","remote-access","universal","outside","any","any","any","server","APP-SRV-02","any","anydesk","application-default","Allow","none","","any"
"4723","STD_POS_TO_VOIP_2934","Shared","none","universal","pos","APP-SRV-01","any","any","voip","WORKSTATIONS-FLOOR2","any","smtp","application-default","Allow","strict","","any"
"4724","STD_POS_TO_VOIP_1799","Shared","none","universal","pos","DB-SRV-01","any","any","voip","WEB-SRV-02","any","mqtt","application-default","Allow","none","","any"
"4725","STD_MGMT_TO_POS_2760","Shared","none","universal","mgmt","MGMT-JUMPBOX-01","any","any","pos","APP-SRV-02","any","web-browsing","application-default","Allow","strict","","any"
"4726","STD_AD_TO_VOIP_3077","Shared","standard","universal","ad","DB-SRV-01","any","any","voip","DB-SRV-01","any","dns","application-default","Allow","strict","","any"
"4727","STD_SERVER_TO_INSIDE_3113","Shared","none","universal","server","DC-01","any","any","inside","FILE-SRV-01","any","voip-generic","application-default","Allow","strict","","any"
"4728","STD_AD_TO_POS_1405","Shared","none","universal","ad","APP-SRV-02","any","any","pos","DC-01","any","web-browsing","application-default","Allow","strict","","any"
"4729","STD_OUTSIDE_TO_AD_140","Shared","none","universal","outside","any","any","any","ad","APP-SRV-02","any","dns","application-default","Allow","strict","","any"
"4730","STD_POS_TO_AD_3391","Shared","standard","universal","pos","WORKSTATIONS-FLOOR1","any","any","ad","WORKSTATIONS-FLOOR2","any","dns","application-default","Allow","strict","","any"
"4731","STD_SERVER_TO_DMZ_2495","Shared","app-team","universal","server","FILE-SRV-01","any","any","dmz","WORKSTATIONS-FLOOR1","any","ssl","application-default","Allow","strict","","any"
"4732","STD_IOT_TO_VOIP_1749","Shared","standard","universal","iot","DB-SRV-01","any","any","voip","DC-01","any","smtp","application-default","Allow","strict","","any"
"4733","SCOPED_PARTNER_TO_WEB-SRV-01_31","Shared","partner-integration","universal","outside","PARTNER-VENDOR-B","any","any","dmz","WEB-SRV-01","any","ssl","application-default","Allow","strict","","any"
"4734","STD_INSIDE_TO_POS_3682","Shared","standard","universal","inside","VOIP-PBX-01","any","any","pos","DB-SRV-01","any","web-browsing","application-default","Allow","strict","","any"
"4735","STD_IOT_TO_VOIP_492","Shared","app-team","universal","iot","API-GATEWAY-01","any","any","voip","APP-SRV-02","any","ping","application-default","Allow","strict","","any"
"4736","STD_SERVER_TO_POS_3440","Shared","standard","universal","server","MGMT-JUMPBOX-01","any","any","pos","DC-01","any","ntp","application-default","Allow","none","","any"
"4737","OUTBOUND_OPEN_44","Shared","legacy-open","universal","pos","any","any","any","outside","any","any","any","any","Allow","none","","any"
"4738","STD_MGMT_TO_POS_2618","Shared","app-team","universal","mgmt","WEB-SRV-01","any","any","pos","WEB-SRV-01","any","snmp-base","application-default","Allow","strict","","any"
"4739","STD_IOT_TO_OUTSIDE_3664","Shared","standard","universal","iot","DC-01","any","any","outside","9.9.9.9/32","any","ssl","application-default","Allow","strict","","any"
"4740","STD_IOT_TO_DMZ_2194","Shared","standard","universal","iot","WEB-SRV-02","any","any","dmz","WEB-SRV-02","any","voip-generic","application-default","Allow","strict","","any"
"4741","STD_INSIDE_TO_VOIP_2906","Shared","app-team","universal","inside","MGMT-JUMPBOX-01","any","any","voip","WEB-SRV-01","any","web-browsing","application-default","Allow","strict","","any"
"4742","STD_INSIDE_TO_SERVER_2677","Shared","none","universal","inside","FILE-SRV-01","any","any","server","WORKSTATIONS-FLOOR2","any","sip","application-default","Allow","strict","","any"
"4743","STD_IOT_TO_SERVER_2325","Shared","none","universal","iot","APP-SRV-02","any","any","server","WEB-SRV-02","any","snmp-base","application-default","Allow","strict","","any"
"4744","STD_INSIDE_TO_IOT_1272","Shared","none","universal","inside","DC-01","any","any","iot","WORKSTATIONS-FLOOR2","any","ntp","application-default","Allow","strict","","any"
"4745","STD_POS_TO_OUTSIDE_3004","Shared","standard","universal","pos","APP-SRV-02","any","any","outside","8.8.8.8/32","any","web-browsing","application-default","Allow","none","","any"
"4746","STD_AD_TO_OUTSIDE_1210","Shared","standard","universal","ad","FILE-SRV-01","any","any","outside","1.1.1.1/32","any","snmp-base","application-default","Allow","strict","","any"
"4747","STD_OUTSIDE_TO_INSIDE_685","Shared","app-team","universal","outside","any","any","any","inside","MGMT-JUMPBOX-01","any","snmp-base","application-default","Allow","strict","","any"
"4748","STD_OUTSIDE_TO_DMZ_1792","Shared","app-team","universal","outside","any","any","any","dmz","API-GATEWAY-01","any","dns","application-default","Allow","strict","","any"
"4749","STD_AD_TO_OUTSIDE_2683","Shared","standard","universal","ad","VOIP-PBX-01","any","any","outside","9.9.9.9/32","any","snmp-base","application-default","Allow","strict","","any"
"4750","OUTBOUND_SCOPED_51","Shared","outbound-standard","universal","mgmt","MGMT-JUMPBOX-01","any","any","outside","141.205.154.11/32","any","snmp-base","application-default","Allow","strict","","any"
"4751","STD_DMZ_TO_IOT_3581","Shared","standard","universal","dmz","DB-SRV-01","any","any","iot","WORKSTATIONS-FLOOR2","any","smtp","application-default","Allow","strict","","any"
"4752","STD_POS_TO_AD_524","Shared","none","universal","pos","WORKSTATIONS-FLOOR1","any","any","ad","IOT-GATEWAY-01","any","smtp","application-default","Allow","strict","","any"
"4753","STD_OUTSIDE_TO_DMZ_2877","Shared","app-team","universal","outside","any","any","any","dmz","API-GATEWAY-01","any","ntp","application-default","Allow","strict","","any"
"4754","SCOPED_INTERNAL_MGMT_TO_AD_25","Shared","standard","universal","mgmt","MGMT-JUMPBOX-01","any","any","ad","DB-SRV-01","any","web-browsing","application-default","Allow","strict","","any"
"4755","RISKY_OUTSIDE_TO_APP-SRV-01_2","Shared","remote-access","universal","outside","any","any","any","pos","APP-SRV-01","any","anydesk","application-default","Allow","none","","any"
"4756","RISKY_OUTSIDE_TO_APP-SRV-02_107","Shared","remote-access","universal","outside","any","any","any","server","APP-SRV-02","any","ftp","application-default","Allow","none","","any"
"4757","STD_INSIDE_TO_POS_18","Shared","standard","universal","inside","MGMT-JUMPBOX-01","any","any","pos","WEB-SRV-01","any","snmp-base","application-default","Allow","strict","","any"
"4758","STD_SERVER_TO_POS_3448","Shared","app-team","universal","server","VOIP-PBX-01","any","any","pos","APP-SRV-02","any","web-browsing","application-default","Allow","none","","any"
"4759","STD_AD_TO_VOIP_2995","Shared","app-team","universal","ad","IOT-GATEWAY-01","any","any","voip","DC-01","any","ntp","application-default","Allow","strict","","any"
"4760","BROAD_INTERNAL_IOT_TO_SERVER_29","Shared","internal","universal","iot","any","any","any","server","any","any","any","any","Allow","none","","any"
"4761","STD_POS_TO_SERVER_1247","Shared","none","universal","pos","VOIP-PBX-01","any","any","server","IOT-GATEWAY-01","any","ntp","application-default","Allow","strict","","any"
"4762","SCOPED_PARTNER_TO_WEB-SRV-01_27","Shared","partner-integration","universal","outside","PARTNER-VENDOR-A","any","any","dmz","WEB-SRV-01","any","ssl","application-default","Allow","strict","","any"
"4763","STD_OUTSIDE_TO_MGMT_2681","Shared","standard","universal","outside","any","any","any","mgmt","APP-SRV-02","any","snmp-base","application-default","Allow","strict","","any"
"4764","STD_POS_TO_MGMT_3844","Shared","none","universal","pos","WEB-SRV-02","any","any","mgmt","APP-SRV-01","any","snmp-base","application-default","Allow","none","","any"
"4765","STD_VOIP_TO_DMZ_1851","Shared","none","universal","voip","DB-SRV-01","any","any","dmz","DB-SRV-01","any","voip-generic","application-default","Allow","strict","","any"
"4766","STD_DMZ_TO_MGMT_1580","Shared","standard","universal","dmz","DC-01","any","any","mgmt","DB-SRV-01","any","ssl","application-default","Allow","strict","","any"
"4767","STD_DMZ_TO_VOIP_1188","Shared","none","universal","dmz","VOIP-PBX-01","any","any","voip","MGMT-JUMPBOX-01","any","ping","application-default","Allow","strict","","any"
"4768","STD_POS_TO_SERVER_2296","Shared","app-team","universal","pos","WORKSTATIONS-FLOOR2","any","any","server","WEB-SRV-02","any","web-browsing","application-default","Allow","strict","","any"
"4769","STD_OUTSIDE_TO_VOIP_542","Shared","app-team","universal","outside","any","any","any","voip","IOT-GATEWAY-01","any","dns","application-default","Allow","strict","","any"
"4770","STD_POS_TO_IOT_3733","Shared","none","universal","pos","DC-01","any","any","iot","WEB-SRV-02","any","mqtt","application-default","Allow","strict","","any"
"4771","STD_AD_TO_SERVER_2761","Shared","none","universal","ad","VOIP-PBX-01","any","any","server","FILE-SRV-01","any","ssl","application-default","Allow","none","","any"
"4772","RISKY_OUTSIDE_TO_MGMT-JUMPBOX-01_97","Shared","remote-access","universal","outside","any","any","any","ad","MGMT-JUMPBOX-01","any","ssh","application-default","Allow","none","","any"
"4773","STD_OUTSIDE_TO_AD_645","Shared","standard","universal","outside","any","any","any","ad","MGMT-JUMPBOX-01","any","mqtt","application-default","Allow","strict","","any"
"4774","STD_SERVER_TO_IOT_1979","Shared","standard","universal","server","WORKSTATIONS-FLOOR2","any","any","iot","MGMT-JUMPBOX-01","any","dns","application-default","Allow","none","","any"
"4775","STD_AD_TO_DMZ_3779","Shared","none","universal","ad","IOT-GATEWAY-01","any","any","dmz","DB-SRV-01","any","dns","application-default","Allow","strict","","any"
"4776","STD_OUTSIDE_TO_SERVER_2196","Shared","standard","universal","outside","any","any","any","server","APP-SRV-01","any","ping","application-default","Allow","none","","any"
"4777","STD_DMZ_TO_MGMT_515","Shared","app-team","universal","dmz","WORKSTATIONS-FLOOR1","any","any","mgmt","MGMT-JUMPBOX-01","any","web-browsing","application-default","Allow","strict","","any"
"4778","STD_VOIP_TO_OUTSIDE_907","Shared","standard","universal","voip","VOIP-PBX-01","any","any","outside","8.8.8.8/32","any","voip-generic","application-default","Allow","strict","","any"
"4779","STD_INSIDE_TO_MGMT_36","Shared","standard","universal","inside","WEB-SRV-02","any","any","mgmt","WORKSTATIONS-FLOOR1","any","ntp","application-default","Allow","strict","","any"
"4780","STD_AD_TO_DMZ_3547","Shared","none","universal","ad","IOT-GATEWAY-01","any","any","dmz","FILE-SRV-01","any","ping","application-default","Allow","strict","","any"
"4781","STD_INSIDE_TO_POS_8","Shared","app-team","universal","inside","FILE-SRV-01","any","any","pos","DC-01","any","mqtt","application-default","Allow","strict","","any"
"4782","STD_OUTSIDE_TO_IOT_3093","Shared","app-team","universal","outside","any","any","any","iot","WEB-SRV-01","any","smtp","application-default","Allow","strict","","any"
"4783","OUTBOUND_SCOPED_55","Shared","outbound-standard","universal","inside","WORKSTATIONS-FLOOR1","any","any","outside","CLOUD-BACKUP-PROVIDER","any","snmp-base","application-default","Allow","strict","","any"
"4784","STD_VOIP_TO_AD_2775","Shared","app-team","universal","voip","APP-SRV-01","any","any","ad","DC-01","any","smtp","application-default","Allow","strict","","any"
"4785","STD_AD_TO_INSIDE_610","Shared","app-team","universal","ad","VOIP-PBX-01","any","any","inside","WEB-SRV-02","any","snmp-base","application-default","Allow","strict","","any"
"4786","STD_DMZ_TO_IOT_609","Shared","app-team","universal","dmz","WEB-SRV-02","any","any","iot","FILE-SRV-01","any","sip","application-default","Allow","strict","","any"
"4787","OPEN_OUTSIDE_TO_WEB-SERVERS-G_78","Shared","none","universal","outside","any","any","any","mgmt","WEB-SERVERS-G","any","telnet","application-default","Allow","none","","any"
"4788","STD_POS_TO_AD_1006","Shared","standard","universal","pos","DC-01","any","any","ad","WEB-SRV-01","any","ping","application-default","Allow","strict","","any"
"4789","[Disabled] OLD_DISABLED_10","Shared","none","universal","outside","any","any","any","mgmt","APP-SRV-01","any","any","any","Allow","none","","any"
"4790","STD_INSIDE_TO_OUTSIDE_3259","Shared","standard","universal","inside","VOIP-PBX-01","any","any","outside","8.8.8.8/32","any","mqtt","application-default","Allow","strict","","any"
"4791","STD_POS_TO_INSIDE_615","Shared","standard","universal","pos","IOT-GATEWAY-01","any","any","inside","MGMT-JUMPBOX-01","any","sip","application-default","Allow","strict","","any"
"4792","STD_IOT_TO_AD_2998","Shared","standard","universal","iot","API-GATEWAY-01","any","any","ad","FILE-SRV-01","any","ssl","application-default","Allow","none","","any"
"4793","STD_POS_TO_MGMT_3268","Shared","app-team","universal","pos","MGMT-JUMPBOX-01","any","any","mgmt","WORKSTATIONS-FLOOR1","any","ssl","application-default","Allow","strict","","any"
"4794","STD_AD_TO_VOIP_583","Shared","standard","universal","ad","VOIP-PBX-01","any","any","voip","WORKSTATIONS-FLOOR1","any","voip-generic","application-default","Allow","strict","","any"
"4795","STD_AD_TO_SERVER_2963","Shared","none","universal","ad","WORKSTATIONS-FLOOR1","any","any","server","IOT-GATEWAY-01","any","ping","application-default","Allow","strict","","any"
"4796","STD_INSIDE_TO_DMZ_2831","Shared","standard","universal","inside","APP-SRV-02","any","any","dmz","WEB-SRV-02","any","ntp","application-default","Allow","none","","any"
"4797","STD_POS_TO_MGMT_3769","Shared","standard","universal","pos","WEB-SRV-02","any","any","mgmt","WORKSTATIONS-FLOOR1","any","dns","application-default","Allow","none","","any"
"4798","CORP_TO_AD_3","Shared","admin-access","universal","dmz","any","any","any","ad","any","any","any","application-default","Allow","none","","any"
"4799","STD_MGMT_TO_OUTSIDE_3326","Shared","app-team","universal","mgmt","WEB-SRV-02","any","any","outside","1.1.1.1/32","any","snmp-base","application-default","Allow","strict","","any"
"4800","STD_IOT_TO_DMZ_1591","Shared","standard","universal","iot","WORKSTATIONS-FLOOR2","any","any","dmz","DC-01","any","dns","application-default","Allow","strict","","any"
"4801","STD_SERVER_TO_DMZ_2448","Shared","none","universal","server","WORKSTATIONS-FLOOR1","any","any","dmz","VOIP-PBX-01","any","ssl","application-default","Allow","strict","","any"
"4802","STD_MGMT_TO_IOT_2225","Shared","standard","universal","mgmt","WORKSTATIONS-FLOOR1","any","any","iot","MGMT-JUMPBOX-01","any","smtp","application-default","Allow","none","","any"
"4803","STD_OUTSIDE_TO_POS_1693","Shared","app-team","universal","outside","any","any","any","pos","FILE-SRV-01","any","sip","application-default","Allow","strict","","any"
"4804","STD_VOIP_TO_INSIDE_650","Shared","standard","universal","voip","WORKSTATIONS-FLOOR1","any","any","inside","VOIP-PBX-01","any","smtp","application-default","Allow","none","","any"
"4805","STD_VOIP_TO_OUTSIDE_3926","Shared","none","universal","voip","VOIP-PBX-01","any","any","outside","1.1.1.1/32","any","web-browsing","application-default","Allow","strict","","any"
"4806","SCOPED_INTERNAL_AD_TO_DMZ_61","Shared","standard","universal","ad","MGMT-JUMPBOX-01","any","any","dmz","APP-SRV-01","any","sip","application-default","Allow","strict","","any"
"4807","STD_AD_TO_DMZ_844","Shared","standard","universal","ad","API-GATEWAY-01","any","any","dmz","MGMT-JUMPBOX-01","any","ntp","application-default","Allow","strict","","any"
"4808","STD_OUTSIDE_TO_INSIDE_1159","Shared","standard","universal","outside","any","any","any","inside","FILE-SRV-01","any","web-browsing","application-default","Allow","none","","any"
"4809","REMOTE_ACCESS_30","Shared","remote-support","universal","outside","any","any","any","iot","MGMT-JUMPBOX-01","any","anydesk","application-default","Allow","none","","any"
"4810","STD_OUTSIDE_TO_POS_2274","Shared","app-team","universal","outside","any","any","any","pos","WORKSTATIONS-FLOOR2","any","web-browsing","application-default","Allow","strict","","any"
"4811","STD_AD_TO_OUTSIDE_3274","Shared","standard","universal","ad","API-GATEWAY-01","any","any","outside","1.1.1.1/32","any","sip","application-default","Allow","strict","","any"
"4812","STD_AD_TO_MGMT_2113","Shared","none","universal","ad","WORKSTATIONS-FLOOR2","any","any","mgmt","APP-SRV-02","any","snmp-base","application-default","Allow","none","","any"
"4813","SCOPED_INTERNAL_INSIDE_TO_POS_73","Shared","standard","universal","inside","MGMT-JUMPBOX-01","any","any","pos","DB-SRV-01","any","dns","application-default","Allow","strict","","any"
"4814","SCOPED_INTERNAL_VOIP_TO_IOT_44","Shared","standard","universal","voip","WORKSTATIONS-FLOOR1","any","any","iot","DB-SRV-01","any","dns","application-default","Allow","strict","","any"
"4815","STD_INSIDE_TO_IOT_287","Shared","none","universal","inside","WORKSTATIONS-FLOOR1","any","any","iot","VOIP-PBX-01","any","dns","application-default","Allow","strict","","any"
"4816","STD_POS_TO_VOIP_2786","Shared","none","universal","pos","MGMT-JUMPBOX-01","any","any","voip","DC-01","any","ping","application-default","Allow","none","","any"
"4817","STD_MGMT_TO_VOIP_2503","Shared","app-team","universal","mgmt","WORKSTATIONS-FLOOR1","any","any","voip","IOT-GATEWAY-01","any","sip","application-default","Allow","strict","","any"
"4818","STD_MGMT_TO_DMZ_2192","Shared","none","universal","mgmt","WORKSTATIONS-FLOOR1","any","any","dmz","WEB-SRV-02","any","smtp","application-default","Allow","strict","","any"
"4819","STD_MGMT_TO_INSIDE_481","Shared","app-team","universal","mgmt","DB-SRV-01","any","any","inside","MGMT-JUMPBOX-01","any","web-browsing","application-default","Allow","strict","","any"
"4820","STD_IOT_TO_VOIP_1363","Shared","none","universal","iot","VOIP-PBX-01","any","any","voip","FILE-SRV-01","any","ntp","application-default","Allow","none","","any"
"4821","DNS_OUTBOUND_23","Shared","none","universal","mgmt","MGMT-JUMPBOX-01","any","any","outside","1.1.1.1/32","any","any","tcp-853","Allow","strict","","any"
"4822","STD_IOT_TO_AD_679","Shared","app-team","universal","iot","WORKSTATIONS-FLOOR1","any","any","ad","WEB-SRV-01","any","snmp-base","application-default","Allow","strict","","any"
"4823","STD_MGMT_TO_AD_1041","Shared","app-team","universal","mgmt","IOT-GATEWAY-01","any","any","ad","FILE-SRV-01","any","mqtt","application-default","Allow","strict","","any"
"4824","STD_INSIDE_TO_MGMT_2117","Shared","none","universal","inside","DC-01","any","any","mgmt","WEB-SRV-02","any","web-browsing","application-default","Allow","none","","any"
"4825","STD_DMZ_TO_SERVER_3718","Shared","standard","universal","dmz","DB-SRV-01","any","any","server","VOIP-PBX-01","any","sip","application-default","Allow","strict","","any"
"4826","STD_DMZ_TO_AD_3707","Shared","app-team","universal","dmz","APP-SRV-01","any","any","ad","APP-SRV-01","any","ntp","application-default","Allow","strict","","any"
"4827","STD_DMZ_TO_INSIDE_1906","Shared","standard","universal","dmz","APP-SRV-02","any","any","inside","API-GATEWAY-01","any","mqtt","application-default","Allow","strict","","any"
"4828","STD_SERVER_TO_AD_306","Shared","none","universal","server","MGMT-JUMPBOX-01","any","any","ad","APP-SRV-02","any","mqtt","application-default","Allow","none","","any"
"4829","STD_VOIP_TO_OUTSIDE_1824","Shared","none","universal","voip","VOIP-PBX-01","any","any","outside","9.9.9.9/32","any","sip","application-default","Allow","strict","","any"
"4830","STD_AD_TO_POS_3588","Shared","none","universal","ad","DC-01","any","any","pos","APP-SRV-01","any","dns","application-default","Allow","none","","any"
"4831","STD_MGMT_TO_DMZ_1901","Shared","none","universal","mgmt","API-GATEWAY-01","any","any","dmz","DB-SRV-01","any","ssl","application-default","Allow","strict","","any"
"4832","BROAD_INTERNAL_IOT_TO_INSIDE_52","Shared","internal","universal","iot","any","any","any","inside","any","any","any","any","Allow","none","","any"
"4833","STD_MGMT_TO_SERVER_2787","Shared","app-team","universal","mgmt","API-GATEWAY-01","any","any","server","WEB-SRV-02","any","sip","application-default","Allow","strict","","any"
"4834","NEGATED_RFC1918_10","Shared","none","universal","server","[Negate]  10.0.0.0-10.255.255.255;[Negate]  172.16.0.0-172.31.255.255;[Negate]  192.168.0.0-192.168.255.255","any","any","outside","any","any","web-browsing","application-default","Allow","strict","","any"
"4835","STD_OUTSIDE_TO_POS_539","Shared","standard","universal","outside","any","any","any","pos","WEB-SRV-02","any","ssl","application-default","Allow","strict","","any"
"4836","STD_DMZ_TO_POS_336","Shared","none","universal","dmz","WEB-SRV-02","any","any","pos","WEB-SRV-01","any","snmp-base","application-default","Allow","none","","any"
"4837","STD_OUTSIDE_TO_MGMT_2023","Shared","none","universal","outside","any","any","any","mgmt","WORKSTATIONS-FLOOR2","any","ntp","application-default","Allow","strict","","any"
"4838","STD_OUTSIDE_TO_IOT_916","Shared","none","universal","outside","any","any","any","iot","FILE-SRV-01","any","sip","application-default","Allow","strict","","any"
"4839","OPEN_OUTSIDE_TO_CRITICAL-INFRA-G_33","Shared","none","universal","outside","any","any","any","mgmt","CRITICAL-INFRA-G","any","ldap","application-default","Allow","none","","any"
"4840","STD_DMZ_TO_VOIP_3031","Shared","none","universal","dmz","APP-SRV-01","any","any","voip","WORKSTATIONS-FLOOR1","any","web-browsing","application-default","Allow","none","","any"
"4841","STD_OUTSIDE_TO_AD_2188","Shared","standard","universal","outside","any","any","any","ad","MGMT-JUMPBOX-01","any","ntp","application-default","Allow","strict","","any"
"4842","STD_INSIDE_TO_OUTSIDE_3897","Shared","standard","universal","inside","IOT-GATEWAY-01","any","any","outside","1.1.1.1/32","any","sip","application-default","Allow","none","","any"
"4843","STD_VOIP_TO_OUTSIDE_3773","Shared","app-team","universal","voip","API-GATEWAY-01","any","any","outside","1.1.1.1/32","any","snmp-base","application-default","Allow","strict","","any"
"4844","STD_SERVER_TO_POS_170","Shared","none","universal","server","DC-01","any","any","pos","FILE-SRV-01","any","mqtt","application-default","Allow","none","","any"
"4845","STD_OUTSIDE_TO_AD_3072","Shared","standard","universal","outside","any","any","any","ad","APP-SRV-01","any","ssl","application-default","Allow","strict","","any"
"4846","STD_VOIP_TO_POS_1343","Shared","app-team","universal","voip","WORKSTATIONS-FLOOR1","any","any","pos","FILE-SRV-01","any","ssl","application-default","Allow","strict","","any"
"4847","STD_VOIP_TO_POS_1583","Shared","standard","universal","voip","WORKSTATIONS-FLOOR2","any","any","pos","VOIP-PBX-01","any","ssl","application-default","Allow","strict","","any"
"4848","STD_MGMT_TO_IOT_3091","Shared","standard","universal","mgmt","VOIP-PBX-01","any","any","iot","IOT-GATEWAY-01","any","web-browsing","application-default","Allow","strict","","any"
"4849","STD_POS_TO_AD_476","Shared","none","universal","pos","WORKSTATIONS-FLOOR2","any","any","ad","WEB-SRV-01","any","snmp-base","application-default","Allow","strict","","any"
"4850","STD_INSIDE_TO_MGMT_3316","Shared","app-team","universal","inside","APP-SRV-02","any","any","mgmt","WORKSTATIONS-FLOOR1","any","ping","application-default","Allow","strict","","any"
"4851","RISKY_OUTSIDE_TO_FILE-SRV-01_111","Shared","remote-access","universal","outside","any","any","any","ad","FILE-SRV-01","any","ms-ds-smb","application-default","Allow","none","","any"
"4852","OUTBOUND_OPEN_8","Shared","legacy-open","universal","inside","any","any","any","outside","any","any","any","any","Allow","none","","any"
"4853","STD_DMZ_TO_POS_2920","Shared","standard","universal","dmz","DB-SRV-01","any","any","pos","WEB-SRV-02","any","dns","application-default","Allow","none","","any"
"4854","STD_DMZ_TO_POS_1360","Shared","standard","universal","dmz","FILE-SRV-01","any","any","pos","IOT-GATEWAY-01","any","sip","application-default","Allow","strict","","any"
"4855","STD_INSIDE_TO_POS_729","Shared","app-team","universal","inside","WORKSTATIONS-FLOOR1","any","any","pos","WORKSTATIONS-FLOOR2","any","dns","application-default","Allow","strict","","any"
"4856","STD_AD_TO_IOT_1333","Shared","none","universal","ad","APP-SRV-01","any","any","iot","DB-SRV-01","any","voip-generic","application-default","Allow","none","","any"
"4857","STD_SERVER_TO_VOIP_3116","Shared","standard","universal","server","VOIP-PBX-01","any","any","voip","WORKSTATIONS-FLOOR1","any","ntp","application-default","Allow","strict","","any"
"4858","STD_OUTSIDE_TO_IOT_1350","Shared","app-team","universal","outside","any","any","any","iot","API-GATEWAY-01","any","ping","application-default","Allow","none","","any"
"4859","STD_INSIDE_TO_SERVER_302","Shared","app-team","universal","inside","APP-SRV-01","any","any","server","WORKSTATIONS-FLOOR2","any","ntp","application-default","Allow","strict","","any"
"4860","STD_MGMT_TO_IOT_2557","Shared","standard","universal","mgmt","DB-SRV-01","any","any","iot","FILE-SRV-01","any","ping","application-default","Allow","none","","any"
"4861","STD_AD_TO_IOT_2823","Shared","standard","universal","ad","MGMT-JUMPBOX-01","any","any","iot","VOIP-PBX-01","any","ntp","application-default","Allow","strict","","any"
"4862","STD_VOIP_TO_MGMT_1061","Shared","standard","universal","voip","DC-01","any","any","mgmt","WORKSTATIONS-FLOOR1","any","mqtt","application-default","Allow","strict","","any"
"4863","RISKY_OUTSIDE_TO_FILE-SRV-01_71","Shared","remote-access","universal","outside","any","any","any","dmz","FILE-SRV-01","any","teamviewer","application-default","Allow","none","","any"
"4864","STD_SERVER_TO_INSIDE_445","Shared","app-team","universal","server","DB-SRV-01","any","any","inside","WORKSTATIONS-FLOOR2","any","mqtt","application-default","Allow","strict","","any"
"4865","STD_OUTSIDE_TO_DMZ_3499","Shared","app-team","universal","outside","any","any","any","dmz","API-GATEWAY-01","any","ntp","application-default","Allow","strict","","any"
"4866","STD_SERVER_TO_MGMT_3943","Shared","app-team","universal","server","WORKSTATIONS-FLOOR2","any","any","mgmt","WEB-SRV-01","any","voip-generic","application-default","Allow","strict","","any"
"4867","STD_OUTSIDE_TO_SERVER_3759","Shared","standard","universal","outside","any","any","any","server","IOT-GATEWAY-01","any","ping","application-default","Allow","strict","","any"
"4868","STD_VOIP_TO_IOT_2692","Shared","none","universal","voip","DC-01","any","any","iot","WEB-SRV-02","any","web-browsing","application-default","Allow","none","","any"
"4869","STD_DMZ_TO_POS_3045","Shared","standard","universal","dmz","WORKSTATIONS-FLOOR2","any","any","pos","MGMT-JUMPBOX-01","any","ping","application-default","Allow","strict","","any"
"4870","STD_MGMT_TO_VOIP_789","Shared","none","universal","mgmt","WORKSTATIONS-FLOOR2","any","any","voip","APP-SRV-02","any","dns","application-default","Allow","strict","","any"
"4871","STD_IOT_TO_AD_3221","Shared","none","universal","iot","IOT-GATEWAY-01","any","any","ad","DB-SRV-01","any","ntp","application-default","Allow","none","","any"
"4872","[Disabled] OLD_DISABLED_23","Shared","none","universal","outside","any","any","any","iot","APP-SRV-01","any","any","any","Allow","none","","any"
"4873","STD_VOIP_TO_DMZ_1902","Shared","none","universal","voip","MGMT-JUMPBOX-01","any","any","dmz","VOIP-PBX-01","any","mqtt","application-default","Allow","strict","","any"
"4874","OUTBOUND_SCOPED_16","Shared","outbound-standard","universal","inside","WORKSTATIONS-FLOOR1","any","any","outside","CLOUD-BACKUP-PROVIDER","any","web-browsing","application-default","Allow","strict","","any"
"4875","CORP_TO_POS_20","Shared","admin-access","universal","dmz","any","any","any","pos","any","any","any","application-default","Allow","none","","any"
"4876","STD_DMZ_TO_AD_601","Shared","standard","universal","dmz","DC-01","any","any","ad","MGMT-JUMPBOX-01","any","smtp","application-default","Allow","strict","","any"
"4877","DNS_OUTBOUND_39","Shared","none","universal","mgmt","WORKSTATIONS-FLOOR1","any","any","outside","8.8.8.8/32","any","dns-over-https","tcp-853","Allow","none","","any"
"4878","STD_AD_TO_MGMT_1681","Shared","none","universal","ad","VOIP-PBX-01","any","any","mgmt","WEB-SRV-01","any","sip","application-default","Allow","strict","","any"
"4879","STD_MGMT_TO_SERVER_2430","Shared","standard","universal","mgmt","DC-01","any","any","server","WEB-SRV-01","any","ssl","application-default","Allow","strict","","any"
"4880","STD_AD_TO_POS_582","Shared","standard","universal","ad","WEB-SRV-02","any","any","pos","VOIP-PBX-01","any","smtp","application-default","Allow","strict","","any"
"4881","STD_VOIP_TO_IOT_3882","Shared","standard","universal","voip","MGMT-JUMPBOX-01","any","any","iot","MGMT-JUMPBOX-01","any","snmp-base","application-default","Allow","none","","any"
"4882","STD_DMZ_TO_INSIDE_2176","Shared","app-team","universal","dmz","WORKSTATIONS-FLOOR1","any","any","inside","APP-SRV-01","any","sip","application-default","Allow","strict","","any"
"4883","REMOTE_ACCESS_7","Shared","remote-support","universal","outside","any","any","any","mgmt","FILE-SRV-01","any","anydesk","application-default","Allow","none","","any"
"4884","STD_INSIDE_TO_AD_3935","Shared","none","universal","inside","WEB-SRV-02","any","any","ad","FILE-SRV-01","any","ntp","application-default","Allow","none","","any"
"4885","STD_OUTSIDE_TO_AD_571","Shared","none","universal","outside","any","any","any","ad","APP-SRV-01","any","sip","application-default","Allow","strict","","any"
"4886","STD_IOT_TO_OUTSIDE_3320","Shared","none","universal","iot","WORKSTATIONS-FLOOR1","any","any","outside","9.9.9.9/32","any","ssl","application-default","Allow","strict","","any"
"4887","STD_AD_TO_MGMT_2333","Shared","standard","universal","ad","VOIP-PBX-01","any","any","mgmt","VOIP-PBX-01","any","ssl","application-default","Allow","strict","","any"
"4888","STD_IOT_TO_OUTSIDE_94","Shared","app-team","universal","iot","APP-SRV-01","any","any","outside","8.8.8.8/32","any","dns","application-default","Allow","strict","","any"
"4889","OPEN_OUTSIDE_TO_MGMT-HOSTS-G_81","Shared","none","universal","outside","any","any","any","mgmt","MGMT-HOSTS-G","any","vnc","any","Allow","none","","any"
"4890","SCOPED_PARTNER_TO_WEB-SRV-01_6","Shared","partner-integration","universal","outside","PARTNER-VENDOR-A","any","any","dmz","WEB-SRV-01","any","ssl","application-default","Allow","strict","","any"
"4891","STD_DMZ_TO_VOIP_3332","Shared","none","universal","dmz","WEB-SRV-02","any","any","voip","MGMT-JUMPBOX-01","any","voip-generic","application-default","Allow","strict","","any"
"4892","STD_IOT_TO_SERVER_2756","Shared","app-team","universal","iot","FILE-SRV-01","any","any","server","WEB-SRV-01","any","ssl","application-default","Allow","strict","","any"
"4893","LEGACY_PORT_11","Shared","legacy-port","universal","outside","any","any","any","mgmt","APP-SRV-01","any","any","tcp-443","Allow","none","","any"
"4894","BROAD_INTERNAL_INSIDE_TO_VOIP_62","Shared","internal","universal","inside","any","any","any","voip","any","any","any","any","Allow","none","","any"
"4895","STD_INSIDE_TO_AD_1452","Shared","app-team","universal","inside","DB-SRV-01","any","any","ad","WEB-SRV-02","any","sip","application-default","Allow","strict","","any"
"4896","STD_VOIP_TO_SERVER_2455","Shared","none","universal","voip","VOIP-PBX-01","any","any","server","APP-SRV-02","any","ntp","application-default","Allow","none","","any"
"4897","STD_SERVER_TO_INSIDE_1908","Shared","none","universal","server","VOIP-PBX-01","any","any","inside","IOT-GATEWAY-01","any","voip-generic","application-default","Allow","strict","","any"
"4898","STD_DMZ_TO_SERVER_640","Shared","standard","universal","dmz","IOT-GATEWAY-01","any","any","server","VOIP-PBX-01","any","ntp","application-default","Allow","none","","any"
"4899","STD_SERVER_TO_VOIP_114","Shared","app-team","universal","server","APP-SRV-02","any","any","voip","VOIP-PBX-01","any","voip-generic","application-default","Allow","strict","","any"
"4900","STD_OUTSIDE_TO_POS_2130","Shared","standard","universal","outside","any","any","any","pos","API-GATEWAY-01","any","snmp-base","application-default","Allow","strict","","any"
"4901","STD_OUTSIDE_TO_INSIDE_2301","Shared","standard","universal","outside","any","any","any","inside","MGMT-JUMPBOX-01","any","sip","application-default","Allow","strict","","any"
"4902","STD_IOT_TO_OUTSIDE_2788","Shared","none","universal","iot","WEB-SRV-02","any","any","outside","8.8.8.8/32","any","snmp-base","application-default","Allow","strict","","any"
"4903","STD_AD_TO_SERVER_1688","Shared","app-team","universal","ad","API-GATEWAY-01","any","any","server","APP-SRV-01","any","mqtt","application-default","Allow","strict","","any"
"4904","STD_DMZ_TO_IOT_1545","Shared","standard","universal","dmz","FILE-SRV-01","any","any","iot","WORKSTATIONS-FLOOR2","any","web-browsing","application-default","Allow","strict","","any"
"4905","STD_POS_TO_VOIP_2885","Shared","app-team","universal","pos","WEB-SRV-02","any","any","voip","API-GATEWAY-01","any","ping","application-default","Allow","none","","any"
"4906","STD_POS_TO_VOIP_426","Shared","standard","universal","pos","WEB-SRV-01","any","any","voip","WORKSTATIONS-FLOOR1","any","web-browsing","application-default","Allow","none","","any"
"4907","STD_SERVER_TO_AD_550","Shared","none","universal","server","WORKSTATIONS-FLOOR2","any","any","ad","WEB-SRV-02","any","ping","application-default","Allow","strict","","any"
"4908","STD_VOIP_TO_OUTSIDE_3900","Shared","none","universal","voip","FILE-SRV-01","any","any","outside","8.8.8.8/32","any","snmp-base","application-default","Allow","strict","","any"
"4909","STD_POS_TO_AD_1446","Shared","app-team","universal","pos","API-GATEWAY-01","any","any","ad","APP-SRV-02","any","ping","application-default","Allow","strict","","any"
"4910","STD_INSIDE_TO_AD_535","Shared","none","universal","inside","WORKSTATIONS-FLOOR2","any","any","ad","DB-SRV-01","any","ssl","application-default","Allow","none","","any"
"4911","STD_SERVER_TO_AD_669","Shared","standard","universal","server","WORKSTATIONS-FLOOR1","any","any","ad","API-GATEWAY-01","any","ping","application-default","Allow","none","","any"
"4912","STD_IOT_TO_DMZ_275","Shared","standard","universal","iot","API-GATEWAY-01","any","any","dmz","IOT-GATEWAY-01","any","smtp","application-default","Allow","strict","","any"
"4913","SCOPED_PARTNER_TO_WEB-SRV-01_29","Shared","partner-integration","universal","outside","PARTNER-VENDOR-A","any","any","dmz","WEB-SRV-01","any","ssl","application-default","Allow","strict","","any"
"4914","STD_VOIP_TO_DMZ_3862","Shared","none","universal","voip","APP-SRV-01","any","any","dmz","VOIP-PBX-01","any","ssl","application-default","Allow","none","","any"
"4915","STD_MGMT_TO_POS_2924","Shared","app-team","universal","mgmt","APP-SRV-02","any","any","pos","WEB-SRV-02","any","sip","application-default","Allow","none","","any"
"4916","STD_IOT_TO_OUTSIDE_3271","Shared","standard","universal","iot","APP-SRV-01","any","any","outside","1.1.1.1/32","any","mqtt","application-default","Allow","none","","any"
"4917","STD_AD_TO_IOT_1009","Shared","none","universal","ad","APP-SRV-01","any","any","iot","MGMT-JUMPBOX-01","any","snmp-base","application-default","Allow","none","","any"
"4918","SCOPED_NO_PROFILE_13","Shared","partner-integration","universal","outside","PARTNER-VENDOR-A","any","any","dmz","API-GATEWAY-01","any","ssl","application-default","Allow","none","","any"
"4919","OUTBOUND_SCOPED_50","Shared","outbound-standard","universal","mgmt","APP-SRV-01","any","any","outside","VPN-CLIENT-RANGE","any","smtp","application-default","Allow","strict","","any"
"4920","STD_MGMT_TO_INSIDE_3375","Shared","none","universal","mgmt","WEB-SRV-02","any","any","inside","IOT-GATEWAY-01","any","ntp","application-default","Allow","strict","","any"
"4921","STD_MGMT_TO_VOIP_3312","Shared","none","universal","mgmt","FILE-SRV-01","any","any","voip","DB-SRV-01","any","ssl","application-default","Allow","strict","","any"
"4922","SCOPED_INTERNAL_DMZ_TO_IOT_3","Shared","standard","universal","dmz","APP-SRV-01","any","any","iot","APP-SRV-01","any","smtp","application-default","Allow","strict","","any"
"4923","STD_IOT_TO_SERVER_3429","Shared","none","universal","iot","WEB-SRV-01","any","any","server","WORKSTATIONS-FLOOR1","any","voip-generic","application-default","Allow","strict","","any"
"4924","STD_OUTSIDE_TO_VOIP_1751","Shared","app-team","universal","outside","any","any","any","voip","APP-SRV-02","any","web-browsing","application-default","Allow","strict","","any"
"4925","STD_SERVER_TO_INSIDE_3402","Shared","none","universal","server","WEB-SRV-02","any","any","inside","DB-SRV-01","any","snmp-base","application-default","Allow","strict","","any"
"4926","STD_DMZ_TO_OUTSIDE_3799","Shared","none","universal","dmz","FILE-SRV-01","any","any","outside","1.1.1.1/32","any","snmp-base","application-default","Allow","none","","any"
"4927","STD_AD_TO_DMZ_3859","Shared","app-team","universal","ad","FILE-SRV-01","any","any","dmz","WORKSTATIONS-FLOOR2","any","snmp-base","application-default","Allow","none","","any"
"4928","STD_SERVER_TO_AD_1421","Shared","app-team","universal","server","DC-01","any","any","ad","APP-SRV-01","any","ssl","application-default","Allow","none","","any"
"4929","STD_AD_TO_VOIP_1245","Shared","standard","universal","ad","VOIP-PBX-01","any","any","voip","DB-SRV-01","any","smtp","application-default","Allow","none","","any"
"4930","STD_AD_TO_POS_523","Shared","standard","universal","ad","IOT-GATEWAY-01","any","any","pos","DC-01","any","dns","application-default","Allow","strict","","any"
"4931","STD_OUTSIDE_TO_VOIP_111","Shared","none","universal","outside","any","any","any","voip","FILE-SRV-01","any","snmp-base","application-default","Allow","none","","any"
"4932","STD_MGMT_TO_OUTSIDE_25","Shared","standard","universal","mgmt","VOIP-PBX-01","any","any","outside","1.1.1.1/32","any","smtp","application-default","Allow","strict","","any"
"4933","STD_AD_TO_IOT_2348","Shared","none","universal","ad","FILE-SRV-01","any","any","iot","WORKSTATIONS-FLOOR2","any","ping","application-default","Allow","strict","","any"
"4934","STD_VOIP_TO_OUTSIDE_3896","Shared","app-team","universal","voip","WORKSTATIONS-FLOOR2","any","any","outside","9.9.9.9/32","any","voip-generic","application-default","Allow","strict","","any"
"4935","STD_VOIP_TO_INSIDE_1654","Shared","app-team","universal","voip","APP-SRV-02","any","any","inside","FILE-SRV-01","any","dns","application-default","Allow","none","","any"
"4936","STD_INSIDE_TO_MGMT_2922","Shared","none","universal","inside","WEB-SRV-02","any","any","mgmt","IOT-GATEWAY-01","any","ssl","application-default","Allow","strict","","any"
"4937","STD_INSIDE_TO_POS_803","Shared","standard","universal","inside","WORKSTATIONS-FLOOR2","any","any","pos","IOT-GATEWAY-01","any","mqtt","application-default","Allow","strict","","any"
"4938","STD_POS_TO_MGMT_1071","Shared","standard","universal","pos","DC-01","any","any","mgmt","WORKSTATIONS-FLOOR2","any","mqtt","application-default","Allow","strict","","any"
"4939","STD_OUTSIDE_TO_DMZ_3854","Shared","none","universal","outside","any","any","any","dmz","APP-SRV-02","any","ping","application-default","Allow","strict","","any"
"4940","STD_IOT_TO_DMZ_2027","Shared","standard","universal","iot","API-GATEWAY-01","any","any","dmz","MGMT-JUMPBOX-01","any","dns","application-default","Allow","none","","any"
"4941","STD_OUTSIDE_TO_VOIP_1175","Shared","none","universal","outside","any","any","any","voip","WORKSTATIONS-FLOOR1","any","snmp-base","application-default","Allow","strict","","any"
"4942","STD_MGMT_TO_DMZ_1320","Shared","app-team","universal","mgmt","APP-SRV-02","any","any","dmz","APP-SRV-01","any","ping","application-default","Allow","strict","","any"
"4943","STD_OUTSIDE_TO_DMZ_3705","Shared","app-team","universal","outside","any","any","any","dmz","VOIP-PBX-01","any","web-browsing","application-default","Allow","strict","","any"
"4944","STD_SERVER_TO_IOT_608","Shared","app-team","universal","server","WEB-SRV-01","any","any","iot","DC-01","any","ssl","application-default","Allow","none","","any"
"4945","STD_SERVER_TO_DMZ_3149","Shared","standard","universal","server","MGMT-JUMPBOX-01","any","any","dmz","VOIP-PBX-01","any","snmp-base","application-default","Allow","none","","any"
"4946","STD_POS_TO_MGMT_1493","Shared","standard","universal","pos","APP-SRV-02","any","any","mgmt","WORKSTATIONS-FLOOR1","any","smtp","application-default","Allow","none","","any"
"4947","STD_SERVER_TO_AD_2184","Shared","none","universal","server","WORKSTATIONS-FLOOR1","any","any","ad","WORKSTATIONS-FLOOR1","any","sip","application-default","Allow","strict","","any"
"4948","STD_SERVER_TO_AD_2461","Shared","none","universal","server","API-GATEWAY-01","any","any","ad","DC-01","any","snmp-base","application-default","Allow","none","","any"
"4949","STD_INSIDE_TO_OUTSIDE_3917","Shared","none","universal","inside","API-GATEWAY-01","any","any","outside","8.8.8.8/32","any","ssl","application-default","Allow","strict","","any"
"4950","STD_VOIP_TO_DMZ_491","Shared","none","universal","voip","WEB-SRV-01","any","any","dmz","WORKSTATIONS-FLOOR1","any","sip","application-default","Allow","none","","any"
"4951","OPEN_OUTSIDE_TO_MGMT-HOSTS-G_44","Shared","legacy-open","universal","outside","any","any","any","server","MGMT-HOSTS-G","any","telnet","application-default","Allow","none","","any"
"4952","STD_SERVER_TO_POS_1826","Shared","app-team","universal","server","FILE-SRV-01","any","any","pos","FILE-SRV-01","any","ntp","application-default","Allow","strict","","any"
"4953","STD_VOIP_TO_MGMT_870","Shared","none","universal","voip","DB-SRV-01","any","any","mgmt","MGMT-JUMPBOX-01","any","web-browsing","application-default","Allow","none","","any"
"4954","STD_AD_TO_VOIP_2266","Shared","none","universal","ad","WEB-SRV-01","any","any","voip","APP-SRV-02","any","ntp","application-default","Allow","strict","","any"
"4955","STD_POS_TO_IOT_3874","Shared","none","universal","pos","APP-SRV-02","any","any","iot","IOT-GATEWAY-01","any","web-browsing","application-default","Allow","strict","","any"
"4956","STD_IOT_TO_AD_3514","Shared","standard","universal","iot","WEB-SRV-02","any","any","ad","WEB-SRV-01","any","dns","application-default","Allow","none","","any"
"4957","NEGATED_RFC1918_4","Shared","none","universal","server","[Negate]  10.0.0.0-10.255.255.255;[Negate]  172.16.0.0-172.31.255.255;[Negate]  192.168.0.0-192.168.255.255","any","any","outside","any","any","web-browsing","application-default","Allow","strict","","any"
"4958","STD_POS_TO_MGMT_2307","Shared","none","universal","pos","DC-01","any","any","mgmt","API-GATEWAY-01","any","snmp-base","application-default","Allow","strict","","any"
"4959","DUPLICATE_NAME_TEST","Shared","none","universal","outside","any","any","any","dmz","WEB-SRV-01","any","ssl","application-default","Allow","strict","","any"
"4960","STD_DMZ_TO_VOIP_2131","Shared","standard","universal","dmz","VOIP-PBX-01","any","any","voip","APP-SRV-02","any","web-browsing","application-default","Allow","strict","","any"
"4961","[Disabled] OLD_DISABLED_24","Shared","none","universal","outside","any","any","any","inside","FILE-SRV-01","any","any","any","Allow","none","","any"
"4962","STD_VOIP_TO_DMZ_2580","Shared","standard","universal","voip","MGMT-JUMPBOX-01","any","any","dmz","IOT-GATEWAY-01","any","smtp","application-default","Allow","strict","","any"
"4963","STD_IOT_TO_POS_1274","Shared","none","universal","iot","WEB-SRV-01","any","any","pos","APP-SRV-02","any","snmp-base","application-default","Allow","none","","any"
"4964","OPEN_OUTSIDE_TO_MGMT-HOSTS-G_48","Shared","none","universal","outside","any","any","any","pos","MGMT-HOSTS-G","any","telnet","application-default","Allow","none","","any"
"4965","BROAD_INTERNAL_VOIP_TO_IOT_21","Shared","internal","universal","voip","any","any","any","iot","any","any","any","any","Allow","none","","any"
"4966","STD_IOT_TO_VOIP_304","Shared","none","universal","iot","DB-SRV-01","any","any","voip","APP-SRV-02","any","sip","application-default","Allow","strict","","any"
"4967","STD_VOIP_TO_POS_2512","Shared","none","universal","voip","MGMT-JUMPBOX-01","any","any","pos","FILE-SRV-01","any","sip","application-default","Allow","strict","","any"
"4968","STD_POS_TO_IOT_210","Shared","standard","universal","pos","DC-01","any","any","iot","WEB-SRV-02","any","voip-generic","application-default","Allow","strict","","any"
"4969","STD_MGMT_TO_INSIDE_3075","Shared","standard","universal","mgmt","VOIP-PBX-01","any","any","inside","API-GATEWAY-01","any","ping","application-default","Allow","strict","","any"
"4970","OPEN_OUTSIDE_TO_MGMT-HOSTS-G_39","Shared","legacy-open","universal","outside","any","any","any","dmz","MGMT-HOSTS-G","any","logmein","any","Allow","none","","any"
"4971","SCOPED_INTERNAL_DMZ_TO_AD_45","Shared","standard","universal","dmz","MGMT-JUMPBOX-01","any","any","ad","FILE-SRV-01","any","web-browsing","application-default","Allow","strict","","any"
"4972","STD_POS_TO_IOT_3832","Shared","standard","universal","pos","API-GATEWAY-01","any","any","iot","WEB-SRV-01","any","snmp-base","application-default","Allow","strict","","any"
"4973","STD_AD_TO_MGMT_1737","Shared","standard","universal","ad","IOT-GATEWAY-01","any","any","mgmt","FILE-SRV-01","any","web-browsing","application-default","Allow","strict","","any"
"4974","STD_SERVER_TO_AD_3121","Shared","app-team","universal","server","WORKSTATIONS-FLOOR2","any","any","ad","MGMT-JUMPBOX-01","any","mqtt","application-default","Allow","strict","","any"
"4975","OUTBOUND_SCOPED_36","Shared","outbound-standard","universal","server","APP-SRV-01","any","any","outside","VPN-CLIENT-RANGE","any","ssl","application-default","Allow","strict","","any"
"4976","STD_OUTSIDE_TO_DMZ_856","Shared","standard","universal","outside","any","any","any","dmz","APP-SRV-02","any","ntp","application-default","Allow","strict","","any"
"4977","STD_OUTSIDE_TO_AD_1356","Shared","standard","universal","outside","any","any","any","ad","WORKSTATIONS-FLOOR1","any","web-browsing","application-default","Allow","strict","","any"
"4978","STD_IOT_TO_SERVER_2782","Shared","app-team","universal","iot","WEB-SRV-02","any","any","server","APP-SRV-01","any","ping","application-default","Allow","none","","any"
"4979","TEMP_ACCESS_17","Shared","temp-poc","universal","outside","any","any","any","voip","any","any","any","any","Allow","none","","any"
"4980","STD_DMZ_TO_INSIDE_3747","Shared","app-team","universal","dmz","WORKSTATIONS-FLOOR1","any","any","inside","API-GATEWAY-01","any","ssl","application-default","Allow","none","","any"
"4981","STD_DMZ_TO_POS_1078","Shared","standard","universal","dmz","API-GATEWAY-01","any","any","pos","DB-SRV-01","any","ping","application-default","Allow","strict","","any"
"4982","STD_VOIP_TO_SERVER_3129","Shared","app-team","universal","voip","WEB-SRV-01","any","any","server","APP-SRV-01","any","web-browsing","application-default","Allow","strict","","any"
"4983","STD_IOT_TO_VOIP_1541","Shared","none","universal","iot","VOIP-PBX-01","any","any","voip","MGMT-JUMPBOX-01","any","ntp","application-default","Allow","strict","","any"
"4984","STD_POS_TO_OUTSIDE_820","Shared","app-team","universal","pos","VOIP-PBX-01","any","any","outside","1.1.1.1/32","any","ping","application-default","Allow","none","","any"
"4985","STD_IOT_TO_POS_771","Shared","standard","universal","iot","FILE-SRV-01","any","any","pos","DB-SRV-01","any","ping","application-default","Allow","strict","","any"
"4986","STD_IOT_TO_VOIP_636","Shared","none","universal","iot","WORKSTATIONS-FLOOR1","any","any","voip","WORKSTATIONS-FLOOR1","any","ssl","application-default","Allow","strict","","any"
"4987","OPEN_OUTSIDE_TO_CRITICAL-INFRA-G_40","Shared","legacy-open","universal","outside","any","any","any","mgmt","CRITICAL-INFRA-G","any","ldap","any","Allow","none","","any"
"4988","STD_VOIP_TO_MGMT_2138","Shared","app-team","universal","voip","WORKSTATIONS-FLOOR1","any","any","mgmt","WEB-SRV-01","any","mqtt","application-default","Allow","strict","","any"
"4989","STD_INSIDE_TO_POS_2119","Shared","app-team","universal","inside","DC-01","any","any","pos","API-GATEWAY-01","any","mqtt","application-default","Allow","strict","","any"
"4990","STD_DMZ_TO_VOIP_2941","Shared","app-team","universal","dmz","API-GATEWAY-01","any","any","voip","WEB-SRV-01","any","mqtt","application-default","Allow","none","","any"
"4991","STD_VOIP_TO_SERVER_3574","Shared","none","universal","voip","FILE-SRV-01","any","any","server","WEB-SRV-02","any","mqtt","application-default","Allow","strict","","any"
"4992","STD_IOT_TO_MGMT_3445","Shared","none","universal","iot","MGMT-JUMPBOX-01","any","any","mgmt","DC-01","any","sip","application-default","Allow","strict","","any"
"4993","STD_OUTSIDE_TO_AD_2561","Shared","none","universal","outside","any","any","any","ad","DC-01","any","smtp","application-default","Allow","strict","","any"
"4994","RISKY_OUTSIDE_TO_APP-SRV-02_96","Shared","remote-access","universal","outside","any","any","any","ad","APP-SRV-02","any","logmein","application-default","Allow","none","","any"
"4995","STD_SERVER_TO_OUTSIDE_624","Shared","standard","universal","server","WEB-SRV-01","any","any","outside","9.9.9.9/32","any","ssl","application-default","Allow","strict","","any"
"4996","STD_AD_TO_IOT_637","Shared","standard","universal","ad","WORKSTATIONS-FLOOR2","any","any","iot","WEB-SRV-02","any","ntp","application-default","Allow","strict","","any"
"4997","POS_TO_DC_57","Shared","ad-auth","universal","pos","WORKSTATIONS-FLOOR2","any","any","ad","DOMAIN-CONTROLLERS-G","any","ms-ds-smb","application-default","Allow","none","","any"
"4998","STD_SERVER_TO_OUTSIDE_1943","Shared","none","universal","server","WORKSTATIONS-FLOOR2","any","any","outside","8.8.8.8/32","any","smtp","application-default","Allow","strict","","any"
"4999","STD_DMZ_TO_VOIP_2711","Shared","standard","universal","dmz","API-GATEWAY-01","any","any","voip","APP-SRV-01","any","smtp","application-default","Allow","strict","","any"
"5000","STD_AD_TO_IOT_1324","Shared","none","universal","ad","APP-SRV-01","any","any","iot","API-GATEWAY-01","any","web-browsing","application-default","Allow","strict","","any"
